acq_date,grid_lat,grid_lon,frp_modis,count_modis,frp_viirs,count_viirs
2012-01-20,26.6,-81.4,29.200000000000003,2,62.63,7
2012-01-20,26.75,-81.8,5.2,1,93.97,6
2012-01-20,26.85,-81.7,53.0,4,32.120000000000005,5
2012-01-20,26.95,-80.2,18.5,2,16.57,3
2012-01-20,27.0,-80.25,8.4,1,17.67,5
2012-01-20,27.0,-80.15,17.2,1,8.92,3
2012-01-20,27.1,-81.65,58.3,2,109.58,8
2012-01-20,27.1,-81.25,609.7,6,98.85,9
2012-01-20,27.1,-81.2,72.3,1,172.39,12
2012-01-20,27.1,-80.65,5.2,1,3.29,1
2012-01-20,27.15,-82.1,31.4,2,4.6,1
2012-01-20,27.15,-82.05,32.8,2,29.5,4
2012-01-20,27.25,-81.8,5.0,1,1.14,1
2012-01-20,27.3,-80.55,7.2,1,5.1,1
2012-01-20,27.5,-81.3,87.6,4,115.06,8
2012-01-20,27.5,-81.2,20.8,1,429.5,3
2012-01-20,27.6,-81.05,191.10000000000002,4,30.509999999999998,5
2012-01-20,27.9,-82.15,55.0,2,9.67,2
2012-01-20,28.0,-80.95,65.7,1,260.87,2
2012-01-20,28.0,-80.9,81.1,1,129.76,1
2012-01-20,28.05,-81.15,18.1,2,14.39,3
2012-01-20,28.05,-80.95,333.7,6,813.78,34
2012-01-20,28.25,-81.8,14.3,2,2.01,1
2012-01-20,28.25,-80.8,12.4,1,21.049999999999997,3
2012-01-20,28.85,-82.25,44.8,2,23.73,2
2012-01-20,28.85,-82.2,18.3,1,81.95,7
2012-01-20,29.4,-82.05,380.8,6,147.05,7
2012-01-20,29.4,-82.0,326.6,2,110.31,3
2012-01-20,29.4,-81.85,157.7,3,7.98,2
2012-01-20,29.4,-81.8,7.5,1,11.21,2
2012-01-20,29.45,-82.8,35.8,2,54.739999999999995,6
2012-01-20,29.65,-82.9,4.4,1,1.98,1
2012-01-20,29.95,-82.35,133.4,4,88.42999999999999,6
2012-01-20,30.05,-82.65,7.0,1,2.4,1
2012-01-20,30.25,-82.4,336.7,7,368.39,17
2012-01-20,30.25,-82.35,20.8,1,10.52,2
2012-01-20,30.3,-82.4,92.1,1,31.21,2
2012-01-21,26.5,-80.75,7.2,1,1.6600000000000001,2
2012-01-21,26.55,-80.65,4.2,1,3.32,1
2012-01-21,27.05,-81.3,91.5,3,12.58,2
2012-01-21,27.5,-81.3,47.5,3,12.72,1
2012-01-21,27.75,-81.9,8.1,1,14.24,2
2012-01-23,26.85,-81.85,101.5,3,32.7,4
2012-01-23,27.05,-81.2,63.3,2,178.01000000000002,13
2012-01-23,27.05,-81.15,23.3,1,7.36,2
2012-01-23,27.6,-81.2,230.39999999999998,4,45.25,6
2012-01-23,29.4,-82.05,53.9,2,34.510000000000005,2
2012-01-23,29.4,-82.0,10.5,1,50.34,2
2012-01-23,30.35,-83.25,13.9,1,15.04,2
2012-01-24,26.4,-80.85,160.0,1,5.42,1
2012-01-24,26.45,-81.35,19.2,1,19.62,3
2012-01-24,26.85,-81.8,257.2,4,1190.3700000000001,13
2012-01-24,27.2,-81.8,37.8,2,34.3,1
2012-01-24,27.2,-81.75,15.7,1,78.62,1
2012-01-24,27.35,-81.75,12.2,1,9.02,1
2012-01-24,27.55,-82.0,63.599999999999994,2,21.049999999999997,2
2012-01-24,27.65,-82.05,20.6,1,7.279999999999999,2
2012-01-24,27.65,-82.0,9.7,1,12.3,1
2012-01-24,28.05,-81.15,11.7,1,0.44,1
2012-01-24,29.95,-83.05,9.0,1,5.73,1
2012-01-24,30.35,-83.25,10.0,1,8.75,1
2012-01-25,25.95,-81.5,42.9,2,17.56,1
2012-01-25,26.85,-81.75,26.0,1,5.29,1
2012-01-25,27.0,-81.25,58.0,2,31.06,4
2012-01-25,27.0,-81.15,107.1,4,34.13,3
2012-01-25,27.0,-80.3,18.299999999999997,2,4.46,1
2012-01-25,27.0,-80.25,17.5,1,3.76,2
2012-01-25,27.15,-80.65,7.2,1,3.03,1
2012-01-25,27.5,-81.35,12.1,1,9.78,1
2012-01-25,27.6,-81.2,523.6,3,233.93,15
2012-01-25,28.1,-80.75,18.799999999999997,2,1.97,1
2012-01-25,28.3,-82.1,19.5,1,8.629999999999999,2
2012-01-25,29.6,-81.4,27.3,1,10.6,2
2012-01-25,30.95,-85.4,15.3,1,2.94,1
2012-01-26,26.8,-81.85,207.0,3,22.82,1
2012-01-26,27.0,-81.25,64.6,2,159.87,6
2012-01-26,27.15,-80.65,8.6,1,9.38,2
2012-01-26,28.1,-81.25,13.6,1,17.12,2
2012-01-26,28.6,-80.7,140.5,2,274.13,12
2012-01-26,30.35,-82.4,45.0,3,143.67,9
2012-01-27,30.0,-83.0,13.5,2,9.1,2
2012-01-27,30.45,-82.65,22.3,2,39.9,6
2012-01-27,30.5,-85.05,8.3,1,5.5,1
2012-01-28,26.4,-81.3,109.9,2,113.26,3
2012-01-28,26.45,-81.05,13.7,2,10.52,2
2012-01-28,28.75,-82.1,3.9,1,5.38,2
2012-01-28,28.8,-82.3,15.1,1,5.52,1
2012-01-28,29.4,-82.0,30.1,2,208.3,6
2012-01-28,29.8,-83.0,34.6,2,40.61,3
2012-01-28,30.2,-82.05,58.5,2,28.11,4
2012-01-28,30.25,-85.15,15.1,1,31.080000000000002,3
2012-01-28,30.25,-82.8,20.6,2,12.9,2
2012-01-28,30.3,-83.15,4.9,1,3.91,1
2012-01-28,30.35,-84.65,146.9,6,740.51,33
2012-01-28,30.35,-83.3,118.8,4,51.0,4
2012-01-28,30.6,-82.0,18.5,2,57.28,2
2012-01-28,30.65,-86.65,13.2,1,60.34,1
2012-01-29,26.9,-81.8,22.7,2,14.5,3
2012-01-29,27.05,-81.5,10.1,1,2.49,1
2012-01-29,30.0,-82.8,45.2,3,9.23,1
2012-01-29,30.25,-85.75,26.6,1,7.49,1
2012-01-29,30.6,-86.35,61.3,1,77.5,9
2012-01-29,30.8,-87.0,17.2,1,3.63,1
2012-01-30,27.3,-81.65,46.6,1,18.799999999999997,2
2012-01-30,29.55,-83.1,13.2,1,2.74,1
2012-01-30,29.55,-81.75,170.0,3,240.35999999999999,6
2012-01-30,29.8,-83.4,12.9,1,8.95,2
2012-01-30,29.85,-84.75,183.6,2,22.310000000000002,4
2012-01-30,29.9,-84.75,73.7,2,35.57,5
2012-01-30,30.1,-83.3,39.3,3,2.86,1
2012-01-30,30.1,-82.8,8.7,1,5.68,2
2012-01-30,30.25,-82.8,41.7,3,4.09,1
2012-01-30,30.4,-82.3,15.1,1,3.86,1
2012-01-30,30.45,-82.3,17.8,1,3.37,1
2012-01-31,25.95,-81.4,56.6,1,61.410000000000004,4
2012-01-31,26.6,-80.85,75.2,2,66.54,2
2012-01-31,26.85,-81.75,80.6,2,22.89,5
2012-01-31,26.85,-81.7,19.9,1,17.799999999999997,4
2012-01-31,26.95,-81.25,15.7,1,22.330000000000002,5
2012-01-31,27.2,-81.85,59.2,1,13.32,1
2012-01-31,27.25,-81.8,76.3,1,35.97,1
2012-01-31,27.7,-81.3,24.6,1,5.57,1
2012-01-31,27.75,-82.05,41.6,2,21.36,3
2012-01-31,28.35,-82.15,40.5,2,36.91,6
2012-01-31,28.5,-80.7,84.30000000000001,2,45.730000000000004,3
2012-01-31,28.55,-80.7,131.8,2,39.72,4
2012-01-31,28.55,-80.65,76.5,2,32.68,2
2012-01-31,29.8,-84.85,8.1,1,3.97,1
2012-01-31,29.8,-83.0,57.8,3,4.05,1
2012-01-31,29.8,-82.0,28.6,1,36.9,5
2012-01-31,29.95,-81.7,21.1,2,16.61,4
2012-01-31,30.35,-83.25,15.1,1,40.92,3
2012-01-31,30.55,-83.3,171.6,6,62.730000000000004,5
2012-01-31,30.95,-86.05,5.4,1,2.65,1
2012-02-01,26.6,-81.5,9.6,1,19.8,1
2012-02-01,26.85,-82.2,9.9,1,10.74,1
2012-02-01,26.85,-81.75,26.3,1,8.11,1
2012-02-01,26.85,-81.7,51.4,2,47.28,7
2012-02-01,26.9,-81.9,33.4,2,124.29,4
2012-02-01,26.95,-81.85,23.1,2,11.61,2
2012-02-01,27.0,-81.85,20.2,1,3.03,1
2012-02-01,27.0,-81.15,53.099999999999994,2,40.02,6
2012-02-01,27.1,-81.3,80.4,2,35.39,4
2012-02-01,27.25,-81.55,44.4,1,60.24,2
2012-02-01,27.45,-81.65,9.1,1,5.01,1
2012-02-01,27.55,-82.0,12.2,1,10.33,2
2012-02-01,27.75,-82.1,13.0,1,56.940000000000005,3
2012-02-01,27.8,-80.55,13.9,1,9.14,1
2012-02-01,27.9,-81.05,12.9,1,22.96,4
2012-02-01,27.95,-81.1,11.4,1,2.8,1
2012-02-01,28.05,-81.65,10.1,1,3.97,1
2012-02-01,28.05,-81.0,59.699999999999996,2,84.3,3
2012-02-01,28.5,-80.9,23.5,1,55.45,7
2012-02-02,27.9,-81.05,24.2,1,21.94,3
2012-02-04,28.05,-81.6,8.0,1,6.97,1
2012-02-04,29.8,-83.0,10.3,2,15.15,2
2012-02-04,30.3,-83.25,6.8,1,3.43,1
2012-02-04,30.45,-83.55,48.1,1,4.76,1
2012-02-04,30.5,-83.55,13.0,1,8.8,2
2012-02-04,30.55,-83.35,14.4,2,5.1899999999999995,2
2012-02-04,30.6,-83.45,8.3,1,4.95,1
2012-02-06,29.6,-83.1,10.3,1,5.15,1
2012-02-06,29.8,-83.4,10.3,1,10.56,2
2012-02-08,26.3,-81.7,21.6,1,9.88,1
2012-02-08,27.7,-81.35,145.1,3,4.34,1
2012-02-08,28.35,-82.15,11.3,1,26.7,4
2012-02-08,28.6,-82.0,13.7,1,11.54,2
2012-02-08,29.8,-83.4,8.7,1,5.05,1
2012-02-08,29.8,-83.0,26.1,2,16.42,3
2012-02-08,29.85,-85.0,107.6,3,27.72,1
2012-02-08,29.95,-84.55,6.9,1,2.51,1
2012-02-08,30.0,-85.35,91.6,3,44.5,4
2012-02-08,30.0,-85.3,85.3,1,51.46,2
2012-02-08,30.0,-84.45,7.4,1,109.54,5
2012-02-08,30.1,-84.05,12.7,1,3.29,1
2012-02-08,30.15,-84.85,8.3,1,6.66,1
2012-02-08,30.15,-84.8,154.1,6,32.96,3
2012-02-08,30.2,-84.2,7.2,1,17.3,4
2012-02-08,30.3,-84.05,14.2,2,9.969999999999999,2
2012-02-08,30.35,-83.95,644.8,3,45.97,2
2012-02-08,30.35,-83.25,17.9,1,29.1,3
2012-02-08,30.35,-82.6,17.3,1,57.04,4
2012-02-08,30.4,-86.05,67.0,3,2.36,1
2012-02-08,30.4,-84.25,29.2,1,7.4,1
2012-02-08,30.45,-86.05,340.6,5,180.32,9
2012-02-08,30.45,-84.55,114.2,3,85.52000000000001,4
2012-02-08,30.45,-83.95,6.5,1,28.19,5
2012-02-08,30.45,-83.1,21.8,2,24.77,5
2012-02-08,30.45,-82.65,8.2,1,5.73,1
2012-02-08,30.45,-82.25,25.9,1,33.37,4
2012-02-08,30.5,-85.25,9.0,1,4.15,1
2012-02-08,30.5,-85.2,5.4,1,4.15,1
2012-02-08,30.6,-84.25,131.0,4,195.42000000000002,9
2012-02-08,30.65,-84.0,14.7,1,45.54,3
2012-02-08,30.7,-84.9,10.6,1,67.25999999999999,2
2012-02-08,30.7,-82.0,153.9,4,21.56,3
2012-02-08,30.8,-87.55,28.0,1,16.9,3
2012-02-08,30.9,-85.1,73.4,2,189.16,6
2012-02-09,30.6,-86.5,110.39999999999999,3,12.82,2
2012-02-10,30.35,-83.3,9.2,1,3.7600000000000002,2
2012-02-12,26.55,-81.4,17.8,1,37.55,1
2012-02-12,26.95,-80.5,9.7,1,23.75,1
2012-02-12,30.2,-84.75,235.10000000000002,4,97.38,4
2012-02-12,30.2,-84.3,14.6,1,11.4,4
2012-02-12,30.35,-84.65,12.3,1,4.92,1
2012-02-12,30.35,-84.6,16.2,1,28.48,8
2012-02-13,26.8,-81.6,4.8,1,8.74,1
2012-02-13,26.9,-81.8,4.6,1,9.31,1
2012-02-13,27.4,-81.85,22.700000000000003,2,27.8,4
2012-02-13,27.4,-81.8,15.6,1,8.06,1
2012-02-13,27.75,-81.85,5.9,1,19.24,2
2012-02-13,27.9,-81.85,18.7,2,6.56,1
2012-02-13,28.05,-80.95,6.7,1,3.77,1
2012-02-13,28.65,-81.8,19.5,2,14.11,2
2012-02-13,30.1,-85.35,75.6,3,2.42,1
2012-02-13,30.85,-86.9,56.9,2,43.35,5
2012-02-13,30.85,-86.8,353.79999999999995,3,373.38,11
2012-02-14,26.3,-81.7,236.9,4,136.04,4
2012-02-14,26.45,-80.85,21.2,1,21.97,2
2012-02-14,26.9,-81.8,20.9,1,11.14,2
2012-02-14,27.0,-81.6,63.3,1,7.6,2
2012-02-14,27.15,-80.6,8.0,1,24.35,1
2012-02-14,27.2,-82.45,145.3,2,91.35,6
2012-02-14,27.5,-81.95,23.4,1,56.88,4
2012-02-14,27.5,-81.35,17.6,1,132.29000000000002,3
2012-02-14,27.5,-81.3,64.3,1,223.82,6
2012-02-14,27.65,-82.05,179.89999999999998,3,46.54,2
2012-02-14,27.65,-82.0,93.1,2,152.79,8
2012-02-14,27.65,-81.4,169.1,1,12.78,1
2012-02-14,27.65,-81.35,31.8,1,86.55,4
2012-02-14,27.75,-81.85,16.0,1,13.36,2
2012-02-14,27.9,-81.05,634.2,8,337.61,10
2012-02-14,28.75,-81.55,9.5,1,12.03,1
2012-02-15,26.3,-81.7,29.4,3,12.830000000000002,5
2012-02-15,26.55,-80.3,24.2,1,6.15,2
2012-02-15,26.8,-81.85,18.4,1,6.57,1
2012-02-15,26.8,-81.7,20.9,1,32.34,3
2012-02-15,26.95,-82.35,7.8,1,63.35,7
2012-02-15,27.05,-81.1,47.2,2,24.64,3
2012-02-15,27.15,-82.45,50.7,2,177.37,10
2012-02-15,27.15,-82.35,542.9,2,331.21999999999997,16
2012-02-15,27.15,-81.45,17.8,1,19.369999999999997,3
2012-02-15,27.35,-81.85,29.7,2,21.67,3
2012-02-15,27.75,-81.05,79.2,2,3.77,1
2012-02-15,27.8,-81.2,299.5,2,26.849999999999998,2
2012-02-15,27.8,-81.15,709.4,3,50.37,3
2012-02-15,28.65,-82.55,30.2,1,19.56,1
2012-02-16,26.45,-80.85,39.0,1,63.04,10
2012-02-16,27.15,-81.7,114.7,4,1002.81,15
2012-02-16,27.2,-81.6,249.50000000000003,3,81.06,5
2012-02-16,27.2,-81.55,106.5,1,70.63,4
2012-02-16,27.6,-81.3,132.6,4,15.95,3
2012-02-16,27.65,-80.85,32.2,2,23.02,4
2012-02-16,27.9,-81.1,147.9,3,77.38,5
2012-02-16,27.9,-81.05,83.1,1,60.09,4
2012-02-17,26.45,-80.9,193.4,4,10.58,2
2012-02-17,28.0,-80.95,196.5,3,99.36,9
2012-02-20,26.6,-81.4,8.0,1,128.42,2
2012-02-20,26.9,-81.9,154.1,3,182.93,13
2012-02-20,27.2,-80.65,28.5,1,35.85,1
2012-02-20,27.55,-82.25,4.7,1,4.86,1
2012-02-20,28.3,-82.4,6.8,1,16.14,3
2012-02-20,28.6,-81.55,4.5,1,1.24,1
2012-02-20,29.7,-82.9,294.70000000000005,5,122.63,5
2012-02-20,29.85,-82.05,96.9,1,62.36,6
2012-02-20,30.35,-83.25,56.400000000000006,2,10.56,2
2012-02-20,30.45,-83.15,27.3,3,56.809999999999995,7
2012-02-20,30.55,-83.3,362.8,6,61.69,4
2012-02-20,30.6,-86.6,146.0,2,31.400000000000002,5
2012-02-21,26.0,-81.6,137.7,3,98.23,7
2012-02-21,26.35,-80.9,131.9,5,36.58,3
2012-02-21,27.05,-81.65,58.0,1,27.47,5
2012-02-21,27.05,-81.3,37.0,3,24.580000000000002,3
2012-02-21,27.2,-81.45,39.3,2,54.089999999999996,5
2012-02-21,27.25,-82.3,9.4,1,262.26,5
2012-02-21,27.3,-81.85,15.8,1,123.57000000000001,2
2012-02-21,27.35,-81.85,118.7,4,154.94,5
2012-02-21,27.5,-81.15,18.4,1,36.54,5
2012-02-21,27.6,-81.05,40.599999999999994,2,170.41,11
2012-02-21,27.6,-81.0,83.9,2,206.84,13
2012-02-21,27.65,-81.7,74.5,2,191.8,5
2012-02-22,26.7,-81.35,23.1,1,6.34,2
2012-02-22,26.8,-81.95,17.3,1,224.22,7
2012-02-22,26.85,-81.65,11.899999999999999,2,7.46,2
2012-02-22,26.9,-81.45,7.6,2,4.26,1
2012-02-22,27.05,-81.3,117.2,2,41.89,5
2012-02-22,27.3,-81.9,36.2,2,10.04,1
2012-02-22,28.0,-80.95,252.10000000000002,5,46.05,4
2012-02-23,26.7,-81.55,85.7,2,56.22,2
2012-02-23,26.8,-81.95,48.6,2,2.32,1
2012-02-23,26.85,-81.7,17.5,1,9.96,2
2012-02-23,27.15,-81.45,18.5,1,16.130000000000003,2
2012-02-23,27.3,-82.0,28.3,1,23.21,5
2012-02-23,27.3,-81.95,29.6,1,21.33,4
2012-02-23,27.3,-81.75,36.6,2,22.71,4
2012-02-23,27.35,-81.6,115.4,3,26.79,4
2012-02-23,27.45,-82.4,13.9,1,14.66,2
2012-02-23,27.6,-81.75,76.8,1,17.53,2
2012-02-23,27.6,-81.7,54.0,1,42.39,6
2012-02-23,27.65,-81.7,45.4,1,68.17,9
2012-02-23,28.55,-80.95,123.7,3,24.66,3
2012-02-24,26.3,-81.0,24.0,1,8.52,2
2012-02-24,26.85,-81.65,221.20000000000002,6,85.49,8
2012-02-24,26.85,-81.6,27.8,1,101.71,9
2012-02-24,27.1,-81.9,66.4,2,26.5,1
2012-02-24,27.9,-81.85,11.8,1,1.85,1
2012-02-28,26.85,-80.4,11.1,1,9.45,1
2012-02-28,27.0,-80.25,10.4,1,14.790000000000001,2
2012-02-28,27.15,-82.25,255.29999999999998,4,187.23,4
2012-02-28,27.3,-81.95,12.9,1,15.200000000000001,2
2012-02-28,27.4,-80.45,24.900000000000002,2,17.25,2
2012-02-28,27.55,-82.0,8.6,1,17.04,2
2012-02-28,27.55,-80.95,17.9,2,32.99,6
2012-02-28,28.6,-81.55,7.9,1,1.9,1
2012-02-29,27.1,-81.45,8.4,1,4.92,1
2012-02-29,27.15,-81.5,98.6,3,16.65,2
2012-02-29,27.3,-81.95,105.4,2,3.02,1
2012-02-29,27.65,-81.35,8.6,1,235.11,11
2012-02-29,27.8,-80.55,4.8,1,7.31,2
2012-02-29,27.85,-81.15,9.6,1,8.99,3
2012-02-29,27.9,-81.8,5.0,1,5.48,2
2012-02-29,28.45,-80.6,7.2,1,3.29,1
2012-02-29,28.8,-81.6,11.0,1,4.27,1
2012-02-29,28.85,-80.9,5.6,1,3.05,1
2012-02-29,30.05,-82.75,4.2,1,6.87,1
2012-02-29,30.4,-86.8,34.6,1,6.47,1
2012-03-01,26.0,-81.6,40.8,1,114.67,11
2012-03-01,26.35,-81.7,107.9,1,5.4,1
2012-03-01,26.85,-81.95,72.7,3,17.15,3
2012-03-01,26.85,-81.6,8.6,1,7.67,2
2012-03-01,26.9,-81.85,10.0,1,42.58,4
2012-03-01,27.1,-81.45,78.4,2,67.0,4
2012-03-01,27.15,-82.45,162.2,3,76.19,7
2012-03-01,27.15,-81.45,18.8,1,11.52,2
2012-03-01,27.2,-82.05,259.1,2,8.53,1
2012-03-01,27.4,-80.45,21.8,2,29.060000000000002,4
2012-03-01,27.6,-81.7,15.2,1,8.870000000000001,3
2012-03-01,27.6,-81.35,179.7,2,62.18000000000001,2
2012-03-01,27.65,-81.7,13.8,1,7.6000000000000005,2
2012-03-01,27.75,-80.9,29.1,1,73.22999999999999,5
2012-03-01,28.0,-80.95,7.5,1,29.48,2
2012-03-01,28.9,-82.25,7.3,1,3.91,1
2012-03-01,29.2,-81.95,21.1,1,4.6,1
2012-03-02,27.3,-81.25,480.6,2,22.86,4
2012-03-02,27.75,-81.85,37.5,2,10.309999999999999,2
2012-03-02,30.15,-82.0,70.0,2,18.06,3
2012-03-03,28.4,-82.05,119.4,2,17.17,2
2012-03-04,26.6,-80.65,35.9,1,18.97,2
2012-03-04,26.8,-80.7,17.9,1,23.48,3
2012-03-04,28.95,-81.25,27.2,2,2.05,1
2012-03-05,26.85,-81.6,11.6,1,37.76,8
2012-03-05,27.0,-80.25,17.7,1,12.12,2
2012-03-05,27.3,-81.95,148.60000000000002,2,342.71000000000004,6
2012-03-05,27.65,-80.85,10.3,1,3.16,1
2012-03-05,27.7,-81.35,83.2,2,42.18,5
2012-03-05,27.75,-81.65,19.700000000000003,2,3.95,1
2012-03-05,27.9,-81.85,13.6,1,2.98,1
2012-03-05,29.7,-82.9,5.5,1,5.74,2
2012-03-05,30.1,-84.35,6.8,1,20.740000000000002,3
2012-03-05,30.5,-87.45,28.9,1,6.51,1
2012-03-05,30.6,-85.9,5.5,1,4.57,2
2012-03-05,30.9,-86.7,387.3,3,176.17000000000002,9
2012-03-06,25.6,-80.8,34.5,1,1.1,1
2012-03-06,25.6,-80.75,14.7,1,1.48,3
2012-03-06,25.65,-80.75,93.4,4,2.08,3
2012-03-06,25.65,-80.7,7.1,1,2.12,4
2012-03-06,29.8,-83.4,6.5,1,7.8100000000000005,2
2012-03-06,29.8,-83.0,24.2,2,7.51,1
2012-03-06,30.15,-84.3,19.0,1,11.49,3
2012-03-06,30.2,-84.3,25.799999999999997,2,1.65,1
2012-03-06,30.2,-84.0,39.5,3,14.13,3
2012-03-06,30.3,-83.9,68.6,2,20.59,3
2012-03-06,30.45,-84.55,48.0,1,3.78,1
2012-03-06,30.55,-85.05,30.7,2,46.010000000000005,3
2012-03-06,30.55,-84.65,12.3,1,5.909999999999999,2
2012-03-06,30.55,-84.6,11.3,1,23.939999999999998,3
2012-03-06,30.55,-83.7,8.2,1,3.07,1
2012-03-06,30.6,-86.4,13.9,1,20.07,2
2012-03-06,30.6,-84.4,16.2,1,17.39,3
2012-03-06,30.6,-84.35,29.5,2,15.15,3
2012-03-06,30.6,-84.05,19.3,2,11.41,2
2012-03-06,30.6,-83.9,4.2,1,11.45,2
2012-03-06,30.6,-83.8,28.6,2,25.96,4
2012-03-06,30.6,-83.75,14.4,1,5.93,1
2012-03-06,30.65,-85.3,20.4,2,2.48,1
2012-03-06,30.65,-84.15,5.0,1,23.03,6
2012-03-06,30.75,-85.9,5.2,1,11.08,2
2012-03-06,30.8,-85.2,14.5,2,11.27,3
2012-03-06,30.85,-86.25,17.799999999999997,2,55.05,5
2012-03-06,30.9,-86.9,189.2,3,76.06,2
2012-03-06,30.9,-86.85,75.4,2,76.06,2
2012-03-07,29.75,-83.0,5.0,1,4.02,2
2012-03-07,30.5,-83.35,8.0,1,5.04,2
2012-03-07,30.6,-84.35,12.1,1,10.02,2
2012-03-07,30.95,-85.3,8.0,1,7.54,2
2012-03-08,26.0,-81.3,17.3,1,4.47,1
2012-03-08,27.5,-81.95,19.5,1,19.71,3
2012-03-08,27.7,-81.3,7.6,1,2.52,1
2012-03-08,28.35,-82.45,54.0,2,4.59,1
2012-03-08,28.45,-80.85,145.2,2,4.32,1
2012-03-08,29.7,-83.45,141.0,1,22.63,5
2012-03-08,29.75,-82.75,39.8,2,13.72,2
2012-03-08,29.85,-84.75,111.7,4,370.33,13
2012-03-08,30.1,-84.35,53.7,3,57.51,10
2012-03-08,30.2,-85.3,76.8,2,13.43,2
2012-03-08,30.3,-83.3,52.4,2,14.86,2
2012-03-08,30.35,-85.85,30.3,1,3.64,1
2012-03-08,30.35,-84.5,233.39999999999998,4,127.02,16
2012-03-08,30.35,-83.95,33.6,1,116.37,12
2012-03-08,30.55,-84.2,9.5,1,10.21,4
2012-03-08,30.55,-84.15,19.8,1,107.84,9
2012-03-08,30.6,-84.35,13.8,1,9.05,2
2012-03-08,30.6,-84.15,108.6,2,112.36999999999999,15
2012-03-08,30.6,-83.8,73.4,3,52.59,2
2012-03-08,30.9,-85.6,31.2,1,4.95,1
2012-03-08,30.9,-85.55,30.8,1,30.97,3
2012-03-09,28.1,-81.75,20.4,1,4.42,1
2012-03-10,26.65,-80.75,13.7,1,12.21,2
2012-03-10,29.8,-83.4,153.9,1,46.78,5
2012-03-10,30.6,-86.15,28.9,2,7.37,2
2012-03-10,30.95,-86.5,9.5,1,5.02,1
2012-03-12,26.85,-81.85,60.5,2,74.85,2
2012-03-12,27.3,-82.0,22.299999999999997,2,41.43,4
2012-03-12,27.5,-81.95,108.4,1,177.47,3
2012-03-13,26.6,-81.35,76.6,3,83.75,3
2012-03-13,26.7,-81.2,219.0,6,153.41,10
2012-03-13,26.75,-81.65,25.7,2,22.95,5
2012-03-13,26.85,-80.35,28.9,1,8.62,1
2012-03-13,27.2,-82.3,37.2,2,23.08,2
2012-03-13,27.5,-82.0,58.3,2,38.1,5
2012-03-13,29.4,-82.0,425.4,6,46.36,4
2012-03-13,29.55,-82.75,12.9,1,9.34,2
2012-03-13,29.9,-84.75,35.3,2,7.119999999999999,2
2012-03-13,29.9,-83.0,22.200000000000003,2,21.630000000000003,3
2012-03-13,30.6,-84.15,80.8,3,32.17,6
2012-03-14,27.15,-81.3,37.2,1,7.96,1
2012-03-14,27.65,-81.0,90.4,1,165.56,8
2012-03-14,27.8,-81.15,188.1,2,77.59,8
2012-03-14,28.6,-81.55,5.6,1,0.36,1
2012-03-14,28.65,-81.1,137.4,1,5.18,2
2012-03-14,28.65,-81.05,137.5,1,5.18,2
2012-03-14,30.0,-84.8,11.4,1,22.41,3
2012-03-14,30.1,-83.15,32.3,1,20.65,1
2012-03-14,30.15,-83.15,86.8,3,15.649999999999999,2
2012-03-14,30.35,-83.9,67.0,1,78.19,10
2012-03-14,30.6,-84.05,6.8,1,7.0,1
2012-03-14,30.6,-84.0,7.2,1,9.94,1
2012-03-15,25.85,-81.2,53.9,1,32.69,5
2012-03-15,26.95,-80.55,15.4,1,25.2,3
2012-03-15,27.65,-80.95,229.8,2,136.0,4
2012-03-15,27.8,-81.5,17.5,2,25.05,3
2012-03-15,27.8,-81.15,47.8,2,19.47,4
2012-03-15,27.85,-80.95,5.7,1,8.14,2
2012-03-15,28.1,-80.75,8.3,1,3.38,1
2012-03-15,28.9,-82.65,10.0,1,13.57,1
2012-03-15,28.95,-81.15,35.099999999999994,3,18.53,2
2012-03-15,29.0,-82.45,22.5,1,19.02,2
2012-03-15,29.45,-83.05,8.5,1,5.23,1
2012-03-15,29.6,-83.4,441.29999999999995,3,22.93,3
2012-03-15,29.7,-82.7,15.7,1,14.120000000000001,2
2012-03-15,29.95,-82.85,42.0,1,35.08,2
2012-03-15,30.0,-84.9,179.20000000000002,3,51.47,6
2012-03-15,30.0,-82.85,25.5,1,57.09,3
2012-03-15,30.05,-83.3,26.9,1,37.39,4
2012-03-15,30.3,-83.25,15.8,1,35.94,5
2012-03-15,30.4,-82.8,10.6,1,9.09,1
2012-03-15,30.45,-82.65,28.2,2,22.95,2
2012-03-15,30.5,-83.45,14.8,2,9.42,2
2012-03-15,30.95,-86.2,10.2,1,15.3,1
2012-03-16,28.45,-80.6,6.6,1,5.04,1
2012-03-16,28.6,-82.6,47.2,1,3.91,1
2012-03-16,28.6,-81.55,8.4,1,2.45,1
2012-03-16,29.9,-83.0,49.0,1,16.16,2
2012-03-16,30.0,-82.85,29.4,2,12.04,1
2012-03-16,30.05,-83.3,29.0,1,20.12,2
2012-03-16,30.4,-83.95,6.0,1,4.42,1
2012-03-16,30.45,-86.1,20.0,2,12.72,1
2012-03-16,30.55,-84.05,127.4,3,53.47,8
2012-03-16,30.55,-84.0,22.3,2,6.2,2
2012-03-16,30.6,-86.55,45.4,1,5.5,1
2012-03-16,30.6,-84.0,6.2,1,20.21,3
2012-03-16,30.65,-84.85,82.10000000000001,3,57.07,5
2012-03-16,30.65,-84.15,10.5,1,10.81,1
2012-03-16,30.75,-85.4,10.1,1,23.12,2
2012-03-16,30.8,-85.65,9.3,1,15.25,2
2012-03-16,30.9,-86.85,40.0,1,6.14,1
2012-03-17,27.0,-80.15,304.6,2,82.65,2
2012-03-17,27.3,-81.55,14.0,1,2.33,1
2012-03-17,27.65,-81.7,32.5,2,8.2,2
2012-03-17,27.65,-81.65,97.0,3,39.019999999999996,6
2012-03-17,27.8,-80.55,42.4,3,103.34,7
2012-03-17,28.6,-82.6,60.3,2,107.73,6
2012-03-17,29.9,-83.0,20.2,1,11.030000000000001,3
2012-03-17,30.25,-84.15,12.6,1,4.74,2
2012-03-17,30.4,-83.2,134.4,2,50.56,4
2012-03-17,30.45,-85.1,20.5,1,15.0,1
2012-03-17,30.5,-84.05,38.0,1,41.32,7
2012-03-17,30.6,-86.55,26.3,1,2.68,1
2012-03-17,30.6,-84.0,24.5,1,13.91,3
2012-03-17,30.6,-83.95,34.4,1,10.14,2
2012-03-17,30.8,-85.1,9.2,1,8.58,2
2012-03-17,30.85,-86.15,13.8,1,6.53,1
2012-03-17,30.9,-87.25,44.7,3,3.66,1
2012-03-17,30.9,-86.65,24.8,2,4.86,2
2012-03-17,30.9,-86.45,43.8,3,35.07,2
2012-03-17,30.95,-86.55,9.0,1,6.89,1
2012-03-18,29.7,-82.9,23.9,1,29.66,4
2012-03-18,30.25,-84.15,5.2,1,0.66,1
2012-03-18,30.4,-83.2,66.7,3,30.57,6
2012-03-18,30.55,-86.65,42.0,4,61.43000000000001,4
2012-03-18,30.6,-86.65,16.0,1,17.7,3
2012-03-18,30.75,-87.05,38.1,2,4.18,1
2012-03-19,27.1,-81.45,189.9,3,36.49,6
2012-03-19,27.2,-80.65,158.6,2,129.03,11
2012-03-19,27.35,-81.95,475.4,8,738.34,10
2012-03-19,27.65,-80.95,31.2,2,40.48,5
2012-03-19,27.8,-81.5,158.3,3,44.44,4
2012-03-19,27.8,-80.55,28.3,2,27.25,3
2012-03-19,29.45,-82.0,284.7,2,16.1,6
2012-03-19,29.65,-82.85,19.3,1,7.88,2
2012-03-19,30.0,-82.85,109.9,3,84.13,11
2012-03-19,30.05,-83.3,28.8,1,7.08,2
2012-03-19,30.1,-83.3,15.6,1,6.33,1
2012-03-19,30.15,-82.85,60.9,2,29.23,5
2012-03-19,30.3,-83.35,22.2,1,23.06,2
2012-03-19,30.4,-84.0,38.0,2,237.51,11
2012-03-19,30.4,-82.25,14.2,1,8.59,2
2012-03-19,30.5,-84.05,14.9,1,36.65,4
2012-03-19,30.55,-84.1,36.3,2,43.1,3
2012-03-19,30.6,-84.05,103.5,4,22.33,3
2012-03-19,30.9,-86.85,209.5,3,6.01,1
2012-03-20,26.75,-80.7,150.8,3,13.84,3
2012-03-20,27.0,-80.2,34.1,1,28.72,3
2012-03-20,27.2,-80.65,18.9,1,3.8899999999999997,3
2012-03-20,27.65,-80.95,149.9,4,128.17000000000002,8
2012-03-20,29.85,-84.75,7.4,1,5.85,2
2012-03-20,29.9,-84.75,182.2,5,81.68,4
2012-03-20,30.3,-83.25,52.6,1,5.99,1
2012-03-20,30.35,-83.25,99.2,3,25.93,3
2012-03-20,30.4,-84.0,35.1,1,17.72,2
2012-03-20,30.45,-83.3,30.5,1,9.58,2
2012-03-20,30.5,-84.05,75.1,1,24.61,2
2012-03-20,30.55,-86.65,85.5,2,58.16,4
2012-03-20,30.55,-84.85,10.9,1,5.76,1
2012-03-20,30.55,-84.0,17.1,1,2.03,1
2012-03-20,30.55,-83.85,75.69999999999999,2,40.19,4
2012-03-20,30.6,-86.65,15.2,1,36.0,4
2012-03-20,30.6,-84.2,50.099999999999994,2,80.03999999999999,7
2012-03-20,30.6,-83.8,15.9,1,35.38,1
2012-03-20,30.8,-85.0,27.3,1,34.120000000000005,5
2012-03-21,29.15,-81.9,9.2,1,12.719999999999999,6
2012-03-21,30.2,-84.3,7.8,1,21.490000000000002,6
2012-03-21,30.4,-84.05,40.9,1,4.83,1
2012-03-21,30.45,-84.4,10.9,1,17.06,3
2012-03-21,30.8,-85.4,7.5,1,33.03,4
2012-03-22,26.9,-80.45,62.900000000000006,3,13.29,2
2012-03-22,27.55,-81.0,180.1,2,40.03,1
2012-03-22,28.35,-82.1,107.5,2,25.97,2
2012-03-22,28.6,-81.0,1938.7,4,19.67,4
2012-03-22,28.65,-81.0,193.2,2,53.0,4
2012-03-22,30.65,-84.25,12.8,1,10.83,2
2012-03-23,27.0,-80.2,33.9,2,114.52,2
2012-03-23,27.8,-81.1,24.5,2,12.29,1
2012-03-23,27.85,-81.2,36.4,1,7.78,1
2012-03-23,30.45,-81.95,8.5,1,16.439999999999998,2
2012-03-26,26.9,-81.85,594.5,7,45.24,4
2012-03-26,26.9,-81.8,146.4,3,122.85,7
2012-03-26,27.0,-80.25,57.900000000000006,3,5.91,1
2012-03-26,27.1,-80.4,15.0,1,13.87,1
2012-03-26,27.35,-81.45,14.0,1,7.09,1
2012-03-26,27.7,-81.35,469.0,6,75.16,3
2012-03-26,27.8,-81.0,18.4,1,32.14,5
2012-03-26,28.15,-81.95,49.900000000000006,3,24.39,1
2012-03-26,28.45,-81.0,205.1,5,21.04,2
2012-03-26,29.65,-82.85,234.5,5,66.93,3
2012-03-26,29.95,-85.4,73.4,2,146.18,6
2012-03-26,29.95,-82.7,9.5,1,12.33,4
2012-03-26,30.3,-84.5,243.2,4,125.18,9
2012-03-26,30.3,-84.45,36.5,1,14.790000000000001,3
2012-03-26,30.3,-83.25,19.7,1,94.14,5
2012-03-26,30.35,-84.5,953.6,12,213.36,19
2012-03-26,30.35,-84.0,204.7,2,32.69,4
2012-03-26,30.35,-83.85,52.1,3,19.66,2
2012-03-26,30.35,-83.25,17.6,1,29.45,2
2012-03-26,30.45,-83.5,31.1,2,14.04,3
2012-03-26,30.45,-82.7,9.3,1,2.7,1
2012-03-26,30.45,-82.65,11.4,1,5.98,1
2012-03-26,30.55,-84.45,36.3,2,5.05,1
2012-03-26,30.6,-85.7,13.4,1,4.54,1
2012-03-26,30.6,-85.65,14.8,1,4.54,1
2012-03-26,30.6,-84.2,134.9,3,158.35,30
2012-03-26,30.6,-84.15,18.9,1,3.36,1
2012-03-26,30.6,-83.85,19.7,1,4.09,1
2012-03-26,30.6,-83.8,99.8,2,9.899999999999999,3
2012-03-26,30.65,-86.5,71.6,2,85.52000000000001,6
2012-03-26,30.65,-85.55,39.0,3,35.26,9
2012-03-26,30.65,-85.45,7.7,1,27.18,1
2012-03-26,30.65,-84.25,66.6,2,6.74,1
2012-03-26,30.65,-84.1,39.5,2,19.36,4
2012-03-26,30.65,-83.95,40.5,2,19.279999999999998,5
2012-03-26,30.85,-86.6,44.1,3,45.58,4
2012-03-26,30.85,-85.2,10.8,1,11.16,2
2012-03-26,30.9,-86.85,64.5,2,90.59,4
2012-03-27,27.7,-81.25,334.7,2,160.64000000000001,10
2012-03-27,27.8,-80.5,18.2,1,49.4,4
2012-03-27,27.85,-81.0,19.1,1,52.800000000000004,4
2012-03-27,29.5,-83.4,44.1,1,16.83,1
2012-03-27,29.8,-81.95,20.0,1,45.36,1
2012-03-27,30.35,-84.5,221.0,9,86.94,40
2012-03-27,30.35,-84.45,57.8,3,42.18,21
2012-03-27,30.35,-82.9,19.7,1,14.66,1
2012-03-27,30.5,-83.5,35.1,2,17.27,3
2012-03-27,30.55,-85.75,65.4,4,20.81,2
2012-03-27,30.55,-84.15,18.6,1,6.16,1
2012-03-27,30.6,-84.05,35.6,2,46.63,8
2012-03-27,30.6,-83.85,18.4,1,8.57,1
2012-03-27,30.6,-83.7,25.9,1,76.71,6
2012-03-27,30.65,-83.85,27.3,1,35.32,2
2012-03-27,30.9,-86.85,6.7,1,56.08,6
2012-03-27,30.9,-86.6,37.3,2,24.86,3
2012-03-27,30.95,-86.85,15.7,2,26.76,5
2012-03-28,26.25,-80.85,402.5,1,83.62,2
2012-03-28,26.3,-80.9,422.5,4,6.87,1
2012-03-28,26.3,-80.85,424.0,1,77.33,3
2012-03-28,26.55,-81.4,74.6,2,154.62,4
2012-03-28,27.85,-81.1,33.3,1,19.55,4
2012-03-28,28.35,-80.9,83.0,3,44.01,5
2012-03-28,29.65,-82.05,21.3,1,15.93,1
2012-03-28,29.7,-82.9,15.3,1,10.18,2
2012-03-28,29.7,-82.7,97.2,2,77.32,4
2012-03-28,30.15,-82.85,86.1,4,33.72,3
2012-03-28,30.35,-83.85,24.1,1,11.19,2
2012-03-28,30.55,-84.2,91.0,3,62.0,7
2012-03-28,30.8,-86.95,13.0,1,12.02,2
2012-03-28,30.9,-86.85,663.7,8,80.88,12
2012-03-28,30.95,-85.45,22.4,2,5.52,1
2012-03-29,27.0,-80.2,40.0,1,87.06,5
2012-03-29,30.05,-83.15,8.3,1,1.02,2
2012-03-29,30.75,-85.0,67.6,1,9.33,1
2012-03-30,26.3,-80.95,27.7,1,36.86,2
2012-04-02,26.9,-81.8,26.3,1,35.650000000000006,3
2012-04-02,27.1,-81.35,75.4,2,46.38,2
2012-04-02,27.65,-80.85,9.5,1,6.29,1
2012-04-02,27.85,-80.95,8.9,1,10.82,1
2012-04-02,28.45,-81.0,2184.2,7,96.33,5
2012-04-02,30.35,-83.25,42.5,2,13.6,2
2012-04-02,30.4,-83.9,177.5,3,95.39999999999999,6
2012-04-02,30.4,-83.85,21.0,1,12.33,2
2012-04-02,30.45,-83.5,35.2,1,14.73,2
2012-04-02,30.5,-83.7,17.2,1,8.98,2
2012-04-02,30.6,-84.05,14.8,1,4.57,1
2012-04-02,30.9,-86.85,160.3,5,65.64999999999999,7
2012-04-03,27.0,-80.25,26.9,2,54.59,4
2012-04-03,27.15,-82.35,41.0,1,91.03,4
2012-04-03,27.15,-82.3,71.0,2,280.65,17
2012-04-03,27.15,-81.5,112.3,3,19.7,3
2012-04-03,27.2,-82.3,80.1,3,8.84,2
2012-04-03,27.4,-81.8,12.2,1,6.64,1
2012-04-03,29.85,-82.95,51.8,2,69.21,6
2012-04-03,30.4,-84.05,13.3,1,4.93,1
2012-04-03,30.55,-84.1,30.9,2,4.7,1
2012-04-04,27.15,-81.5,528.5,3,130.05,8
2012-04-04,27.65,-81.4,53.5,1,32.43,4
2012-04-04,28.35,-82.1,213.20000000000002,4,402.56,18
2012-04-04,28.95,-81.15,37.7,2,303.95,3
2012-04-04,29.65,-82.85,20.8,1,3.6,1
2012-04-04,29.85,-82.95,57.8,2,6.13,1
2012-04-04,30.15,-81.95,117.9,4,75.19999999999999,4
2012-04-05,26.15,-81.5,197.3,7,113.83000000000001,8
2012-04-05,26.9,-81.35,9.7,1,12.129999999999999,2
2012-04-05,27.45,-81.3,58.3,1,108.0,2
2012-04-06,26.6,-81.0,94.1,2,10.850000000000001,2
2012-04-06,26.95,-81.15,120.5,3,84.4,10
2012-04-06,27.45,-81.0,47.7,1,84.9,3
2012-04-06,27.5,-81.0,103.5,1,114.03,4
2012-04-06,28.3,-82.4,11.1,1,3.12,1
2012-04-06,30.45,-86.8,4.8,1,18.8,1
2012-04-06,30.5,-82.5,1204.3,7,9.3,7
2012-04-07,27.5,-80.45,31.900000000000002,2,4.9,1
2012-04-07,29.85,-81.7,56.300000000000004,2,25.310000000000002,2
2012-04-07,30.45,-82.5,258.4,4,172.10000000000002,20
2012-04-07,30.5,-82.55,32.7,1,1230.19,15
2012-04-07,30.5,-82.5,14923.7,52,4384.59,155
2012-04-07,30.5,-82.45,2198.7000000000003,9,58.78,3
2012-04-07,30.55,-86.7,43.4,1,9.75,1
2012-04-07,30.55,-86.65,87.4,2,2.43,1
2012-04-07,30.95,-86.85,160.1,4,54.04,5
2012-04-08,26.65,-81.25,32.5,1,78.24,1
2012-04-08,26.65,-81.2,76.5,1,30.48,1
2012-04-08,28.55,-81.85,16.1,1,288.39,4
2012-04-08,30.4,-82.35,6.9,1,28.73,1
2012-04-08,30.5,-82.6,151.7,3,46.93,8
2012-04-08,30.5,-82.55,2381.3,11,702.34,66
2012-04-08,30.5,-82.5,2578.4,29,1575.52,161
2012-04-08,30.5,-82.45,140.6,3,289.69,6
2012-04-08,30.55,-86.65,58.2,2,54.51,6
2012-04-08,30.55,-82.6,1127.4,2,32.59,6
2012-04-08,30.55,-82.55,3076.6,7,446.96000000000004,30
2012-04-08,30.55,-82.5,2238.3,9,189.39,17
2012-04-09,26.9,-81.15,25.5,1,39.45,4
2012-04-09,28.55,-81.85,21.7,1,8.98,4
2012-04-09,30.2,-83.0,21.299999999999997,2,5.44,1
2012-04-09,30.3,-84.3,12.8,1,5.85,1
2012-04-09,30.3,-83.6,7.0,1,3.1,1
2012-04-09,30.35,-83.25,83.6,2,194.01,8
2012-04-09,30.4,-84.0,14.0,1,7.109999999999999,2
2012-04-09,30.4,-83.2,43.5,2,4.31,1
2012-04-09,30.5,-82.55,8.6,1,17.66,12
2012-04-09,30.5,-82.5,167.1,6,354.17,105
2012-04-09,30.5,-82.45,221.8,6,500.59000000000003,40
2012-04-09,30.55,-84.1,37.3,2,8.87,2
2012-04-09,30.6,-86.4,202.10000000000002,4,66.53999999999999,6
2012-04-09,30.65,-83.95,11.6,1,8.17,2
2012-04-09,30.85,-86.3,20.8,1,7.02,1
2012-04-09,30.85,-86.25,18.1,1,16.02,3
2012-04-09,30.9,-86.25,27.4,1,28.68,3
2012-04-09,30.95,-86.85,53.2,3,10.46,2
2012-04-09,30.95,-86.8,63.8,2,3.68,1
2012-04-10,29.35,-82.95,12.8,1,6.89,1
2012-04-10,29.65,-82.85,18.0,1,7.23,1
2012-04-10,30.4,-84.0,43.5,2,9.76,1
2012-04-10,30.45,-82.45,873.2,2,253.88,7
2012-04-10,30.5,-82.5,332.7,6,344.41,39
2012-04-10,30.5,-82.45,3573.2,29,1217.47,103
2012-04-10,30.5,-82.4,1793.3,13,237.5,30
2012-04-10,30.55,-84.1,38.5,2,10.89,2
2012-04-10,30.55,-82.5,83.6,1,26.9,7
2012-04-10,30.55,-82.45,638.1,6,1736.41,31
2012-04-10,30.55,-82.4,868.0999999999999,5,172.23,18
2012-04-10,30.95,-86.8,42.5,2,69.07000000000001,4
2012-04-11,26.95,-80.5,105.0,2,96.63,5
2012-04-11,27.7,-81.4,34.6,1,71.03999999999999,4
2012-04-11,27.7,-81.35,501.2,8,192.59,10
2012-04-11,30.4,-84.15,55.3,3,16.16,5
2012-04-11,30.4,-82.45,619.8,4,0.95,1
2012-04-11,30.45,-82.45,10878.7,37,4630.34,138
2012-04-11,30.45,-82.4,6619.5,13,2854.74,73
2012-04-11,30.5,-85.3,74.5,3,23.54,3
2012-04-11,30.5,-82.5,7.3,1,93.81,57
2012-04-11,30.5,-82.45,1061.7,13,449.01,80
2012-04-11,30.5,-82.4,108.69999999999999,3,21.150000000000002,6
2012-04-11,30.55,-84.15,12.7,1,5.3999999999999995,2
2012-04-11,30.55,-84.1,26.5,2,9.77,5
2012-04-11,30.55,-82.45,57.599999999999994,3,61.84,18
2012-04-11,30.65,-84.25,53.1,3,74.74000000000001,8
2012-04-11,30.95,-86.95,68.2,3,22.89,5
2012-04-11,30.95,-86.75,336.0,7,85.5,10
2012-04-12,26.95,-80.55,31.2,1,52.1,2
2012-04-12,27.05,-80.2,27.0,1,17.26,2
2012-04-12,27.7,-81.4,24.4,2,6.51,3
2012-04-12,27.7,-81.35,132.1,5,116.89,13
2012-04-12,30.35,-85.55,69.1,2,15.99,3
2012-04-12,30.4,-84.0,21.1,1,13.41,3
2012-04-12,30.45,-82.45,1774.7,18,1729.93,107
2012-04-12,30.45,-82.4,1043.8,14,678.98,62
2012-04-12,30.8,-85.2,15.1,1,19.6,2
2012-04-12,30.9,-85.15,22.7,2,30.9,2
2012-04-12,30.95,-86.75,6.0,1,3.31,1
2012-04-15,26.05,-81.65,179.5,2,52.2,6
2012-04-16,30.35,-83.25,17.0,1,6.32,1
2012-04-17,26.65,-81.8,46.5,1,0.86,1
2012-04-17,29.9,-84.65,27.5,1,4.82,2
2012-04-17,30.25,-84.3,10.9,1,13.55,2
2012-04-19,27.6,-81.2,66.6,2,52.24,10
2012-04-19,29.7,-82.75,10.5,1,14.08,2
2012-04-20,29.9,-84.65,9.4,1,58.34,7
2012-04-23,27.65,-81.85,29.2,2,37.48,2
2012-04-23,30.45,-84.9,10.1,1,11.99,3
2012-04-24,27.6,-81.35,30.1,2,391.35,6
2012-04-24,30.4,-84.0,30.5,2,8.66,2
2012-04-25,29.95,-84.9,1879.7,6,592.95,14
2012-04-25,29.95,-84.85,112.80000000000001,2,119.46000000000001,6
2012-04-25,30.0,-84.9,381.6,4,49.65,5
2012-04-25,30.3,-83.25,76.8,2,37.36,4
2012-04-25,30.35,-82.45,44.5,2,38.43,2
2012-04-25,30.4,-85.65,39.9,2,14.870000000000001,2
2012-04-25,30.4,-84.0,11.2,1,9.06,2
2012-04-25,30.65,-83.95,11.9,1,5.8,2
2012-04-26,27.5,-81.3,25.8,2,18.46,2
2012-04-26,29.85,-84.65,27.1,2,9.23,1
2012-04-26,29.9,-84.65,24.0,1,18.46,2
2012-04-26,30.55,-86.75,50.5,1,11.71,2
2012-04-26,30.55,-83.7,183.5,4,71.86,6
2012-04-26,30.65,-84.0,20.4,1,10.29,1
2012-04-26,30.65,-83.95,34.5,2,11.27,3
2012-04-26,30.7,-86.75,39.3,2,4.13,1
2012-04-26,30.85,-86.85,245.60000000000002,4,76.34,5
2012-04-26,30.85,-86.8,129.4,3,31.47,2
2012-04-26,30.85,-85.2,15.1,1,6.62,1
2012-04-27,26.6,-81.4,36.7,1,10.85,1
2012-04-27,27.2,-82.25,1411.7,8,259.63,10
2012-04-27,29.95,-84.75,341.4,7,150.91,11
2012-04-27,30.55,-83.7,208.5,3,27.47,5
2012-04-28,30.45,-86.85,56.6,2,3.81,1
2012-04-29,30.6,-86.85,77.9,1,97.78,6
2012-04-30,29.45,-82.6,40.7,1,20.62,1
2012-04-30,30.3,-83.25,18.2,1,11.15,1
2012-05-01,27.65,-81.25,44.0,2,5.48,1
2012-05-01,28.75,-81.05,394.1,1,4.16,1
2012-05-01,28.75,-81.0,159.8,2,189.01,18
2012-05-01,30.2,-83.0,15.4,1,4.62,1
2012-05-02,27.65,-81.25,47.4,3,34.83,7
2012-05-02,28.25,-81.2,14.5,1,0.84,1
2012-05-02,28.55,-81.1,21.2,2,3.3,2
2012-05-02,28.75,-81.0,21.3,1,14.59,5
2012-05-02,30.5,-82.0,51.0,2,54.78,2
2012-05-03,27.65,-81.25,8.6,1,0.62,1
2012-05-05,28.55,-81.1,8.4,1,3.1,1
2012-05-05,29.6,-82.05,18.9,1,4.2,2
2012-05-05,30.25,-84.15,27.2,1,14.91,2
2012-05-05,30.45,-82.4,58.3,1,32.86,2
2012-05-05,30.5,-82.5,2136.9,7,1319.53,30
2012-05-06,26.05,-80.7,459.40000000000003,8,117.17,5
2012-05-06,26.1,-80.7,65.3,2,57.86,3
2012-05-06,26.25,-80.7,179.10000000000002,2,2.23,2
2012-05-06,26.25,-80.65,6.3,1,21.95,8
2012-05-06,26.3,-80.8,55.2,2,76.87,13
2012-05-06,26.3,-80.75,42.4,1,82.67,8
2012-05-06,26.3,-80.7,594.3,10,508.08,44
2012-05-06,29.05,-81.75,126.7,2,87.56,6
2012-05-06,29.05,-81.7,195.1,2,52.54,5
2012-05-06,29.1,-81.75,442.0,3,20.42,4
2012-05-06,29.1,-81.7,557.4,3,53.5,7
2012-05-06,29.55,-81.8,91.4,3,54.87,3
2012-05-06,29.6,-82.05,62.6,2,49.35,11
2012-05-06,30.3,-82.0,958.2,10,311.09,24
2012-05-06,30.5,-82.5,55.9,2,265.5,77
2012-05-07,26.05,-80.7,24.900000000000002,2,21.13,10
2012-05-07,26.25,-80.75,185.9,3,33.379999999999995,3
2012-05-07,26.3,-80.75,125.9,6,131.35,18
2012-05-07,27.7,-81.35,12.0,1,1.56,1
2012-05-07,29.0,-81.1,56.3,2,24.22,3
2012-05-08,26.05,-80.7,34.7,2,13.559999999999999,3
2012-05-08,26.25,-80.75,18.4,2,35.980000000000004,16
2012-05-08,27.55,-81.25,27.7,1,39.519999999999996,6
2012-05-08,27.8,-82.2,44.4,1,45.08,4
2012-05-08,30.65,-84.35,7.7,1,11.850000000000001,2
2012-05-09,28.8,-82.05,5.6,1,8.14,2
2012-05-09,30.3,-82.0,185.0,3,6.99,6
2012-05-10,27.0,-81.45,39.8,2,31.380000000000003,2
2012-05-10,29.2,-82.15,33.400000000000006,2,15.65,1
2012-05-10,29.95,-82.9,4.2,1,5.27,1
2012-05-10,30.1,-83.2,9.4,1,3.87,1
2012-05-10,30.3,-82.0,9.9,1,42.64999999999999,8
2012-05-10,30.5,-85.65,138.1,2,72.49000000000001,9
2012-05-11,25.9,-81.0,23.7,1,82.87,7
2012-05-11,27.65,-82.05,10.7,1,3.4099999999999997,2
2012-05-11,30.3,-82.0,124.7,4,51.78,21
2012-05-12,25.9,-81.0,16.7,2,11.04,2
2012-05-12,30.3,-82.0,26.7,1,26.98,4
2012-05-13,30.3,-82.0,7.4,1,24.86,4
2012-05-15,26.35,-80.8,7.1,1,53.65,6
2012-05-15,28.6,-82.1,39.8,2,6.63,1
2012-05-15,29.25,-82.7,34.2,1,4.67,1
2012-05-15,30.15,-83.1,29.900000000000002,2,9.42,1
2012-05-17,29.75,-85.2,35.099999999999994,3,67.33,9
2012-05-17,30.35,-83.25,13.5,1,21.35,2
2012-05-17,30.4,-84.0,19.7,2,8.21,1
2012-05-18,27.8,-81.15,48.0,1,5.79,1
2012-05-18,29.75,-85.2,34.7,2,5.47,1
2012-05-18,30.25,-85.4,9.4,1,6.27,1
2012-05-18,30.35,-84.7,35.0,2,13.16,2
2012-05-19,30.0,-85.5,13.9,1,6.56,1
2012-05-19,30.6,-86.6,30.8,1,6.17,1
2012-05-19,30.6,-83.0,27.0,2,11.12,2
2012-05-20,30.0,-85.5,27.9,2,8.620000000000001,5
2012-05-20,30.6,-86.8,884.2,6,31.54,9
2012-05-21,29.4,-82.05,15.3,1,7.699999999999999,2
2012-05-21,29.6,-83.15,18.1,1,5.3,1
2012-05-21,29.6,-82.05,33.5,1,19.89,3
2012-05-21,29.9,-83.65,33.0,2,5.49,1
2012-05-21,30.4,-83.2,18.0,1,3.9,1
2012-05-21,30.55,-87.0,8.5,1,4.64,1
2012-05-21,30.65,-84.15,48.6,2,2.53,1
2012-05-22,27.1,-80.4,73.1,1,13.17,1
2012-05-22,27.55,-81.25,477.1,3,203.17000000000002,2
2012-05-22,27.55,-81.2,416.9,4,275.19,4
2012-05-22,29.25,-82.7,329.5,4,5.7,1
2012-05-22,29.45,-82.8,28.4,1,10.49,1
2012-05-22,29.45,-82.75,57.0,1,20.83,2
2012-05-22,29.95,-84.45,201.5,1,23.08,3
2012-05-22,30.3,-82.0,19.7,1,4.11,1
2012-05-22,30.45,-82.9,19.2,1,3.92,1
2012-05-23,26.3,-81.4,16.5,1,8.97,1
2012-05-23,26.9,-80.55,66.7,1,9.92,2
2012-05-23,27.55,-81.2,16.6,1,58.11,8
2012-05-23,27.6,-81.8,20.4,1,0.54,1
2012-05-23,28.0,-81.5,24.3,3,12.89,7
2012-05-23,28.55,-80.7,88.69999999999999,2,35.51,4
2012-05-23,29.6,-82.05,41.0,2,3.92,3
2012-05-23,29.6,-82.0,31.2,1,1.32,1
2012-05-23,30.05,-82.8,9.0,1,6.109999999999999,2
2012-05-23,30.3,-82.0,20.4,1,14.22,2
2012-05-23,30.45,-83.15,10.3,1,20.8,2
2012-05-23,30.5,-82.5,205.7,3,29.459999999999997,4
2012-05-24,27.7,-81.3,38.400000000000006,2,214.44,11
2012-05-24,28.0,-81.5,9.6,1,11.91,8
2012-05-24,29.6,-82.05,21.4,1,37.379999999999995,7
2012-05-24,29.6,-82.0,59.199999999999996,2,11.079999999999998,3
2012-05-24,30.15,-83.0,13.8,1,5.72,1
2012-05-24,30.3,-82.0,39.400000000000006,2,28.759999999999998,8
2012-05-24,30.55,-83.3,206.1,3,120.82,5
2012-05-25,27.2,-82.2,1551.8999999999999,5,347.83000000000004,6
2012-05-25,29.6,-82.05,45.8,2,72.77,8
2012-05-25,29.6,-82.0,16.3,1,31.29,5
2012-05-25,30.3,-82.0,6.4,1,27.39,6
2012-05-25,30.5,-82.5,39.7,3,17.9,4
2012-05-26,27.95,-81.5,15.3,1,11.760000000000002,3
2012-05-26,29.8,-82.3,161.70000000000002,3,76.19,20
2012-05-26,29.8,-82.25,316.1,7,120.05000000000001,23
2012-05-26,30.05,-82.05,9.3,1,80.89999999999999,6
2012-05-26,30.3,-82.0,80.7,3,94.85,14
2012-05-27,29.6,-82.05,14.1,1,47.19,13
2012-05-27,29.6,-82.0,80.39999999999999,2,2.9000000000000004,3
2012-05-27,29.8,-82.25,22.7,2,16.1,8
2012-05-27,30.3,-82.0,14.2,1,37.02,20
2012-05-28,30.45,-86.75,87.0,2,15.58,4
2012-05-29,30.4,-86.75,147.5,2,4.76,1
2012-05-29,30.45,-86.75,342.8,4,642.37,16
2012-05-30,25.95,-81.5,294.4,5,210.31,22
2012-05-30,26.0,-81.5,220.60000000000002,4,380.39,16
2012-05-30,26.6,-81.4,29.0,1,38.120000000000005,4
2012-05-30,27.65,-81.25,14.3,1,101.32000000000001,8
2012-05-30,27.75,-81.9,88.5,4,34.47,5
2012-05-30,30.4,-86.75,43.7,1,66.06,8
2012-05-30,30.45,-86.75,95.7,5,76.83,17
2012-05-31,27.6,-81.8,20.4,1,4.98,1
2012-05-31,27.7,-80.85,100.0,1,1.57,1
2012-05-31,27.85,-81.2,18.9,1,88.97999999999999,2
2012-05-31,29.4,-82.7,17.8,1,13.39,1
2012-05-31,30.45,-83.15,10.9,1,7.04,1
2012-05-31,30.55,-86.15,14.7,2,2.76,1
2012-06-04,27.8,-80.6,4.7,1,2.11,1
2012-06-04,30.4,-85.6,11.6,1,26.85,5
2012-06-11,29.4,-82.0,10.4,1,6.22,1
2012-06-12,26.15,-81.65,86.0,3,50.47,2
2012-06-12,26.85,-80.35,98.6,4,43.96,4
2012-06-12,26.95,-80.6,609.3,1,549.74,11
2012-06-12,26.95,-80.55,159.2,4,1115.45,11
2012-06-13,26.6,-81.35,41.6,2,24.52,4
2012-06-13,27.15,-82.35,80.5,2,5.55,1
2012-06-13,27.45,-80.8,24.0,1,10.01,1
2012-06-13,27.5,-82.2,25.9,1,19.11,4
2012-06-13,28.0,-81.5,102.9,2,21.08,2
2012-06-13,28.0,-81.0,67.6,4,61.49,4
2012-06-13,28.0,-80.95,22.0,1,38.1,4
2012-06-13,28.9,-82.35,221.1,3,224.24,9
2012-06-13,28.95,-81.6,197.20000000000002,2,1029.69,15
2012-06-13,29.0,-81.6,25.5,1,10.34,1
2012-06-13,29.4,-82.0,9.6,1,10.65,1
2012-06-13,29.85,-83.3,54.400000000000006,2,18.17,1
2012-06-14,27.1,-80.25,152.9,3,171.43,7
2012-06-14,27.9,-81.15,72.1,1,17.14,2
2012-06-14,28.1,-81.05,517.7,7,16.92,1
2012-06-16,26.6,-81.4,116.19999999999999,4,50.05,3
2012-06-16,26.6,-81.35,62.5,2,22.89,1
2012-06-16,27.0,-80.25,20.3,1,37.16,4
2012-06-16,27.75,-80.95,44.3,2,9.98,3
2012-06-16,29.8,-82.75,14.0,1,9.01,1
2012-06-18,26.55,-81.05,27.799999999999997,2,3.18,1
2012-06-18,27.45,-82.2,30.0,1,6.71,1
2012-06-18,27.5,-82.2,1101.3000000000002,7,10.1,1
2012-06-18,27.55,-81.3,58.2,2,119.35,6
2012-06-18,27.55,-81.05,17.4,1,11.59,1
2012-06-18,27.6,-81.05,42.4,1,106.66,11
2012-06-18,27.8,-81.5,49.5,1,28.07,3
2012-06-18,27.8,-80.7,165.1,6,25.8,4
2012-06-18,27.8,-80.6,14.0,1,37.92,4
2012-06-18,29.4,-82.05,22.1,1,11.9,1
2012-06-18,29.55,-83.05,27.1,2,200.07999999999998,4
2012-06-18,29.75,-82.75,9.3,1,76.87,3
2012-06-18,30.0,-81.95,19.1,1,25.090000000000003,2
2012-06-18,30.05,-82.55,20.700000000000003,2,17.23,1
2012-06-18,30.25,-84.35,19.8,1,78.39,2
2012-06-18,30.35,-83.85,8.6,1,4.59,2
2012-06-19,29.0,-81.4,20.8,2,38.89,7
2012-06-19,29.85,-83.3,22.4,1,19.34,3
2012-06-19,30.25,-84.35,35.3,1,12.82,3
2012-06-19,30.45,-83.3,23.7,1,22.64,2
2012-06-20,30.05,-84.4,30.8,2,287.24,8
2012-06-20,30.15,-85.0,171.9,3,221.32,14
2012-06-21,30.5,-83.25,5.5,1,2.4899999999999998,2
2012-06-26,30.5,-87.1,17.3,1,79.8,2
2012-06-28,28.3,-82.1,12.1,1,46.65,5
2012-06-28,28.35,-82.1,24.9,2,111.59,9
2012-06-28,29.4,-82.85,111.0,3,79.96,8
2012-06-29,27.5,-80.65,6.7,1,8.44,1
2012-06-29,29.05,-81.55,402.59999999999997,6,74.33,3
2012-06-29,29.55,-83.05,304.3,5,86.48,4
2012-06-29,30.3,-84.35,78.9,2,15.93,1
2012-06-30,27.05,-80.25,37.4,2,12.62,2
2012-06-30,27.4,-81.7,248.0,5,32.83,1
2012-06-30,28.95,-81.6,56.7,1,9.25,2
2012-06-30,29.35,-81.7,124.3,1,243.01999999999998,9
2012-06-30,30.0,-85.05,207.7,5,39.83,6
2012-06-30,30.0,-85.0,154.20000000000002,4,35.74,2
2012-07-02,27.5,-80.85,25.1,1,22.38,2
2012-07-02,27.75,-80.95,11.2,1,9.39,2
2012-07-02,27.95,-81.1,216.60000000000002,5,37.16,6
2012-07-02,27.95,-81.05,63.5,2,8.58,2
2012-07-02,28.05,-81.05,262.5,4,25.770000000000003,3
2012-07-02,29.65,-81.3,77.5,2,44.8,3
2012-07-02,30.45,-83.15,10.2,1,7.52,1
2012-07-03,27.05,-80.25,60.0,2,120.86,6
2012-07-03,28.3,-81.25,15.7,1,6.72,1
2012-07-03,30.25,-82.55,20.5,1,6.25,1
2012-07-03,30.25,-82.5,250.2,4,20.77,3
2012-07-03,30.3,-82.5,130.2,2,6.25,1
2012-07-03,30.3,-82.45,25.9,2,121.63,13
2012-07-04,27.35,-81.8,6.5,1,7.24,1
2012-07-04,27.8,-80.95,33.7,1,59.31999999999999,3
2012-07-04,27.8,-80.9,92.7,3,9.5,2
2012-07-04,30.3,-82.55,412.2,8,27.02,2
2012-07-05,26.2,-80.85,66.6,3,44.86,12
2012-07-05,26.25,-80.85,22.0,1,10.89,5
2012-07-05,27.8,-80.95,26.8,2,15.84,2
2012-07-05,28.95,-81.75,5.2,1,1.51,1
2012-07-05,29.15,-81.25,49.7,2,9.81,1
2012-07-05,29.85,-82.9,8.2,1,8.3,2
2012-07-05,30.8,-85.75,8.9,1,7.03,1
2012-07-06,29.05,-81.45,414.9,4,28.34,4
2012-07-07,29.0,-81.45,71.2,1,6.27,1
2012-07-07,29.05,-81.45,111.8,3,26.18,2
2012-07-07,30.3,-84.6,83.7,2,32.2,2
2012-07-07,30.3,-84.55,83.5,2,108.64999999999999,10
2012-07-09,26.05,-80.75,17.9,2,20.34,5
2012-07-09,26.15,-80.7,38.5,1,3.85,1
2012-07-09,26.2,-80.7,34.0,1,21.14,7
2012-07-09,27.25,-80.25,94.6,1,7.039999999999999,2
2012-07-09,27.95,-81.15,39.9,1,65.99,7
2012-07-09,29.2,-81.95,83.19999999999999,2,2.88,1
2012-07-10,28.35,-81.95,99.9,3,19.549999999999997,3
2012-07-10,30.2,-82.25,16.2,1,8.04,1
2012-07-10,30.3,-84.55,117.6,2,72.86,10
2012-07-12,27.95,-81.15,51.4,2,40.32,3
2012-07-13,27.8,-80.55,58.3,1,89.0,4
2012-07-14,27.5,-80.75,8.0,1,3.26,1
2012-07-15,30.6,-86.5,176.3,5,2.78,1
2012-07-16,29.55,-83.05,19.8,1,8.41,2
2012-07-19,28.05,-81.4,74.9,1,11.61,1
2012-07-19,30.45,-83.2,11.4,1,9.57,2
2012-07-20,26.95,-80.15,16.1,1,46.26,5
2012-07-20,27.8,-80.9,18.6,1,7.13,1
2012-07-20,28.4,-82.15,6.9,1,3.74,1
2012-07-21,27.55,-81.05,249.4,3,137.32,7
2012-07-21,29.35,-81.7,13.4,1,10.07,1
2012-07-21,29.9,-82.35,13.7,1,8.94,1
2012-07-25,27.45,-81.6,43.0,2,7.92,2
2012-07-25,27.85,-80.9,74.6,2,23.25,3
2012-07-25,28.05,-81.1,74.0,2,26.56,2
2012-07-25,28.05,-81.05,240.70000000000002,5,321.75,18
2012-07-25,28.6,-80.7,502.4,2,107.04,11
2012-07-25,28.6,-80.65,215.6,1,1109.47,42
2012-07-26,26.85,-80.4,32.7,2,45.43,5
2012-07-26,27.8,-82.2,81.9,3,65.82,3
2012-07-26,28.0,-80.95,39.5,2,15.379999999999999,4
2012-07-26,28.2,-82.6,117.3,4,109.05,8
2012-07-26,28.6,-80.7,627.4,3,1015.22,15
2012-07-26,28.7,-82.5,133.1,2,13.170000000000002,3
2012-07-26,28.75,-81.55,64.8,1,153.72,8
2012-07-26,28.75,-81.5,34.2,1,78.3,2
2012-07-26,29.55,-83.05,9.6,1,23.61,3
2012-07-26,29.55,-81.6,49.6,1,125.77000000000001,4
2012-07-27,28.2,-82.6,44.2,2,17.16,1
2012-07-27,28.7,-82.45,83.6,2,26.92,5
2012-07-27,28.8,-80.85,8.1,1,408.31,9
2012-07-27,30.85,-86.95,87.5,1,12.66,2
2012-07-28,26.35,-80.75,4.3,1,1.52,2
2012-07-28,29.35,-81.7,26.0,1,28.2,4
2012-07-29,30.45,-86.85,21.4,1,3.39,1
2012-07-29,30.45,-86.8,15.1,1,5.08,1
2012-07-30,26.75,-81.7,11.0,1,11.629999999999999,2
2012-07-30,26.95,-81.8,19.2,1,38.3,3
2012-07-30,27.85,-81.0,11.0,1,7.01,2
2012-07-30,28.8,-80.85,23.7,2,1.66,3
2012-07-31,25.2,-80.9,59.0,1,78.58,9
2012-07-31,27.15,-82.35,23.0,1,57.16,7
2012-07-31,27.85,-80.85,14.700000000000001,2,37.76,2
2012-08-01,25.45,-81.15,105.7,1,33.14,6
2012-08-01,25.45,-81.1,312.3,2,144.27,18
2012-08-01,25.45,-81.05,94.4,1,45.97,6
2012-08-01,27.15,-82.35,729.9999999999999,3,152.28,12
2012-08-01,28.0,-81.9,9.4,1,9.03,1
2012-08-02,26.75,-81.7,221.2,4,17.39,2
2012-08-02,27.85,-81.0,13.0,1,4.33,1
2012-08-02,27.95,-81.2,109.9,3,80.04,7
2012-08-02,28.0,-81.9,26.4,2,27.78,2
2012-08-03,26.8,-81.55,13.2,1,6.35,1
2012-08-03,28.0,-81.9,39.8,2,44.94,4
2012-08-03,29.4,-82.0,22.7,2,19.18,4
2012-08-03,29.8,-82.6,9.9,1,3.13,1
2012-08-04,28.0,-81.9,17.4,2,22.16,6
2012-08-04,30.45,-86.8,13.3,1,7.4,1
2012-08-05,28.0,-81.9,8.8,1,33.4,6
2012-08-08,26.95,-80.15,60.1,2,14.17,1
2012-08-08,28.15,-82.1,17.3,1,25.53,3
2012-08-09,27.0,-80.2,31.7,1,26.96,2
2012-08-09,28.2,-82.65,13.0,1,41.39,6
2012-08-10,27.55,-81.15,258.29999999999995,3,87.49,4
2012-08-10,27.55,-81.1,180.7,2,117.5,4
2012-08-10,27.6,-81.15,148.5,2,18.68,1
2012-08-10,27.65,-81.45,8.2,1,1.32,1
2012-08-10,27.75,-81.8,102.1,4,4.49,1
2012-08-10,29.8,-83.0,56.2,2,6.81,1
2012-08-13,29.55,-83.05,57.9,1,208.66,1
2012-08-13,29.8,-83.0,68.2,3,38.129999999999995,2
2012-08-13,30.25,-83.35,16.3,1,4.02,1
2012-08-13,30.5,-83.15,9.0,1,5.93,1
2012-08-13,30.55,-86.65,266.9,4,15.600000000000001,2
2012-08-15,28.05,-81.2,45.900000000000006,2,45.07,3
2012-08-15,28.3,-81.95,58.8,3,8.85,1
2012-08-18,26.25,-80.4,23.7,1,1.67,1
2012-08-20,26.0,-81.5,1022.0,9,819.12,35
2012-08-21,26.85,-81.95,31.200000000000003,2,58.32,6
2012-08-23,26.35,-80.55,8.3,1,20.02,5
2012-08-23,27.5,-81.15,17.9,1,21.66,3
2012-08-24,26.95,-81.1,22.1,1,35.26,2
2012-08-24,27.55,-81.55,12.7,1,3.11,1
2012-08-24,27.95,-81.8,11.3,1,7.61,1
2012-09-01,30.45,-83.05,51.6,2,55.58,3
2012-09-03,30.25,-83.25,119.9,1,72.51,1
2012-09-06,30.45,-83.05,15.3,2,19.3,2
2012-09-07,27.15,-82.5,33.0,1,54.6,2
2012-09-12,30.5,-85.8,20.8,1,16.44,2
2012-09-13,30.3,-83.8,27.0,2,8.71,1
2012-09-13,30.85,-86.95,5.5,1,6.66,2
2012-09-13,30.85,-86.9,136.89999999999998,3,3.34,1
2012-09-14,30.4,-83.2,11.6,1,29.12,3
2012-09-17,27.1,-81.0,12.0,1,5.76,1
2012-09-20,30.55,-85.85,15.9,2,10.94,2
2012-09-21,30.8,-86.4,10.5,1,5.43,1
2012-09-22,30.95,-86.85,16.2,1,17.57,2
2012-09-23,30.9,-86.9,31.9,1,16.22,3
2012-09-24,28.8,-82.4,19.7,2,80.77000000000001,8
2012-09-24,29.4,-81.65,6.4,1,2.43,1
2012-09-24,30.0,-83.0,10.1,1,4.54,1
2012-09-24,30.3,-83.8,9.1,1,2.82,1
2012-09-24,30.45,-83.3,247.0,3,8.06,1
2012-09-24,30.5,-85.7,67.2,3,21.43,3
2012-09-24,30.55,-85.95,107.2,3,26.14,4
2012-09-24,30.55,-85.85,28.1,2,21.24,1
2012-09-24,30.55,-85.0,147.5,4,68.50999999999999,7
2012-09-24,30.65,-86.8,22.6,2,76.54,7
2012-09-24,30.8,-86.6,9.5,1,1.31,1
2012-09-24,30.9,-86.95,62.900000000000006,2,33.15,3
2012-09-25,30.3,-83.8,14.9,1,6.49,1
2012-09-25,30.45,-86.0,28.3,1,42.24,4
2012-09-25,30.55,-85.0,15.9,1,24.86,2
2012-09-25,30.6,-85.0,33.4,1,6.9,1
2012-09-25,30.8,-86.4,74.8,1,20.15,2
2012-09-25,30.85,-86.75,29.5,1,4.62,1
2012-09-25,30.85,-86.7,63.1,2,6.76,2
2012-09-26,28.75,-82.4,198.4,4,118.92,7
2012-09-26,29.5,-82.05,9.5,1,2.05,1
2012-09-26,29.55,-83.05,26.0,1,18.11,3
2012-09-26,30.55,-85.8,21.7,1,12.94,2
2012-09-26,30.6,-85.05,84.9,2,9.49,1
2012-09-26,30.9,-86.95,34.3,2,25.36,5
2012-09-26,30.95,-87.0,23.1,1,36.49,5
2012-09-27,27.75,-82.15,84.2,3,25.83,5
2012-09-27,29.65,-82.85,13.5,1,15.75,3
2012-09-27,30.05,-85.3,33.4,1,12.07,1
2012-09-27,30.45,-81.55,37.6,1,25.15,3
2012-09-27,30.6,-85.05,36.9,3,11.36,2
2012-09-27,30.85,-85.9,62.6,2,30.62,3
2012-09-28,30.1,-83.05,12.3,1,12.42,1
2012-09-28,30.3,-84.1,691.1,10,38.48,6
2012-10-02,30.45,-83.2,9.6,1,3.89,1
2012-10-04,28.45,-81.7,23.3,2,2.78,1
2012-10-08,30.65,-86.8,41.4,2,21.75,3
2012-10-08,30.85,-85.9,149.8,1,25.86,2
2012-10-09,26.7,-81.05,42.3,1,12.830000000000002,2
2012-10-09,30.3,-86.0,13.3,1,15.58,3
2012-10-09,30.55,-83.8,13.0,1,14.959999999999999,2
2012-10-09,30.6,-86.85,17.4,1,26.299999999999997,4
2012-10-10,28.25,-82.0,34.8,2,2.7,1
2012-10-10,28.8,-82.0,21.6,1,20.72,2
2012-10-10,29.45,-82.5,7.8,1,3.03,1
2012-10-10,29.95,-82.85,6.4,1,3.94,1
2012-10-10,30.25,-84.1,143.7,2,55.96,4
2012-10-10,30.3,-86.0,10.1,1,11.66,2
2012-10-10,30.3,-84.1,176.1,2,158.49,6
2012-10-10,30.3,-83.25,20.6,1,51.2,4
2012-10-11,29.25,-82.65,162.8,2,140.74,3
2012-10-11,29.6,-83.05,11.6,1,13.46,2
2012-10-11,29.7,-81.85,22.5,2,57.26,2
2012-10-11,30.25,-84.1,295.9,5,44.669999999999995,4
2012-10-11,30.25,-83.7,101.7,5,10.79,1
2012-10-11,30.3,-83.25,101.4,2,90.15,4
2012-10-12,29.55,-83.1,17.0,1,5.87,1
2012-10-12,30.7,-85.5,51.3,2,116.46000000000001,9
2012-10-13,29.55,-83.05,27.5,2,5.96,1
2012-10-13,30.15,-83.25,13.6,1,12.120000000000001,2
2012-10-13,30.7,-87.15,210.60000000000002,5,29.42,1
2012-10-15,30.35,-85.8,94.9,4,93.51,4
2012-10-16,26.95,-80.5,72.6,1,8.440000000000001,2
2012-10-16,28.25,-82.0,40.4,2,17.700000000000003,3
2012-10-16,29.55,-83.05,19.4,2,13.56,1
2012-10-16,29.6,-83.05,5.9,1,0.91,1
2012-10-16,30.0,-82.7,8.6,1,9.010000000000002,2
2012-10-16,30.15,-83.15,48.4,3,15.58,4
2012-10-17,30.35,-86.0,171.5,2,44.22,2
2012-10-17,30.35,-85.95,53.400000000000006,2,219.54000000000002,8
2012-10-18,28.25,-82.0,10.0,1,16.81,1
2012-10-18,28.75,-82.05,7.3,1,11.58,2
2012-10-18,29.65,-82.7,14.299999999999999,2,5.84,1
2012-10-19,26.7,-80.5,13.5,1,41.39,1
2012-10-19,27.75,-81.4,48.8,3,8.86,2
2012-10-19,29.55,-83.05,29.299999999999997,2,9.88,1
2012-10-19,29.6,-83.05,13.2,1,3.41,1
2012-10-19,30.6,-84.6,10.4,1,2.98,1
2012-10-20,26.8,-80.55,41.4,3,38.72,1
2012-10-20,30.0,-85.0,363.0,8,160.33,12
2012-10-20,30.0,-84.95,172.9,2,63.949999999999996,2
2012-10-20,30.2,-84.2,216.8,5,226.81,6
2012-10-21,30.2,-84.25,8.5,1,32.33,3
2012-10-22,28.9,-81.15,716.7,3,24.240000000000002,5
2012-10-22,30.45,-83.4,31.799999999999997,2,16.32,2
2012-10-22,30.6,-85.25,168.7,2,13.32,2
2012-10-22,30.6,-84.6,12.3,1,3.03,1
2012-10-22,30.6,-83.2,10.1,1,6.66,1
2012-10-22,30.8,-87.0,42.8,1,3.4,1
2012-10-22,30.8,-85.15,58.9,1,7.33,1
2012-10-22,30.85,-85.15,149.8,1,163.83,7
2012-10-23,30.15,-83.15,14.2,1,40.34,3
2012-10-23,30.3,-83.25,66.9,1,20.01,3
2012-10-23,30.45,-86.0,10.2,1,4.44,2
2012-10-23,30.8,-86.05,53.7,2,20.36,3
2012-10-23,30.85,-86.0,160.20000000000002,3,23.58,2
2012-10-24,26.25,-81.1,26.8,2,16.85,3
2012-10-24,27.7,-80.55,6.5,1,3.67,1
2012-10-24,28.85,-81.45,27.1,2,131.71,5
2012-10-24,30.1,-85.45,68.6,3,30.32,3
2012-10-24,30.25,-84.55,31.200000000000003,3,47.18000000000001,7
2012-10-24,30.25,-82.4,9.3,1,7.97,1
2012-10-24,30.3,-83.25,15.2,2,21.1,1
2012-10-24,30.55,-83.75,7.0,1,9.31,1
2012-10-24,30.6,-86.9,9.9,1,2.41,1
2012-10-24,30.7,-86.9,21.7,1,29.07,2
2012-10-24,30.8,-86.0,29.9,1,94.59,3
2012-10-24,30.9,-86.85,25.3,1,4.49,1
2012-10-24,30.95,-85.3,34.6,1,15.21,1
2012-10-25,30.3,-83.25,9.1,1,7.14,2
2012-10-25,30.6,-84.6,9.5,1,7.2,2
2012-10-25,30.7,-85.55,129.1,4,107.63,4
2012-10-25,30.75,-86.0,135.7,2,4.06,1
2012-10-25,30.85,-86.8,154.0,3,2.32,1
2012-10-26,30.3,-83.25,94.8,1,30.93,3
2012-10-26,30.6,-86.9,19.4,1,12.38,2
2012-10-26,30.6,-84.6,6.6,1,5.28,1
2012-10-26,30.85,-86.75,95.0,3,4.02,1
2012-10-26,30.95,-86.9,49.9,2,36.52,5
2012-10-28,26.45,-80.6,11.5,1,2.44,1
2012-10-28,30.45,-86.8,12.7,1,17.46,4
2012-10-29,30.45,-83.2,16.2,1,13.46,1
2012-10-30,27.55,-81.4,6.4,1,10.32,2
2012-10-30,29.55,-83.05,9.3,1,4.99,1
2012-10-30,30.55,-86.85,5.0,1,4.68,2
2012-10-31,29.55,-83.05,25.6,2,8.12,2
2012-10-31,29.6,-83.05,11.7,1,5.76,2
2012-10-31,30.3,-83.25,29.9,1,25.72,1
2012-10-31,30.45,-83.2,12.4,1,10.99,2
2012-10-31,30.5,-85.95,150.9,2,22.04,1
2012-10-31,30.65,-84.85,11.5,1,7.4,1
2012-10-31,30.9,-86.9,41.9,2,18.64,3
2012-11-01,28.25,-81.2,87.9,2,76.93,5
2012-11-01,28.3,-81.2,157.0,4,76.5,3
2012-11-01,29.95,-83.0,28.0,1,36.099999999999994,4
2012-11-01,29.95,-82.85,8.1,1,24.2,3
2012-11-01,30.0,-83.05,31.6,1,21.3,2
2012-11-01,30.1,-83.05,30.5,3,23.15,3
2012-11-01,30.3,-83.25,33.9,2,75.49000000000001,4
2012-11-01,30.4,-85.95,112.9,3,85.12,2
2012-11-01,30.45,-86.0,88.7,1,54.660000000000004,3
2012-11-01,30.45,-84.55,303.5,2,155.7,2
2012-11-01,30.55,-85.7,134.1,4,36.92,3
2012-11-01,30.55,-84.95,15.5,1,6.77,1
2012-11-01,30.6,-83.55,6.8,1,8.1,1
2012-11-01,30.75,-85.1,7.9,1,10.34,2
2012-11-01,30.85,-86.4,14.6,1,12.97,1
2012-11-02,26.85,-81.4,100.10000000000001,3,54.31999999999999,2
2012-11-02,27.65,-82.2,10.2,1,50.31,9
2012-11-02,29.2,-82.75,36.1,2,9.42,2
2012-11-02,29.55,-83.05,8.9,1,2.56,1
2012-11-02,29.6,-81.4,5.3,1,6.59,1
2012-11-02,29.9,-82.75,4.4,1,3.87,1
2012-11-02,29.95,-83.0,40.900000000000006,2,5.22,2
2012-11-02,30.2,-84.25,237.4,5,205.11,14
2012-11-02,30.2,-84.2,46.9,1,172.10999999999999,7
2012-11-02,30.3,-83.25,52.6,2,22.150000000000002,6
2012-11-02,30.55,-85.7,6.0,1,57.45,2
2012-11-02,30.55,-83.2,45.400000000000006,2,15.120000000000001,2
2012-11-02,30.9,-86.9,20.5,2,5.63,1
2012-11-02,30.9,-85.85,16.8,1,6.88,1
2012-11-02,30.95,-86.8,60.5,3,5.02,1
2012-11-03,29.45,-82.85,10.4,1,27.31,6
2012-11-03,29.95,-83.0,37.6,2,9.2,2
2012-11-03,29.95,-82.85,7.5,1,11.37,3
2012-11-03,30.1,-83.3,72.0,3,12.89,3
2012-11-03,30.3,-83.25,59.699999999999996,2,29.119999999999997,3
2012-11-03,30.55,-84.45,12.3,1,10.26,3
2012-11-03,30.75,-85.1,16.6,1,11.18,1
2012-11-04,30.65,-85.2,12.3,1,27.11,1
2012-11-05,28.8,-81.5,43.7,1,255.89999999999998,2
2012-11-05,29.55,-83.05,67.7,4,19.189999999999998,3
2012-11-05,30.1,-83.05,33.5,2,5.86,1
2012-11-05,30.3,-83.25,153.9,4,99.56,5
2012-11-05,30.45,-86.0,68.7,3,34.300000000000004,4
2012-11-05,30.45,-83.2,15.0,1,11.83,1
2012-11-05,30.5,-83.05,26.6,2,14.34,3
2012-11-05,30.6,-83.2,29.3,2,11.530000000000001,2
2012-11-06,26.95,-80.25,8.3,1,3.2,1
2012-11-06,29.95,-82.85,32.9,2,12.35,1
2012-11-07,26.95,-82.3,24.1,1,10.24,2
2012-11-07,29.15,-81.4,12.7,1,2.1,1
2012-11-07,30.7,-85.8,20.4,2,5.96,1
2012-11-08,26.65,-80.45,12.0,2,8.18,1
2012-11-08,26.7,-81.7,68.9,4,11.66,2
2012-11-08,26.75,-81.7,43.4,2,116.15,13
2012-11-08,27.7,-81.45,5.7,1,3.76,1
2012-11-08,27.75,-82.1,5.0,1,15.08,1
2012-11-08,27.75,-82.05,5.3,1,201.41,7
2012-11-08,28.1,-82.35,34.0,2,6.65,1
2012-11-08,28.4,-82.0,12.4,1,18.200000000000003,3
2012-11-08,28.45,-82.1,21.1,2,6.49,2
2012-11-08,29.35,-82.9,35.599999999999994,2,8.78,2
2012-11-08,29.6,-82.65,5.2,1,2.63,1
2012-11-08,29.6,-81.4,85.2,3,9.94,3
2012-11-08,29.75,-81.9,13.4,1,8.64,2
2012-11-08,29.9,-83.25,33.7,3,66.02000000000001,7
2012-11-08,30.3,-82.95,5.7,1,3.69,1
2012-11-08,30.45,-86.0,28.0,1,22.32,1
2012-11-08,30.45,-85.95,183.5,3,124.12,5
2012-11-08,30.45,-83.2,36.1,3,67.09,8
2012-11-08,30.45,-83.15,8.4,1,30.04,4
2012-11-08,30.55,-85.35,6.1,1,2.45,1
2012-11-08,30.55,-84.95,12.0,2,11.959999999999999,3
2012-11-08,30.75,-85.5,39.3,2,14.08,2
2012-11-08,30.75,-85.1,7.1,1,3.91,1
2012-11-08,30.8,-85.85,300.8,5,322.01,13
2012-11-08,30.95,-85.5,9.7,1,4.94,1
2012-11-09,26.0,-81.65,12.5,1,5.75,2
2012-11-09,26.75,-81.7,32.2,2,29.06,3
2012-11-09,27.6,-81.4,37.1,2,12.5,1
2012-11-09,28.2,-82.0,9.7,1,9.01,1
2012-11-09,28.6,-80.9,16.0,1,1.45,1
2012-11-09,29.55,-83.05,13.0,1,12.76,1
2012-11-09,29.55,-83.0,37.900000000000006,2,14.600000000000001,3
2012-11-09,29.6,-81.4,7.4,1,36.39,4
2012-11-09,30.2,-85.25,27.2,1,5.89,1
2012-11-09,30.25,-83.25,24.6,2,5.34,1
2012-11-09,30.4,-86.0,77.5,2,17.43,3
2012-11-09,30.85,-85.7,36.0,1,28.26,2
2012-11-10,28.65,-82.35,46.8,2,7.29,1
2012-11-10,29.3,-82.85,5.1,1,4.57,1
2012-11-10,29.9,-83.25,74.7,3,57.28,4
2012-11-10,30.45,-85.95,30.3,2,27.04,4
2012-11-10,30.5,-86.75,80.3,1,117.77,9
2012-11-11,30.5,-86.75,137.4,4,151.64,8
2012-11-11,30.8,-87.4,159.7,3,5.4399999999999995,2
2012-11-11,30.8,-87.35,54.2,1,9.370000000000001,3
2012-11-13,30.0,-83.05,9.7,1,14.59,3
2012-11-13,30.25,-85.5,6.5,1,4.800000000000001,2
2012-11-13,30.5,-83.35,59.5,2,21.11,2
2012-11-14,26.85,-81.4,209.3,4,51.53,5
2012-11-15,30.8,-87.1,5.4,1,6.46,2
2012-11-17,28.15,-81.1,14.8,2,7.24,2
2012-11-17,30.6,-86.35,7.3,1,12.83,2
2012-11-17,30.7,-87.25,26.5,2,4.68,1
2012-11-17,30.9,-86.85,26.2,1,10.96,1
2012-11-17,30.9,-86.8,200.3,4,70.67,8
2012-11-17,30.95,-86.15,21.1,1,37.14,3
2012-11-18,26.5,-80.75,11.0,1,28.589999999999996,3
2012-11-18,30.15,-83.85,27.0,4,8.059999999999999,2
2012-11-18,30.7,-87.25,148.2,4,180.04999999999998,15
2012-11-19,30.15,-83.85,20.9,1,12.82,2
2012-11-19,30.3,-83.25,24.2,1,14.040000000000001,2
2012-11-19,30.8,-87.4,573.0,6,168.14000000000001,7
2012-11-20,26.4,-80.55,53.1,1,4.2,1
2012-11-20,26.75,-82.05,6.7,1,26.700000000000003,3
2012-11-20,28.45,-81.65,10.3,1,4.22,1
2012-11-20,29.95,-82.9,11.7,2,1.1,2
2012-11-20,30.1,-83.05,114.2,3,6.14,2
2012-11-20,30.25,-82.75,10.4,1,3.94,1
2012-11-21,26.4,-80.55,68.5,2,34.88,2
2012-11-21,26.6,-80.55,19.6,2,59.23,1
2012-11-21,28.85,-81.5,45.7,1,66.33,5
2012-11-21,28.85,-81.45,17.4,1,16.42,2
2012-11-21,30.0,-83.0,16.8,1,18.46,4
2012-11-21,30.05,-82.65,32.4,2,11.3,2
2012-11-21,30.1,-83.05,42.9,2,11.5,2
2012-11-21,30.25,-83.9,42.7,2,118.92,6
2012-11-21,30.4,-85.95,42.3,2,74.04,2
2012-11-21,30.65,-85.0,9.8,1,3.78,1
2012-11-21,30.95,-86.25,71.8,2,160.7,5
2012-11-21,30.95,-85.5,11.2,1,3.44,2
2012-11-23,26.65,-80.6,184.8,3,1.86,1
2012-11-23,30.05,-82.65,9.1,1,4.08,1
2012-11-23,30.4,-83.3,13.2,1,17.48,4
2012-11-23,30.55,-86.8,53.9,2,16.63,3
2012-11-23,30.55,-83.35,8.4,1,3.67,1
2012-11-23,30.8,-87.4,213.0,2,189.93,10
2012-11-23,30.95,-86.15,5.8,1,5.67,2
2012-11-24,26.75,-82.05,22.0,2,16.42,1
2012-11-24,29.65,-82.7,19.6,1,23.46,2
2012-11-24,30.2,-84.75,5.1,1,5.14,1
2012-11-25,30.7,-86.35,61.0,2,7.8,1
2012-11-26,26.7,-81.7,24.9,2,23.99,3
2012-11-26,26.75,-81.05,7.2,1,5.27,2
2012-11-26,26.85,-81.4,60.5,2,29.16,4
2012-11-26,27.25,-81.1,50.8,1,50.989999999999995,2
2012-11-26,27.35,-81.75,9.0,1,6.31,1
2012-11-26,27.45,-82.2,15.8,1,23.8,2
2012-11-26,27.45,-82.15,19.4,1,28.32,3
2012-11-26,27.5,-81.9,9.9,1,11.89,2
2012-11-26,28.3,-82.1,5.8,1,10.61,2
2012-11-26,28.45,-81.65,15.2,1,12.629999999999999,2
2012-11-26,29.4,-82.05,22.7,1,11.69,1
2012-11-26,29.4,-82.0,7.6,1,11.69,1
2012-11-26,29.7,-82.75,9.0,1,7.09,1
2012-11-26,29.8,-82.9,143.6,4,22.04,2
2012-11-26,29.95,-84.75,30.7,2,65.24000000000001,7
2012-11-26,30.45,-83.2,41.8,2,9.42,1
2012-11-27,29.85,-82.05,43.8,2,80.68,6
2012-11-28,26.35,-80.75,1036.1,5,206.94,13
2012-11-28,28.05,-81.2,7.9,1,31.95,4
2012-11-29,27.85,-81.1,4.8,1,1.54,1
2012-11-29,28.05,-81.2,40.3,1,19.75,4
2012-11-29,28.75,-81.5,118.2,3,60.72,5
2012-11-29,29.05,-81.15,26.7,1,214.91,5
2012-11-29,29.2,-82.65,16.1,1,316.91,10
2012-11-29,29.2,-82.6,13.9,1,8.780000000000001,2
2012-11-29,29.8,-82.9,40.0,2,4.75,1
2012-11-29,29.9,-84.75,124.0,4,4.01,1
2012-11-29,29.95,-82.0,21.1,2,25.04,2
2012-11-29,30.45,-83.75,63.3,3,5.2,1
2012-11-29,30.6,-83.2,14.9,1,2.17,1
2012-11-29,30.65,-86.35,18.8,1,7.5,1
2012-11-29,30.65,-86.3,31.0,1,22.700000000000003,3
2012-11-30,29.8,-83.05,13.7,1,8.67,1
2012-11-30,29.9,-81.95,92.1,2,19.799999999999997,3
2012-11-30,30.3,-86.1,8.5,1,28.42,4
2012-11-30,30.5,-83.05,28.1,2,12.100000000000001,3
2012-12-01,30.0,-84.75,85.80000000000001,3,40.44,7
2012-12-01,30.45,-85.7,11.7,1,7.34,1
2012-12-01,30.6,-83.2,18.2,1,4.92,1
2012-12-01,30.75,-86.85,196.8,2,102.57,8
2012-12-01,30.75,-86.05,27.5,1,52.42,6
2012-12-02,30.5,-86.2,25.1,1,4.53,1
2012-12-02,30.75,-87.15,57.3,1,35.64,1
2012-12-03,26.75,-81.65,65.4,1,21.22,2
2012-12-03,28.05,-81.3,31.299999999999997,2,116.95,5
2012-12-03,28.2,-80.8,19.2,2,6.06,2
2012-12-03,30.25,-85.95,28.6,1,35.3,3
2012-12-03,30.65,-86.35,102.19999999999999,2,11.67,1
2012-12-03,30.7,-86.35,60.0,1,6.29,1
2012-12-03,30.75,-87.15,50.599999999999994,2,88.01,1
2012-12-03,30.75,-86.05,40.8,2,10.26,2
2012-12-04,26.8,-81.85,43.0,4,7.99,1
2012-12-04,28.45,-81.65,7.6,1,27.94,3
2012-12-04,28.65,-80.9,108.3,3,150.10000000000002,4
2012-12-04,29.55,-81.9,27.0,2,6.78,2
2012-12-04,29.95,-81.95,48.199999999999996,2,75.35,4
2012-12-04,30.1,-83.05,17.4,1,11.3,2
2012-12-04,30.15,-81.55,3.6,1,1.55,1
2012-12-05,28.45,-81.65,8.4,1,2.74,1
2012-12-05,29.95,-84.55,13.7,1,24.509999999999998,3
2012-12-05,30.1,-83.05,8.5,1,10.079999999999998,2
2012-12-05,30.4,-83.9,10.1,1,8.26,1
2012-12-05,30.45,-85.45,24.5,1,17.05,2
2012-12-05,30.5,-83.35,40.5,2,26.45,3
2012-12-05,30.55,-83.35,13.6,1,3.82,1
2012-12-05,30.6,-83.2,7.2,1,6.81,2
2012-12-06,29.5,-82.9,8.4,1,2.36,1
2012-12-06,30.0,-82.0,43.0,1,7.01,1
2012-12-06,30.75,-86.75,11.9,1,65.99,4
2012-12-06,30.75,-86.05,85.8,1,58.959999999999994,2
2012-12-06,30.9,-86.35,12.2,1,35.07,1
2012-12-08,27.4,-80.55,14.1,1,17.38,3
2012-12-08,30.3,-83.6,15.2,2,10.17,1
2012-12-10,30.65,-85.15,36.0,2,141.68,5
2012-12-14,25.55,-80.6,496.3,7,36.32,2
2012-12-17,28.35,-81.3,71.0,1,23.35,3
2012-12-17,28.9,-81.35,20.0,1,4.39,1
2012-12-17,29.25,-82.1,6.7,1,24.799999999999997,2
2012-12-17,29.5,-81.75,65.7,2,17.09,4
2012-12-18,26.8,-80.4,14.2,1,5.67,1
2012-12-18,28.25,-81.15,178.4,1,41.6,7
2012-12-18,29.6,-82.7,5.5,1,3.9,1
2012-12-19,26.5,-81.45,67.1,2,5.71,1
2012-12-19,26.65,-81.55,7.3,1,3.65,1
2012-12-19,26.75,-81.75,187.9,4,27.5,2
2012-12-19,26.95,-82.3,41.8,3,28.52,4
2012-12-19,27.5,-80.55,49.0,3,55.17,8
2012-12-19,28.25,-82.4,8.4,1,7.98,1
2012-12-19,29.35,-82.9,7.1,1,4.91,1
2012-12-19,29.6,-82.85,27.799999999999997,2,13.37,1
2012-12-19,29.7,-83.05,6.5,1,4.51,1
2012-12-19,29.7,-82.9,27.2,3,19.119999999999997,2
2012-12-19,29.8,-83.1,4.3,1,8.75,1
2012-12-19,29.9,-82.95,15.7,1,7.54,1
2012-12-19,29.9,-82.9,6.6,1,7.54,1
2012-12-19,30.0,-84.85,59.7,3,31.72,4
2012-12-19,30.1,-82.6,4.7,1,6.77,1
2012-12-19,30.2,-82.25,22.9,2,45.66,4
2012-12-19,30.25,-84.3,13.9,2,12.19,3
2012-12-19,30.5,-85.05,49.9,2,19.18,1
2012-12-19,30.5,-85.0,62.2,2,62.46,4
2012-12-19,30.55,-86.4,18.0,1,8.72,2
2012-12-19,30.55,-86.35,11.9,1,50.39,6
2012-12-19,30.55,-84.05,4.9,1,3.26,1
2012-12-19,30.55,-83.8,13.7,2,11.29,1
2012-12-19,30.6,-83.15,6.8,1,17.09,3
2012-12-19,30.6,-81.8,11.1,1,12.02,1
2012-12-20,28.5,-82.0,11.5,2,123.09,11
2012-12-21,26.45,-80.55,3.7,1,20.87,1
2012-12-22,29.35,-82.15,9.0,1,19.54,1
2012-12-22,30.8,-87.2,8.4,1,7.52,2
2012-12-22,30.8,-86.75,60.9,3,16.259999999999998,3
2012-12-27,26.75,-81.75,5.6,1,21.62,4
2012-12-27,29.35,-82.95,9.6,1,7.93,2
2012-12-27,29.4,-82.0,34.1,1,13.4,2
2012-12-27,30.1,-83.05,7.8,1,12.44,2
2012-12-28,30.0,-84.9,47.2,2,27.99,7
2012-12-28,30.0,-82.75,4.5,1,3.54,1
2012-12-28,30.15,-81.95,7.6,1,8.25,1
2012-12-28,30.25,-82.8,8.9,2,4.63,1
2012-12-28,30.25,-82.5,79.7,3,81.96000000000001,6
2012-12-28,30.5,-83.3,13.0,1,14.67,2
2012-12-30,28.35,-81.3,8.4,1,2.07,1
2012-12-30,30.6,-86.8,74.1,2,4.34,1
2012-12-30,30.6,-86.75,38.1,1,5.68,1
2012-12-31,27.05,-80.5,50.8,2,7.02,2
2012-12-31,27.35,-80.55,6.1,1,2.78,1
2012-12-31,27.8,-82.35,7.9,1,2.27,1
2012-12-31,27.8,-80.7,8.6,1,2.44,1
2012-12-31,28.95,-82.25,18.7,2,11.65,2
2012-12-31,29.5,-82.8,10.3,1,8.02,2
2012-12-31,30.25,-83.2,52.5,3,8.36,1
2012-12-31,30.25,-82.8,12.7,1,8.870000000000001,2
2013-01-02,26.6,-81.0,20.9,1,23.17,3
2013-01-02,26.75,-81.75,131.2,2,142.88,8
2013-01-02,27.8,-80.7,24.9,2,9.780000000000001,2
2013-01-02,28.1,-81.55,92.0,2,38.5,1
2013-01-05,27.85,-82.25,6.6,1,4.12,2
2013-01-07,30.55,-86.7,90.9,2,663.52,18
2013-01-07,30.55,-86.65,36.8,1,213.62,15
2013-01-07,30.95,-85.85,12.2,1,3.01,1
2013-01-08,26.8,-81.85,139.8,3,96.24,8
2013-01-08,28.75,-82.4,50.5,2,16.560000000000002,4
2013-01-08,30.25,-85.0,32.1,2,88.31,13
2013-01-09,26.8,-81.85,24.8,2,12.75,3
2013-01-10,26.75,-81.75,31.700000000000003,2,39.21,6
2013-01-10,29.0,-82.3,7.8,1,2.03,1
2013-01-10,29.35,-82.85,17.1,1,7.6,1
2013-01-10,30.1,-81.95,113.1,3,6.44,1
2013-01-10,30.1,-81.9,18.8,1,34.739999999999995,4
2013-01-10,30.3,-82.4,77.7,4,31.9,6
2013-01-11,26.75,-81.75,18.0,2,25.12,4
2013-01-11,27.95,-80.6,11.1,1,42.68,3
2013-01-11,28.55,-82.6,21.6,2,33.86,3
2013-01-11,29.3,-82.35,41.900000000000006,2,20.0,3
2013-01-11,29.65,-83.0,111.8,2,106.62,2
2013-01-11,30.35,-82.4,133.9,3,5.03,1
2013-01-11,30.4,-82.4,57.4,1,22.919999999999998,4
2013-01-11,30.4,-82.35,227.8,5,219.69,28
2013-01-11,30.5,-85.7,16.1,2,31.77,4
2013-01-11,30.7,-85.1,18.8,1,25.62,2
2013-01-12,30.15,-82.7,4.4,1,0.92,1
2013-01-12,30.25,-82.4,792.9,11,13.4,3
2013-01-13,26.5,-80.75,56.0,3,4.04,1
2013-01-13,26.55,-81.35,28.5,2,16.55,1
2013-01-13,27.0,-81.15,13.600000000000001,2,16.68,5
2013-01-13,27.3,-81.8,10.9,1,14.68,4
2013-01-13,30.55,-81.75,16.1,1,27.82,4
2013-01-14,26.4,-81.75,9.0,2,9.36,2
2013-01-14,26.75,-81.75,8.2,1,7.51,2
2013-01-14,26.85,-81.8,10.9,1,65.43,7
2013-01-14,26.9,-82.3,44.1,1,14.170000000000002,3
2013-01-14,29.5,-82.25,6.6,1,1.98,1
2013-01-14,29.55,-81.6,8.7,1,15.91,2
2013-01-14,29.65,-82.7,4.1,1,3.43,1
2013-01-14,29.8,-83.35,137.8,3,14.52,1
2013-01-14,29.8,-83.3,35.3,1,14.52,1
2013-01-14,30.0,-84.9,14.299999999999999,2,7.44,2
2013-01-14,30.1,-83.05,75.5,2,9.52,3
2013-01-14,30.25,-82.8,11.2,2,6.8,2
2013-01-14,30.45,-83.35,21.3,3,26.29,4
2013-01-14,30.5,-83.05,6.5,1,9.219999999999999,2
2013-01-15,25.85,-81.15,15.5,1,22.299999999999997,4
2013-01-15,26.9,-81.4,55.7,1,14.309999999999999,2
2013-01-15,26.9,-81.35,315.7,1,50.769999999999996,2
2013-01-15,27.3,-81.1,10.6,1,26.6,2
2013-01-15,27.7,-80.8,12.7,1,27.18,3
2013-01-15,27.9,-81.35,48.0,2,41.330000000000005,2
2013-01-15,28.2,-82.6,34.7,1,3.46,1
2013-01-15,28.55,-81.05,18.2,1,11.19,2
2013-01-15,29.35,-82.45,9.1,1,10.35,2
2013-01-15,29.5,-81.6,14.5,2,23.51,1
2013-01-15,29.65,-83.0,6.2,1,7.82,1
2013-01-15,29.7,-82.75,21.4,1,7.08,1
2013-01-15,30.0,-82.0,8.5,1,11.42,2
2013-01-15,30.1,-83.05,14.8,2,11.03,2
2013-01-15,30.35,-83.2,8.5,1,5.0,1
2013-01-15,30.55,-82.3,13.9,1,16.36,1
2013-01-15,30.6,-83.35,28.4,3,26.709999999999997,3
2013-01-16,26.55,-81.1,9.2,1,1.93,1
2013-01-16,26.85,-81.85,101.8,3,2.27,1
2013-01-16,27.0,-81.1,38.8,2,24.060000000000002,4
2013-01-16,27.2,-81.25,12.3,1,2.8,1
2013-01-16,27.3,-81.1,62.2,3,165.82,8
2013-01-16,27.65,-81.15,65.5,2,3.56,1
2013-01-16,27.65,-81.1,6.1,1,191.38,13
2013-01-16,27.75,-81.25,6.0,1,11.91,1
2013-01-16,27.8,-81.8,72.5,2,6.9399999999999995,2
2013-01-16,27.85,-80.95,208.0,4,33.46,4
2013-01-16,29.35,-82.85,33.8,2,7.44,1
2013-01-16,29.5,-82.3,12.7,1,13.46,2
2013-01-16,30.1,-83.05,12.1,1,0.53,1
2013-01-16,30.2,-82.4,7.9,1,31.97,5
2013-01-16,30.25,-82.65,345.09999999999997,2,17.61,2
2013-01-16,30.25,-82.6,702.6,2,33.67,3
2013-01-16,30.3,-82.6,7.1,1,45.73,1
2013-01-17,26.75,-81.7,22.7,1,8.78,2
2013-01-17,26.85,-81.95,25.8,1,56.86,5
2013-01-17,27.05,-81.25,40.6,1,13.24,2
2013-01-17,27.3,-81.15,20.0,1,41.1,2
2013-01-17,28.65,-80.75,71.0,2,3.54,1
2013-01-18,26.25,-81.4,16.7,2,26.34,4
2013-01-18,26.25,-81.1,14.100000000000001,2,13.030000000000001,3
2013-01-18,26.75,-81.7,12.1,1,27.599999999999998,3
2013-01-18,30.3,-85.75,19.4,1,21.48,5
2013-01-18,30.35,-82.4,12.2,1,7.07,1
2013-01-18,30.4,-85.9,17.9,3,10.350000000000001,3
2013-01-18,30.4,-85.7,8.2,1,8.66,3
2013-01-18,30.4,-83.95,5.0,1,2.89,1
2013-01-18,30.5,-84.8,6.2,1,6.99,1
2013-01-18,30.55,-86.65,17.6,1,9.48,3
2013-01-18,30.55,-86.6,112.0,3,93.95,14
2013-01-18,30.6,-85.15,6.2,1,9.149999999999999,3
2013-01-18,30.6,-84.35,33.2,2,19.63,3
2013-01-19,29.5,-82.75,6.0,1,5.61,1
2013-01-19,29.85,-82.25,5.7,1,6.47,1
2013-01-19,30.15,-82.8,6.1,1,1.69,1
2013-01-19,30.35,-84.3,11.0,1,12.32,2
2013-01-19,30.4,-84.2,4.4,1,4.720000000000001,2
2013-01-19,30.45,-83.15,5.7,1,2.24,1
2013-01-19,30.5,-84.8,16.3,2,5.56,1
2013-01-19,30.5,-83.05,28.1,1,13.56,3
2013-01-19,30.5,-82.85,29.8,1,11.64,2
2013-01-19,30.5,-82.8,24.5,1,61.1,6
2013-01-19,30.55,-83.5,62.8,1,45.46,2
2013-01-19,30.55,-83.45,15.2,1,14.07,1
2013-01-19,30.55,-83.35,24.7,4,4.06,1
2013-01-19,30.6,-83.35,35.7,2,28.78,4
2013-01-19,30.65,-82.05,37.6,1,14.14,1
2013-01-19,30.65,-82.0,31.6,2,4.24,1
2013-01-20,26.55,-80.95,8.5,1,9.27,1
2013-01-20,29.7,-83.05,3.8,1,4.66,1
2013-01-20,30.15,-82.3,15.0,2,2.47,1
2013-01-20,30.25,-81.95,6.7,1,4.91,1
2013-01-20,30.3,-83.25,8.9,1,5.69,1
2013-01-20,30.35,-85.75,63.0,2,51.17,4
2013-01-20,30.5,-82.85,19.4,1,144.07,5
2013-01-20,30.55,-83.35,17.9,2,2.93,1
2013-01-20,30.65,-84.35,23.700000000000003,2,22.4,4
2013-01-21,30.5,-83.3,24.700000000000003,2,22.89,3
2013-01-21,30.6,-83.55,9.0,1,6.779999999999999,2
2013-01-21,30.75,-87.0,24.8,1,3.17,1
2013-01-21,30.8,-86.9,92.6,2,108.56,16
2013-01-22,30.5,-85.05,61.5,2,9.61,1
2013-01-22,30.65,-85.85,33.3,1,16.92,2
2013-01-22,30.65,-85.2,9.2,1,5.66,1
2013-01-22,30.9,-85.8,55.3,1,22.68,2
2013-01-23,25.8,-81.2,162.4,3,14.870000000000001,2
2013-01-23,26.75,-81.75,32.1,2,7.82,1
2013-01-23,26.75,-81.7,27.4,1,32.05,4
2013-01-23,26.8,-81.7,8.7,1,4.29,1
2013-01-23,27.2,-82.15,45.099999999999994,2,7.34,1
2013-01-23,27.2,-81.8,48.1,2,85.88,7
2013-01-23,27.2,-81.25,7.9,1,2.74,1
2013-01-23,27.25,-82.1,29.2,1,14.4,1
2013-01-23,27.55,-81.6,27.9,2,12.1,2
2013-01-23,27.7,-81.3,102.0,4,211.17000000000002,6
2013-01-23,27.95,-81.8,6.3,1,2.19,1
2013-01-23,29.0,-82.3,6.8,1,89.84,3
2013-01-23,29.35,-82.85,7.4,1,1.51,1
2013-01-23,29.4,-82.0,109.4,2,5.57,1
2013-01-23,29.5,-82.7,21.6,1,4.29,1
2013-01-23,29.55,-82.7,19.3,1,2.04,1
2013-01-23,29.6,-82.7,167.60000000000002,5,76.63,3
2013-01-23,29.9,-84.65,84.4,3,3.9,1
2013-01-23,29.9,-81.95,19.0,1,13.169999999999998,3
2013-01-23,29.9,-81.85,11.8,1,8.21,1
2013-01-23,29.95,-84.9,604.5,7,1427.89,51
2013-01-23,29.95,-82.0,154.1,3,16.02,2
2013-01-23,30.0,-82.0,7.4,1,17.79,3
2013-01-23,30.05,-82.6,295.3,3,94.05,5
2013-01-23,30.1,-83.05,45.6,3,12.9,2
2013-01-23,30.15,-82.7,9.8,1,5.06,1
2013-01-23,30.15,-81.95,133.2,2,23.36,2
2013-01-23,30.25,-84.35,242.39999999999998,2,193.17000000000002,4
2013-01-23,30.3,-86.1,24.9,2,53.71,2
2013-01-23,30.45,-85.45,27.6,1,62.06999999999999,4
2013-01-23,30.45,-81.9,102.30000000000001,3,80.51,1
2013-01-23,30.5,-85.95,87.6,4,3.06,1
2013-01-23,30.5,-84.85,29.299999999999997,2,5.14,1
2013-01-23,30.5,-83.05,16.4,1,8.38,1
2013-01-23,30.5,-82.8,398.6,2,21.99,1
2013-01-23,30.55,-83.35,10.8,1,9.43,1
2013-01-23,30.55,-83.3,22.9,1,11.16,1
2013-01-23,30.55,-83.25,14.1,1,17.71,2
2013-01-23,30.6,-83.9,19.6,2,8.94,2
2013-01-23,30.75,-86.05,8.7,1,5.86,1
2013-01-23,30.8,-87.4,16.4,1,41.16,4
2013-01-23,30.8,-86.1,16.1,1,47.08,1
2013-01-24,26.75,-81.7,17.9,1,41.540000000000006,3
2013-01-24,26.95,-81.25,81.1,3,73.27,7
2013-01-24,27.0,-80.2,9.3,1,7.5600000000000005,2
2013-01-24,27.15,-82.1,15.3,1,12.760000000000002,3
2013-01-24,27.15,-81.2,25.9,2,19.35,3
2013-01-24,27.3,-81.15,53.5,1,11.3,3
2013-01-24,27.4,-82.2,99.19999999999999,2,107.12,3
2013-01-24,27.85,-80.95,7.3,1,33.22,2
2013-01-24,27.85,-80.7,32.7,1,190.67,3
2013-01-24,27.9,-81.1,38.7,2,93.49000000000001,7
2013-01-24,28.0,-81.2,80.6,2,14.5,2
2013-01-24,28.0,-80.9,10.6,1,22.55,7
2013-01-24,28.05,-81.4,12.1,1,30.54,4
2013-01-24,28.1,-81.25,54.5,1,57.49,4
2013-01-24,28.1,-81.05,343.2,5,362.55,7
2013-01-24,28.15,-80.8,11.1,1,10.62,2
2013-01-24,28.2,-80.8,13.7,1,9.06,2
2013-01-24,28.35,-81.15,26.8,1,112.87,6
2013-01-24,28.6,-81.05,1047.3,4,10.07,3
2013-01-24,28.75,-80.9,66.2,2,29.04,2
2013-01-24,29.05,-81.0,88.0,2,123.57,2
2013-01-24,29.5,-81.75,36.4,2,112.55999999999999,8
2013-01-24,29.5,-81.6,79.5,2,136.8,4
2013-01-24,29.55,-82.65,228.0,6,48.06,2
2013-01-24,29.55,-82.3,14.5,1,24.990000000000002,3
2013-01-24,29.6,-82.7,11.9,1,3.32,1
2013-01-24,29.7,-81.85,7.7,1,29.97,1
2013-01-24,29.9,-84.65,106.8,2,8.27,2
2013-01-24,29.95,-84.9,46.7,1,85.33,9
2013-01-24,29.95,-84.65,125.1,3,40.379999999999995,8
2013-01-24,29.95,-84.6,95.0,2,30.23,6
2013-01-24,30.25,-84.35,30.9,2,5.31,1
2013-01-24,30.3,-85.5,16.1,2,17.02,1
2013-01-24,30.4,-85.9,40.5,2,34.58,3
2013-01-24,30.45,-86.1,264.3,4,57.47,9
2013-01-24,30.5,-81.75,16.1,1,14.87,4
2013-01-24,30.55,-81.75,15.5,1,29.62,4
2013-01-24,30.6,-84.6,8.0,1,2.62,1
2013-01-24,30.7,-85.45,8.1,1,2.68,1
2013-01-24,30.8,-87.45,111.0,3,51.67,5
2013-01-24,30.8,-86.1,6.0,1,2.89,1
2013-01-24,30.8,-84.95,13.4,1,5.53,1
2013-01-24,30.85,-85.85,39.2,1,34.44,4
2013-01-25,26.8,-81.8,9.2,1,39.4,5
2013-01-25,26.95,-81.25,270.4,5,52.21,7
2013-01-25,27.05,-81.9,264.8,5,46.28,6
2013-01-25,27.2,-81.25,17.4,2,2.98,1
2013-01-25,27.3,-81.1,66.10000000000001,3,15.870000000000001,3
2013-01-25,27.35,-81.1,19.5,1,42.4,2
2013-01-25,27.8,-81.25,66.0,2,15.95,2
2013-01-25,28.15,-82.15,17.2,1,29.72,1
2013-01-25,28.2,-82.0,248.2,3,53.67,3
2013-01-25,29.75,-85.05,64.9,1,304.93,10
2013-01-25,29.75,-85.0,250.89999999999998,4,506.40000000000003,14
2013-01-25,29.75,-83.55,163.0,1,17.97,3
2013-01-25,30.15,-82.7,7.0,1,8.959999999999999,4
2013-01-25,30.4,-83.3,135.8,2,62.39,3
2013-01-25,30.4,-83.25,13.0,1,4.98,1
2013-01-25,30.5,-82.55,20.6,2,17.63,3
2013-01-25,30.55,-83.3,49.0,1,18.43,3
2013-01-25,30.6,-83.55,50.1,3,5.19,1
2013-01-25,30.7,-86.0,9.2,1,20.67,1
2013-01-26,26.8,-81.75,21.2,1,9.9,2
2013-01-26,26.8,-81.1,167.5,3,25.27,2
2013-01-26,27.05,-80.25,78.4,1,50.46,5
2013-01-26,27.05,-80.2,19.8,1,3.3,1
2013-01-26,28.35,-81.15,511.2,3,184.7,9
2013-01-26,30.6,-83.4,16.2,2,14.760000000000002,3
2013-01-27,26.0,-81.4,261.90000000000003,6,156.97,8
2013-01-27,26.2,-81.4,12.2,1,52.56,4
2013-01-27,26.8,-81.1,23.9,1,3.27,1
2013-01-27,27.45,-81.15,20.4,1,25.36,5
2013-01-27,27.8,-80.55,8.4,1,12.17,3
2013-01-27,30.3,-85.5,5.0,1,2.98,1
2013-01-27,30.75,-85.1,9.5,2,23.759999999999998,3
2013-01-27,30.8,-86.9,44.8,2,39.05,2
2013-01-27,30.95,-85.45,22.3,1,5.7,2
2013-01-28,26.7,-80.45,221.1,2,2.22,1
2013-01-28,29.0,-82.3,8.4,1,121.03,4
2013-01-28,30.0,-82.05,7.3,1,1245.2,17
2013-01-29,25.95,-81.4,87.5,2,232.08,12
2013-01-29,26.9,-81.2,21.5,2,19.72,4
2013-01-29,27.0,-81.3,339.1,3,286.92,8
2013-01-29,27.0,-81.15,73.0,2,43.239999999999995,2
2013-01-29,27.25,-82.15,12.6,1,13.98,3
2013-01-29,27.5,-82.25,10.2,1,16.75,1
2013-01-29,27.5,-82.15,116.6,3,110.51,8
2013-01-29,27.55,-81.25,8.6,1,10.22,2
2013-01-29,28.15,-80.7,44.8,2,56.03,4
2013-01-29,28.25,-80.8,6.7,1,8.74,1
2013-01-29,28.75,-81.45,10.2,1,6.96,1
2013-01-29,28.8,-81.4,56.8,2,32.35,1
2013-01-29,29.25,-82.1,10.1,1,29.369999999999997,4
2013-01-29,29.4,-82.05,16.5,2,24.12,2
2013-01-29,29.55,-82.7,18.6,1,18.49,2
2013-01-29,29.55,-82.55,10.8,1,5.69,1
2013-01-29,29.6,-82.7,46.2,1,66.78,3
2013-01-29,29.7,-81.3,6.2,1,8.76,1
2013-01-29,29.75,-82.9,9.5,1,6.32,1
2013-01-29,29.9,-85.0,31.799999999999997,2,22.830000000000002,3
2013-01-29,29.9,-84.95,43.3,2,6.41,2
2013-01-29,29.9,-82.7,19.6,1,22.86,3
2013-01-29,30.0,-82.05,200.8,4,671.81,20
2013-01-29,30.05,-83.15,6.9,1,6.85,1
2013-01-29,30.1,-83.05,7.3,1,9.9,1
2013-01-29,30.2,-84.1,198.5,6,49.95,5
2013-01-29,30.25,-84.35,189.2,4,22.21,4
2013-01-29,30.4,-83.95,11.5,1,17.15,3
2013-01-29,30.45,-83.95,29.1,2,69.0,4
2013-01-29,30.5,-83.05,44.8,3,60.379999999999995,6
2013-01-29,30.55,-84.05,88.4,2,69.13000000000001,5
2013-01-29,30.55,-83.25,370.9,3,265.96,3
2013-01-29,30.6,-84.6,99.3,3,2.97,1
2013-01-29,30.6,-84.2,43.1,2,72.89,5
2013-01-29,30.6,-83.95,25.4,1,27.160000000000004,3
2013-01-30,26.55,-80.85,42.5,1,16.68,1
2013-01-30,29.65,-83.0,19.4,2,3.2700000000000005,3
2013-01-31,29.15,-81.25,15.6,1,23.4,1
2013-01-31,30.1,-83.05,98.0,3,24.88,3
2013-01-31,30.5,-83.05,9.9,1,6.39,1
2013-02-01,26.4,-80.9,197.3,3,57.76,4
2013-02-01,26.4,-80.85,222.0,3,101.89999999999999,7
2013-02-01,27.7,-81.35,24.9,1,98.72,12
2013-02-01,28.0,-80.9,74.3,4,77.36,7
2013-02-01,28.05,-81.2,68.69999999999999,2,143.91,6
2013-02-01,29.2,-82.2,7.5,1,1.1099999999999999,2
2013-02-01,29.35,-82.85,38.6,1,18.59,2
2013-02-01,30.3,-85.5,21.9,1,13.530000000000001,2
2013-02-01,30.5,-85.95,24.4,2,5.61,1
2013-02-01,30.6,-86.5,40.4,3,35.400000000000006,5
2013-02-01,30.65,-86.5,5.1,1,7.18,3
2013-02-01,30.8,-86.8,37.0,3,21.83,5
2013-02-02,26.8,-81.7,83.1,2,7.09,2
2013-02-02,29.9,-82.95,32.0,2,11.23,2
2013-02-02,30.25,-84.4,83.30000000000001,2,3.88,1
2013-02-02,30.25,-82.35,20.7,1,3.2,1
2013-02-02,30.35,-83.0,12.8,1,21.11,2
2013-02-02,30.4,-83.3,44.5,2,35.08,5
2013-02-02,30.45,-86.8,219.8,2,183.18,25
2013-02-02,30.5,-82.8,30.3,1,16.25,3
2013-02-02,30.8,-85.95,75.5,3,11.14,2
2013-02-03,29.1,-81.7,65.6,2,45.43,1
2013-02-03,29.45,-82.65,174.7,3,31.77,1
2013-02-03,30.5,-83.85,5.8,1,9.31,2
2013-02-03,30.6,-85.55,7.5,1,7.28,1
2013-02-03,30.65,-84.3,4.3,1,2.38,1
2013-02-03,30.8,-87.6,146.4,5,38.06,2
2013-02-03,30.95,-86.25,8.4,1,67.49,5
2013-02-04,27.05,-81.35,23.9,1,8.47,1
2013-02-04,27.55,-82.0,80.2,2,66.28,5
2013-02-04,27.65,-81.1,297.6,2,72.35,10
2013-02-05,26.2,-81.4,6.7,1,1.73,2
2013-02-05,26.2,-80.85,21.1,2,6.44,1
2013-02-05,26.4,-81.4,15.7,1,10.86,2
2013-02-05,26.8,-81.8,5.9,1,8.87,1
2013-02-05,26.95,-81.3,8.8,1,24.66,1
2013-02-05,27.0,-81.3,15.6,1,78.63,3
2013-02-05,27.05,-81.3,22.1,1,28.66,3
2013-02-05,27.1,-80.4,8.7,1,2.47,1
2013-02-05,27.2,-82.2,61.5,2,54.62,1
2013-02-05,27.4,-82.45,8.6,1,7.86,1
2013-02-05,27.4,-80.75,138.1,4,9.3,2
2013-02-05,27.45,-81.65,18.6,1,1.56,1
2013-02-05,27.5,-80.9,37.5,3,19.14,2
2013-02-05,27.55,-82.0,16.6,2,12.24,3
2013-02-05,27.6,-81.8,5.3,1,5.17,1
2013-02-05,27.85,-81.1,6.7,1,16.9,2
2013-02-05,28.3,-82.6,112.2,2,7.07,1
2013-02-05,30.0,-82.4,25.0,2,17.23,3
2013-02-06,25.45,-80.4,9.1,1,4.05,1
2013-02-06,26.1,-81.8,10.1,1,6.03,1
2013-02-06,27.4,-82.45,6.9,1,5.38,2
2013-02-07,26.8,-81.9,78.7,1,11.59,1
2013-02-07,26.8,-81.85,45.0,2,68.97,4
2013-02-07,27.0,-81.1,9.2,1,4.43,1
2013-02-07,27.4,-81.85,29.9,2,4.05,1
2013-02-08,26.1,-81.8,10.6,1,6.97,1
2013-02-08,27.0,-81.3,296.5,4,4.93,1
2013-02-08,27.05,-81.3,230.5,3,216.43,8
2013-02-08,27.55,-82.0,8.5,1,16.11,4
2013-02-08,27.6,-82.1,41.9,4,84.18,4
2013-02-08,28.05,-81.0,6.2,1,47.480000000000004,5
2013-02-08,28.1,-81.25,437.6,4,26.93,4
2013-02-08,28.4,-82.5,7.2,1,4.07,1
2013-02-09,26.25,-81.45,34.9,1,28.889999999999997,3
2013-02-09,27.2,-82.15,6.7,1,2.67,1
2013-02-09,27.35,-82.1,9.7,1,12.629999999999999,4
2013-02-09,27.65,-81.65,204.5,3,41.89,3
2013-02-09,27.7,-81.65,12.6,1,2.61,1
2013-02-09,29.55,-83.0,46.7,3,29.64,3
2013-02-09,29.65,-82.05,6.7,1,0.62,1
2013-02-09,29.65,-82.0,13.2,1,4.85,1
2013-02-09,29.8,-81.95,57.099999999999994,2,44.64,3
2013-02-09,29.9,-82.95,43.3,2,23.96,2
2013-02-09,30.0,-84.45,70.0,1,30.78,4
2013-02-09,30.25,-83.0,20.5,2,28.01,4
2013-02-09,30.3,-83.25,31.5,2,38.76,4
2013-02-09,30.35,-83.15,12.4,1,9.24,2
2013-02-09,30.5,-87.0,71.0,2,21.619999999999997,3
2013-02-09,30.55,-81.8,12.7,1,32.2,3
2013-02-09,30.65,-86.95,501.4,7,82.19,12
2013-02-09,30.65,-86.9,81.9,3,14.110000000000001,3
2013-02-09,30.95,-86.75,15.0,1,47.83,8
2013-02-11,27.0,-81.3,471.4,1,6.49,1
2013-02-11,27.45,-81.15,34.7,2,13.19,2
2013-02-11,27.5,-81.05,40.8,2,146.91,6
2013-02-11,27.55,-82.0,67.80000000000001,2,13.64,1
2013-02-11,27.55,-81.05,16.7,1,17.93,2
2013-02-11,27.85,-80.7,37.4,1,21.26,2
2013-02-11,28.1,-80.8,326.7,3,52.15,1
2013-02-11,28.45,-81.15,13.2,1,9.37,1
2013-02-11,29.15,-81.5,36.6,1,104.66,4
2013-02-12,26.25,-81.35,12.0,1,19.78,3
2013-02-12,26.3,-81.15,12.5,1,50.330000000000005,2
2013-02-12,26.55,-80.8,4.8,1,4.029999999999999,2
2013-02-12,27.35,-81.85,71.0,1,16.65,2
2013-02-12,27.55,-80.6,11.8,1,9.030000000000001,2
2013-02-12,27.6,-81.25,28.9,1,41.57,3
2013-02-12,27.6,-81.2,13.4,1,17.96,1
2013-02-12,28.0,-81.15,19.9,1,87.54,2
2013-02-12,28.45,-81.2,38.9,2,42.81,8
2013-02-12,29.7,-82.25,10.3,1,46.69,5
2013-02-13,26.1,-81.8,9.3,1,2.24,1
2013-02-13,26.45,-80.8,9.4,1,6.6,3
2013-02-13,26.45,-80.75,23.2,2,3.32,2
2013-02-13,27.0,-81.15,65.9,1,35.8,4
2013-02-13,28.6,-80.7,58.0,1,167.19,7
2013-02-15,28.9,-81.7,3.0,1,1.78,1
2013-02-15,29.35,-83.0,6.8,1,10.870000000000001,2
2013-02-15,29.65,-83.1,11.3,2,11.040000000000001,2
2013-02-15,29.95,-83.0,5.6,1,4.67,1
2013-02-15,30.0,-82.65,9.6,1,9.5,2
2013-02-15,30.05,-83.3,10.2,2,4.19,2
2013-02-15,30.1,-82.85,39.5,1,24.72,2
2013-02-15,30.15,-85.1,60.2,2,38.01,4
2013-02-15,30.15,-85.05,15.9,1,46.269999999999996,9
2013-02-15,30.2,-83.15,12.6,1,7.53,1
2013-02-15,30.3,-83.25,33.099999999999994,2,11.75,2
2013-02-15,30.35,-83.15,6.1,1,5.66,1
2013-02-15,30.55,-83.3,72.0,4,23.58,2
2013-02-15,30.6,-86.45,9.5,1,15.4,4
2013-02-15,30.6,-83.95,32.2,3,32.96,5
2013-02-15,30.8,-85.75,65.9,3,8.31,2
2013-02-17,26.8,-80.5,39.0,2,4.63,1
2013-02-17,29.7,-83.0,31.0,1,24.6,1
2013-02-17,30.3,-85.45,11.8,1,4.51,1
2013-02-17,30.5,-86.7,8.8,1,3.68,1
2013-02-17,30.55,-86.35,17.6,1,154.42000000000002,16
2013-02-17,30.6,-86.35,206.3,3,124.36,17
2013-02-17,30.7,-87.15,5.9,1,11.870000000000001,3
2013-02-17,30.75,-85.1,8.3,1,17.21,4
2013-02-17,30.9,-86.65,17.2,1,8.03,2
2013-02-17,30.95,-86.25,27.1,2,2.82,1
2013-02-18,27.45,-82.45,54.7,2,15.58,4
2013-02-18,27.8,-81.3,31.5,2,23.900000000000002,3
2013-02-18,28.2,-80.9,553.2,2,32.16,4
2013-02-18,28.2,-80.85,1441.3000000000002,6,391.15,23
2013-02-18,29.35,-82.85,31.200000000000003,2,6.0,1
2013-02-18,29.45,-82.75,146.3,3,72.34,5
2013-02-18,29.6,-81.45,42.0,1,2.26,1
2013-02-18,29.7,-82.55,10.8,1,4.66,1
2013-02-18,29.9,-82.75,9.1,1,8.64,3
2013-02-18,30.0,-83.25,31.0,2,20.77,2
2013-02-18,30.0,-82.95,24.2,1,9.809999999999999,3
2013-02-18,30.05,-83.15,37.8,1,20.060000000000002,2
2013-02-18,30.05,-82.85,9.8,1,4.32,1
2013-02-18,30.15,-85.05,58.599999999999994,2,11.93,3
2013-02-18,30.2,-83.15,8.9,1,10.52,2
2013-02-18,30.3,-83.25,115.4,5,31.18,3
2013-02-18,30.35,-84.3,18.3,1,10.5,1
2013-02-18,30.4,-85.85,32.599999999999994,2,8.11,2
2013-02-18,30.45,-83.6,12.5,1,22.52,2
2013-02-18,30.5,-86.8,30.6,1,2.61,1
2013-02-18,30.5,-86.7,554.7,4,21.61,5
2013-02-18,30.55,-84.2,68.1,3,8.79,2
2013-02-18,30.55,-82.8,85.2,1,27.0,3
2013-02-18,30.6,-83.95,37.0,2,22.91,4
2013-02-18,30.7,-86.95,580.1,3,8.19,1
2013-02-18,30.7,-86.9,762.7,3,165.44,12
2013-02-18,30.75,-87.25,7.8,1,7.61,1
2013-02-18,30.95,-86.25,7.1,1,38.12,6
2013-02-19,26.75,-80.45,93.6,2,97.35,3
2013-02-19,27.0,-81.95,16.5,1,8.42,2
2013-02-19,27.05,-81.3,25.4,2,84.92999999999999,4
2013-02-19,27.35,-81.9,15.5,1,106.87,4
2013-02-19,27.45,-82.45,60.6,4,30.64,2
2013-02-19,27.75,-81.3,21.0,1,12.05,1
2013-02-19,28.9,-82.45,7.9,1,14.27,1
2013-02-19,29.2,-82.55,15.3,1,15.559999999999999,2
2013-02-19,29.65,-82.85,11.1,1,9.5,1
2013-02-20,27.45,-82.45,9.1,1,35.38,4
2013-02-20,27.95,-81.35,28.5,1,3.52,1
2013-02-20,28.0,-81.35,62.2,2,9.61,2
2013-02-20,28.0,-80.85,36.0,1,9.129999999999999,2
2013-02-20,28.1,-81.0,682.9,5,6.15,2
2013-02-20,28.25,-80.9,7.6,1,11.14,3
2013-02-20,29.4,-82.05,14.7,1,4.86,1
2013-02-20,29.5,-83.2,8.8,1,2.36,1
2013-02-20,29.6,-82.95,6.2,1,1.43,1
2013-02-20,29.65,-83.0,5.6,1,1.91,1
2013-02-20,29.65,-82.55,6.2,1,4.06,2
2013-02-20,29.7,-83.0,6.2,1,1.91,1
2013-02-20,29.7,-82.75,6.7,1,4.11,1
2013-02-20,29.9,-82.9,10.9,1,4.01,1
2013-02-20,29.9,-82.45,4.1,1,12.08,2
2013-02-20,30.0,-82.95,7.0,1,3.49,1
2013-02-20,30.2,-83.15,11.0,1,3.2,1
2013-02-20,30.2,-81.5,38.1,1,3.46,1
2013-02-20,30.2,-81.45,20.6,1,58.79,6
2013-02-20,30.25,-82.95,6.4,1,2.97,1
2013-02-20,30.25,-81.95,11.3,1,8.63,2
2013-02-20,30.3,-83.3,18.3,2,4.12,1
2013-02-20,30.3,-83.25,21.7,1,8.94,2
2013-02-20,30.3,-82.85,5.5,1,3.55,1
2013-02-20,30.55,-83.3,8.3,1,2.3,1
2013-02-21,26.05,-80.8,65.0,3,94.28,8
2013-02-21,26.85,-81.85,101.9,4,72.27000000000001,4
2013-02-21,26.95,-80.5,160.4,4,110.03,14
2013-02-21,27.05,-81.3,10.0,1,34.1,5
2013-02-21,27.35,-82.1,11.8,1,3.48,1
2013-02-21,27.5,-81.2,43.6,2,69.22,5
2013-02-21,27.95,-81.35,37.7,1,99.66,10
2013-02-21,28.0,-81.35,27.4,2,187.89000000000001,6
2013-02-21,28.0,-80.6,131.2,3,23.17,2
2013-02-21,28.05,-81.2,8.4,1,11.969999999999999,2
2013-02-21,28.05,-81.05,21.9,1,30.84,2
2013-02-21,28.05,-81.0,84.9,2,55.42,6
2013-02-21,28.1,-81.0,37.4,1,44.03,3
2013-02-21,28.25,-80.9,133.3,2,32.77,5
2013-02-21,28.6,-80.95,9.7,1,18.15,3
2013-02-21,29.4,-82.5,4.5,1,12.52,2
2013-02-21,29.55,-82.25,4.7,1,4.15,1
2013-02-21,29.6,-82.5,8.3,1,32.02,2
2013-02-21,29.65,-83.0,91.60000000000001,4,123.17,6
2013-02-21,29.7,-82.75,4.7,1,5.05,1
2013-02-21,29.8,-82.05,5.2,1,6.61,1
2013-02-21,29.95,-81.95,11.0,1,39.08,2
2013-02-21,30.5,-82.8,12.0,1,6.49,1
2013-02-21,30.8,-85.45,14.3,1,6.34,2
2013-02-22,27.05,-81.35,114.8,2,35.989999999999995,3
2013-02-22,29.65,-82.6,13.5,1,3.74,1
2013-02-22,29.95,-82.05,30.6,1,38.57,4
2013-02-23,26.75,-81.75,7.2,1,14.26,2
2013-02-23,26.75,-80.65,107.8,1,94.08,4
2013-02-23,27.1,-80.65,14.9,1,20.22,3
2013-02-23,28.45,-81.7,12.4,1,15.170000000000002,2
2013-02-23,28.95,-81.9,9.9,1,9.97,1
2013-02-26,30.4,-86.85,8.8,1,6.81,1
2013-02-26,30.45,-86.85,24.2,1,44.69,4
2013-02-27,27.15,-81.3,15.8,1,14.94,2
2013-02-27,27.2,-80.7,15.7,1,24.61,2
2013-02-27,27.7,-81.35,27.6,1,2.88,1
2013-02-27,27.95,-81.1,298.7,4,19.82,4
2013-02-27,27.95,-81.05,517.1,6,19.24,2
2013-02-28,26.8,-81.75,16.0,1,10.28,2
2013-02-28,26.9,-81.95,209.8,4,103.77000000000001,6
2013-02-28,26.95,-81.25,104.4,2,122.22,7
2013-02-28,27.0,-81.75,113.8,2,291.2,4
2013-02-28,27.05,-81.3,23.200000000000003,2,24.61,4
2013-02-28,27.05,-80.5,15.7,1,7.48,2
2013-02-28,27.1,-81.35,30.6,1,39.81,6
2013-02-28,27.15,-81.55,9.5,1,60.05,3
2013-02-28,27.15,-81.5,10.2,1,102.83,9
2013-02-28,27.3,-81.95,22.8,3,43.449999999999996,7
2013-02-28,27.45,-82.45,13.6,2,15.169999999999998,2
2013-02-28,27.45,-81.95,203.10000000000002,3,29.23,6
2013-02-28,27.7,-81.4,29.9,1,3.37,1
2013-02-28,27.7,-81.35,203.4,3,153.73,12
2013-02-28,27.75,-80.95,13.8,2,6.45,2
2013-02-28,27.9,-81.4,8.1,1,78.99,6
2013-02-28,28.1,-81.3,17.9,1,6.15,1
2013-02-28,28.4,-82.15,14.2,1,7.39,1
2013-02-28,28.4,-82.1,88.0,2,32.91,5
2013-02-28,28.75,-82.35,21.0,2,29.71,3
2013-02-28,29.0,-82.65,9.0,1,17.509999999999998,3
2013-02-28,29.65,-83.05,5.3,1,9.69,1
2013-02-28,29.8,-84.95,18.1,1,96.23,8
2013-02-28,30.0,-84.5,126.39999999999999,2,18.58,3
2013-02-28,30.15,-84.7,121.5,2,20.79,2
2013-02-28,30.2,-84.7,13.7,1,50.019999999999996,4
2013-02-28,30.2,-84.65,15.5,1,33.08,4
2013-02-28,30.25,-83.25,9.1,1,2.8,1
2013-02-28,30.3,-86.1,4.5,1,21.69,3
2013-02-28,30.35,-83.95,30.6,2,58.06,7
2013-02-28,30.65,-84.25,6.4,1,3.87,1
2013-03-02,29.05,-81.95,40.0,2,54.36,2
2013-03-02,29.25,-81.2,686.1,7,655.65,14
2013-03-02,29.25,-81.15,135.5,2,214.87,4
2013-03-02,29.8,-85.0,10.0,1,11.98,2
2013-03-02,29.85,-82.05,4.5,1,2.12,1
2013-03-02,29.85,-82.0,39.6,2,37.82,6
2013-03-02,30.6,-86.25,32.8,2,17.07,6
2013-03-03,30.3,-84.0,109.7,3,20.59,2
2013-03-03,30.5,-86.85,75.4,1,82.89,6
2013-03-03,30.6,-86.3,98.89999999999999,2,154.28,16
2013-03-03,30.65,-86.3,28.7,1,139.23,13
2013-03-04,26.1,-81.75,11.7,1,3.75,1
2013-03-04,26.3,-81.3,12.5,1,19.81,2
2013-03-04,27.1,-81.3,12.2,1,36.269999999999996,5
2013-03-04,27.65,-80.85,42.0,2,31.25,2
2013-03-04,27.7,-81.15,20.4,1,8.72,2
2013-03-04,27.7,-81.1,16.7,1,35.79,6
2013-03-04,28.0,-80.9,32.6,2,38.03,7
2013-03-04,28.05,-81.25,28.5,3,29.06,2
2013-03-04,29.55,-83.4,191.3,2,6.61,1
2013-03-04,29.8,-82.15,31.700000000000003,2,23.48,2
2013-03-04,30.0,-82.7,35.6,2,22.3,2
2013-03-04,30.05,-83.15,12.0,1,48.24,2
2013-03-04,30.05,-82.6,191.5,4,71.25,5
2013-03-04,30.1,-83.05,21.9,1,5.82,1
2013-03-04,30.25,-82.65,25.4,2,6.17,1
2013-03-04,30.3,-86.15,215.5,3,30.47,4
2013-03-04,30.55,-86.35,633.9,5,219.82,7
2013-03-04,30.55,-86.3,1141.7,6,802.56,19
2013-03-04,30.55,-85.9,12.8,1,5.9,1
2013-03-04,30.55,-84.2,56.9,2,25.34,2
2013-03-04,30.6,-84.35,19.9,1,17.66,1
2013-03-04,30.6,-84.1,169.6,5,25.71,3
2013-03-04,30.6,-83.95,6.4,1,11.96,3
2013-03-04,30.7,-86.8,662.9,6,43.4,6
2013-03-04,30.75,-86.8,142.10000000000002,2,38.38,4
2013-03-04,30.85,-86.9,493.1,5,390.72,22
2013-03-04,30.85,-86.85,40.099999999999994,2,47.71,6
2013-03-04,30.95,-86.9,52.3,3,3.9,2
2013-03-05,26.3,-81.3,36.0,2,14.34,3
2013-03-05,27.0,-81.35,24.8,1,20.46,2
2013-03-05,27.05,-81.35,382.4,5,428.39,7
2013-03-05,27.1,-81.35,48.1,1,18.119999999999997,2
2013-03-05,27.3,-82.4,22.5,2,7.35,1
2013-03-05,27.3,-81.95,72.4,2,88.28,9
2013-03-05,27.65,-81.35,73.6,2,6.57,1
2013-03-05,27.65,-80.9,6.1,1,2.94,1
2013-03-05,27.65,-80.85,6.9,1,5.07,1
2013-03-05,27.65,-80.8,13.6,1,12.04,2
2013-03-05,30.25,-81.95,39.6,1,6.23,1
2013-03-05,30.9,-85.4,16.5,1,122.07,1
2013-03-06,26.05,-80.8,32.9,1,9.84,2
2013-03-06,26.1,-80.8,55.3,1,17.85,3
2013-03-06,26.3,-81.3,35.8,2,12.58,2
2013-03-06,26.8,-80.5,49.8,2,2.25,1
2013-03-06,27.55,-80.5,118.7,1,98.52,5
2013-03-06,30.45,-86.85,5.0,1,15.520000000000001,5
2013-03-06,30.8,-86.95,160.0,3,27.72,5
2013-03-06,30.85,-85.0,8.2,1,10.600000000000001,2
2013-03-07,26.85,-80.1,70.4,1,58.92,3
2013-03-07,27.15,-81.5,42.2,2,39.43,7
2013-03-07,27.5,-82.35,81.4,3,65.61,4
2013-03-07,27.5,-82.3,74.9,3,36.769999999999996,2
2013-03-07,27.6,-80.95,38.2,1,41.75,3
2013-03-07,27.6,-80.9,111.4,3,178.4,12
2013-03-07,27.7,-81.75,42.5,2,49.22,5
2013-03-07,28.4,-81.85,24.7,2,8.12,2
2013-03-07,28.75,-82.25,26.1,1,30.23,2
2013-03-07,28.75,-82.2,31.1,1,60.47,4
2013-03-07,28.9,-82.25,19.5,1,4.24,1
2013-03-07,29.05,-81.15,30.4,1,25.67,5
2013-03-07,29.25,-82.6,9.0,1,6.33,1
2013-03-07,29.5,-82.9,101.30000000000001,2,8.34,2
2013-03-07,29.55,-83.4,18.3,1,19.47,4
2013-03-07,29.6,-82.7,11.1,1,9.79,1
2013-03-07,29.65,-83.0,26.9,2,22.78,2
2013-03-07,29.7,-82.95,7.3,1,5.88,1
2013-03-07,29.7,-82.75,11.3,1,9.31,1
2013-03-07,29.75,-82.5,108.2,4,8.79,1
2013-03-07,29.8,-83.0,40.4,2,28.18,3
2013-03-07,29.9,-82.5,6.5,1,3.86,1
2013-03-07,29.95,-81.85,55.0,3,145.85999999999999,6
2013-03-07,30.0,-84.85,47.3,2,39.56,4
2013-03-07,30.0,-84.8,41.0,2,63.32,5
2013-03-07,30.0,-82.95,8.3,1,9.3,1
2013-03-07,30.0,-82.05,74.8,1,84.95,8
2013-03-07,30.0,-82.0,12.6,1,6.6,1
2013-03-07,30.05,-82.0,49.9,1,2.13,1
2013-03-07,30.1,-82.6,98.6,2,143.09,6
2013-03-07,30.15,-83.15,33.0,1,20.7,1
2013-03-07,30.15,-81.95,181.9,4,227.94,9
2013-03-07,30.2,-84.7,163.29999999999998,4,280.55,4
2013-03-07,30.2,-84.65,2028.4,11,1767.2,38
2013-03-07,30.2,-84.25,27.6,2,24.76,4
2013-03-07,30.25,-85.0,21.0,2,19.189999999999998,5
2013-03-07,30.25,-84.95,433.6,9,524.43,39
2013-03-07,30.3,-86.15,62.5,2,69.74000000000001,5
2013-03-07,30.3,-84.0,80.5,3,135.62,7
2013-03-07,30.3,-83.25,15.8,1,15.09,2
2013-03-07,30.3,-81.8,57.2,4,5.54,1
2013-03-07,30.35,-85.45,226.4,5,228.32,11
2013-03-07,30.35,-84.15,103.3,4,19.5,3
2013-03-07,30.35,-83.9,124.30000000000001,3,132.36,8
2013-03-07,30.35,-83.0,5.5,1,10.22,1
2013-03-07,30.35,-81.95,14.3,1,14.8,4
2013-03-07,30.4,-85.9,7.9,1,5.07,1
2013-03-07,30.4,-85.45,14.0,1,27.39,1
2013-03-07,30.4,-83.4,18.6,2,14.719999999999999,3
2013-03-07,30.4,-83.35,18.700000000000003,2,15.08,2
2013-03-07,30.4,-83.25,12.3,1,7.66,1
2013-03-07,30.45,-86.85,8.0,1,46.1,4
2013-03-07,30.45,-84.05,10.9,1,10.120000000000001,2
2013-03-07,30.5,-87.45,6.1,1,6.96,2
2013-03-07,30.5,-86.85,216.7,2,40.620000000000005,4
2013-03-07,30.5,-85.9,72.19999999999999,2,38.79,8
2013-03-07,30.5,-85.15,12.7,1,3.37,1
2013-03-07,30.5,-84.55,5.6,1,24.07,3
2013-03-07,30.55,-85.75,5.3,1,5.95,1
2013-03-07,30.55,-84.5,5.0,1,4.02,1
2013-03-07,30.55,-84.35,12.9,2,10.870000000000001,2
2013-03-07,30.55,-84.05,126.5,5,206.46,32
2013-03-07,30.55,-83.7,10.7,1,9.57,3
2013-03-07,30.6,-85.9,8.0,1,18.78,4
2013-03-07,30.6,-83.95,24.3,3,29.8,5
2013-03-07,30.6,-83.8,20.0,1,23.72,3
2013-03-07,30.65,-86.8,35.0,1,56.67,8
2013-03-07,30.65,-86.2,7.5,1,3.6,1
2013-03-07,30.65,-84.2,23.9,1,13.120000000000001,3
2013-03-07,30.65,-84.15,17.9,1,10.98,2
2013-03-07,30.7,-86.65,29.4,2,56.08,6
2013-03-07,30.7,-85.55,7.2,1,7.48,2
2013-03-07,30.7,-85.5,3.3,1,17.189999999999998,2
2013-03-07,30.8,-87.25,23.700000000000003,2,14.8,4
2013-03-07,30.85,-85.0,7.8,1,8.74,2
2013-03-07,30.9,-86.9,95.8,2,11.9,3
2013-03-07,30.9,-85.2,21.4,1,7.04,1
2013-03-07,30.95,-86.9,150.0,3,105.54,8
2013-03-07,30.95,-85.8,8.5,1,8.25,1
2013-03-08,26.1,-81.8,15.4,1,5.01,1
2013-03-08,26.1,-81.75,11.8,1,6.12,1
2013-03-08,26.45,-81.25,78.2,3,66.18,12
2013-03-08,26.8,-81.75,143.3,1,43.349999999999994,5
2013-03-08,26.85,-80.35,35.2,1,28.68,3
2013-03-08,26.95,-81.45,1316.2,7,46.38,3
2013-03-08,26.95,-81.4,28.9,1,4.83,1
2013-03-08,27.0,-80.15,18.3,1,41.17,10
2013-03-08,27.05,-81.6,97.1,2,86.24,5
2013-03-08,27.05,-81.55,43.699999999999996,2,11.76,2
2013-03-08,27.3,-82.4,88.5,2,3.64,1
2013-03-08,27.5,-82.35,10.6,1,14.169999999999998,3
2013-03-08,27.55,-80.95,289.5,3,90.88,10
2013-03-08,27.55,-80.6,89.9,1,21.98,3
2013-03-08,27.7,-81.8,42.9,1,54.55,2
2013-03-08,27.7,-81.75,13.8,1,43.12,1
2013-03-08,28.4,-81.85,15.399999999999999,2,6.32,2
2013-03-08,28.75,-82.25,177.6,2,35.04,8
2013-03-08,29.5,-81.65,187.7,3,238.95000000000002,5
2013-03-08,29.55,-82.8,7.6,1,8.49,1
2013-03-08,29.65,-83.4,14.0,1,15.75,3
2013-03-08,29.65,-83.0,19.3,1,19.47,5
2013-03-08,29.7,-83.5,91.19999999999999,2,5.0,2
2013-03-08,29.7,-82.0,59.2,1,55.51,3
2013-03-08,29.75,-82.75,60.1,1,5.37,1
2013-03-08,29.9,-81.85,327.2,6,47.870000000000005,3
2013-03-08,29.95,-82.4,58.6,1,14.76,2
2013-03-08,29.95,-81.95,26.9,2,79.68,5
2013-03-08,30.0,-83.1,34.7,2,19.48,1
2013-03-08,30.0,-82.3,6.5,1,4.61,1
2013-03-08,30.05,-82.75,230.8,4,40.65,4
2013-03-08,30.1,-83.05,36.0,3,7.66,2
2013-03-08,30.2,-83.15,7.5,1,3.41,1
2013-03-08,30.25,-84.95,9.2,1,1.44,2
2013-03-08,30.25,-84.2,158.4,1,54.29,5
2013-03-08,30.25,-83.85,7.7,1,4.71,1
2013-03-08,30.25,-82.0,7.3,1,1.23,1
2013-03-08,30.25,-81.95,13.0,1,7.94,2
2013-03-08,30.35,-85.45,84.3,2,33.18,3
2013-03-08,30.35,-84.45,764.2,13,464.65000000000003,52
2013-03-08,30.35,-84.4,46.4,1,3.2,1
2013-03-08,30.35,-84.15,49.7,3,28.68,3
2013-03-08,30.35,-81.95,49.3,2,11.579999999999998,3
2013-03-08,30.4,-84.6,14.299999999999999,2,20.78,1
2013-03-08,30.5,-85.95,16.7,2,25.21,4
2013-03-08,30.5,-84.0,10.7,1,12.129999999999999,3
2013-03-08,30.5,-82.75,24.400000000000002,2,22.16,7
2013-03-08,30.55,-83.35,4.5,1,4.11,1
2013-03-08,30.6,-85.9,5.2,1,9.530000000000001,4
2013-03-08,30.6,-83.95,38.0,2,7.76,4
2013-03-08,30.6,-83.7,10.8,1,4.93,2
2013-03-08,30.6,-83.65,46.2,2,13.17,3
2013-03-08,30.65,-84.35,19.0,1,12.37,1
2013-03-08,30.7,-87.25,5.0,1,4.95,1
2013-03-08,30.7,-86.3,856.9,10,8.73,3
2013-03-08,30.7,-85.7,4.4,1,7.89,1
2013-03-08,30.7,-85.55,7.3999999999999995,2,5.84,1
2013-03-09,30.0,-83.1,37.9,2,29.5,3
2013-03-09,30.65,-86.95,212.3,2,16.16,2
2013-03-09,30.65,-86.2,14.6,1,5.82,1
2013-03-09,30.65,-84.75,10.4,1,2.44,1
2013-03-09,30.85,-85.85,6.9,1,20.23,2
2013-03-09,30.95,-85.7,19.9,2,51.72,4
2013-03-10,27.35,-82.1,193.6,3,3.01,1
2013-03-10,28.25,-82.75,16.8,1,21.72,3
2013-03-10,29.65,-83.0,13.7,1,17.59,2
2013-03-10,30.4,-83.3,20.8,1,18.04,5
2013-03-10,30.5,-84.65,4.7,1,6.6000000000000005,2
2013-03-13,27.6,-80.95,8.7,1,40.49,3
2013-03-13,27.7,-81.3,10.0,1,8.78,1
2013-03-13,29.65,-83.0,17.1,1,13.38,1
2013-03-13,29.9,-85.05,38.0,2,39.480000000000004,10
2013-03-13,29.9,-85.0,84.8,2,15.89,2
2013-03-13,30.2,-83.15,30.900000000000002,2,18.3,2
2013-03-13,30.3,-84.25,56.6,1,148.96,3
2013-03-13,30.3,-83.25,25.1,2,9.43,2
2013-03-13,30.35,-84.05,10.9,1,4.61,1
2013-03-13,30.35,-83.95,65.0,3,165.21,8
2013-03-13,30.4,-85.9,76.9,4,19.48,1
2013-03-13,30.5,-84.1,16.3,1,3.03,1
2013-03-13,30.55,-84.1,30.0,1,32.57,6
2013-03-13,30.6,-83.95,39.4,2,26.29,4
2013-03-13,30.6,-83.65,10.3,1,27.03,6
2013-03-13,30.65,-86.65,25.8,1,7.1,2
2013-03-13,30.65,-84.0,52.5,2,24.509999999999998,4
2013-03-13,30.85,-85.9,67.7,3,22.99,5
2013-03-14,27.1,-81.55,119.2,3,72.8,11
2013-03-14,27.5,-82.35,12.5,1,0.84,1
2013-03-14,27.55,-80.6,23.8,2,7.5,1
2013-03-14,28.4,-82.15,191.5,2,4.74,2
2013-03-14,28.4,-82.1,56.4,2,17.07,4
2013-03-14,29.65,-83.0,26.3,2,5.97,1
2013-03-14,29.9,-82.6,10.9,1,15.06,1
2013-03-14,30.0,-82.85,13.4,1,7.38,2
2013-03-14,30.0,-82.7,15.1,1,11.54,2
2013-03-14,30.15,-83.1,9.2,1,3.5,2
2013-03-14,30.25,-84.25,20.4,2,27.48,4
2013-03-14,30.25,-84.05,541.4,7,92.13,11
2013-03-14,30.3,-83.25,38.7,3,7.04,1
2013-03-14,30.35,-83.95,6.4,1,2.93,1
2013-03-14,30.35,-83.8,63.9,3,39.71,5
2013-03-14,30.4,-84.95,3.7,1,2.49,1
2013-03-14,30.4,-83.95,9.5,1,98.88,6
2013-03-14,30.4,-83.25,12.6,1,4.34,1
2013-03-14,30.5,-86.85,282.2,6,109.84,12
2013-03-14,30.5,-86.8,217.3,3,50.6,2
2013-03-14,30.5,-85.7,36.0,1,39.900000000000006,2
2013-03-14,30.5,-83.45,4.9,1,6.54,2
2013-03-14,30.55,-86.35,7.8,1,2.49,1
2013-03-14,30.55,-84.5,6.5,1,15.57,3
2013-03-14,30.55,-84.1,18.6,2,25.42,5
2013-03-14,30.55,-83.3,62.4,3,7.99,1
2013-03-14,30.6,-85.85,3.8,1,2.39,1
2013-03-14,30.6,-84.6,15.799999999999999,2,3.02,1
2013-03-14,30.6,-84.1,15.9,1,38.839999999999996,4
2013-03-14,30.6,-83.95,46.6,3,14.97,3
2013-03-14,30.6,-83.8,14.2,1,8.04,2
2013-03-14,30.6,-83.75,26.3,1,23.15,5
2013-03-14,30.6,-83.65,7.9,1,1.75,3
2013-03-14,30.65,-84.25,7.7,1,20.729999999999997,4
2013-03-14,30.65,-84.05,7.4,1,39.379999999999995,5
2013-03-14,30.65,-84.0,38.2,2,17.88,3
2013-03-14,30.85,-86.4,103.39999999999999,2,10.5,3
2013-03-14,30.9,-86.8,3.9,1,0.64,1
2013-03-14,30.9,-86.75,15.299999999999999,2,14.11,3
2013-03-14,30.9,-86.1,4.5,1,20.05,4
2013-03-14,30.95,-87.55,5.2,1,5.92,1
2013-03-14,30.95,-86.85,588.8,8,136.69,19
2013-03-14,30.95,-86.8,191.79999999999998,3,4.22,1
2013-03-15,26.75,-81.75,179.8,2,5.23,1
2013-03-15,27.0,-81.6,19.5,1,23.27,3
2013-03-15,27.1,-81.55,100.4,4,50.11,6
2013-03-15,27.25,-82.2,46.4,2,11.45,1
2013-03-15,27.3,-81.95,49.9,3,4.32,1
2013-03-15,27.3,-81.55,157.1,3,102.42,4
2013-03-15,27.3,-81.15,41.0,1,65.84,2
2013-03-15,27.35,-82.15,74.9,3,54.67,3
2013-03-15,27.5,-82.35,61.4,3,41.12,5
2013-03-15,27.8,-81.1,246.7,5,166.47,9
2013-03-15,28.0,-81.15,464.9,4,13.6,3
2013-03-15,29.85,-82.75,121.1,3,29.72,3
2013-03-15,29.9,-83.55,19.3,1,15.93,2
2013-03-15,29.95,-84.6,57.4,3,6.76,1
2013-03-15,29.95,-82.85,7.9,1,10.15,1
2013-03-15,29.95,-82.7,13.3,1,4.33,1
2013-03-15,30.0,-82.85,33.9,2,23.21,3
2013-03-15,30.0,-82.7,115.0,2,59.63,6
2013-03-15,30.05,-85.25,33.3,2,38.54,4
2013-03-15,30.15,-85.1,180.4,6,61.019999999999996,12
2013-03-15,30.15,-85.05,153.89999999999998,2,110.09,11
2013-03-15,30.15,-85.0,328.79999999999995,5,43.230000000000004,3
2013-03-15,30.2,-85.05,174.5,5,131.96,23
2013-03-15,30.2,-85.0,140.5,2,44.16,9
2013-03-15,30.25,-84.35,13.1,1,25.21,5
2013-03-15,30.25,-83.25,37.3,2,39.7,3
2013-03-15,30.25,-82.1,23.799999999999997,2,5.93,1
2013-03-15,30.3,-83.95,60.0,3,16.14,2
2013-03-15,30.4,-83.25,9.1,1,3.71,1
2013-03-15,30.4,-82.35,7.4,1,4.57,1
2013-03-15,30.5,-85.95,8.2,1,263.74,12
2013-03-15,30.5,-84.95,13.5,2,1.75,1
2013-03-15,30.5,-84.45,17.3,1,5.4,1
2013-03-15,30.5,-84.0,105.9,2,33.5,4
2013-03-15,30.5,-83.3,9.5,1,18.55,2
2013-03-15,30.55,-86.8,127.5,1,50.25,4
2013-03-15,30.55,-86.75,25.7,1,17.25,1
2013-03-15,30.55,-85.85,6.8,1,1.57,1
2013-03-15,30.55,-84.0,26.6,2,34.31,4
2013-03-15,30.6,-84.5,15.2,1,3.38,1
2013-03-15,30.6,-84.1,22.5,2,1.69,1
2013-03-15,30.6,-84.05,26.7,2,20.07,4
2013-03-15,30.6,-83.95,65.2,3,28.02,3
2013-03-15,30.6,-83.75,60.4,4,9.969999999999999,2
2013-03-15,30.6,-83.7,8.6,1,3.4,1
2013-03-15,30.65,-85.35,32.9,2,13.11,3
2013-03-15,30.85,-86.4,98.9,4,7.39,2
2013-03-16,27.15,-82.1,7.9,1,2.84,1
2013-03-16,27.7,-81.3,45.3,2,18.84,4
2013-03-16,28.05,-81.25,8.7,1,5.72,1
2013-03-16,28.15,-80.9,18.1,1,54.65,5
2013-03-16,28.15,-80.85,160.7,4,210.31,15
2013-03-16,28.15,-80.8,230.1,4,322.15999999999997,5
2013-03-16,28.2,-80.85,96.6,2,42.599999999999994,3
2013-03-16,28.8,-80.95,150.6,4,71.56,5
2013-03-16,30.2,-84.9,105.6,2,99.94,13
2013-03-16,30.25,-84.9,200.6,3,469.01,30
2013-03-16,30.3,-82.75,20.8,1,20.439999999999998,3
2013-03-16,30.3,-82.7,149.1,4,147.53,12
2013-03-16,30.35,-85.6,82.7,2,32.14,3
2013-03-16,30.4,-86.85,384.2,2,9.65,2
2013-03-16,30.45,-86.85,122.3,1,26.89,4
2013-03-16,30.45,-82.8,5.6,1,3.57,1
2013-03-16,30.5,-84.7,28.7,2,9.69,1
2013-03-16,30.55,-85.05,50.8,2,20.64,3
2013-03-16,30.6,-85.3,20.8,2,27.52,3
2013-03-16,30.6,-84.55,11.1,1,13.33,4
2013-03-16,30.6,-84.0,110.19999999999999,2,340.34999999999997,27
2013-03-16,30.6,-83.95,16.299999999999997,2,8.89,2
2013-03-16,30.6,-83.6,9.4,1,6.54,1
2013-03-16,30.6,-83.45,51.8,1,53.42,6
2013-03-16,30.8,-85.95,20.4,1,50.870000000000005,7
2013-03-19,28.3,-81.8,100.4,3,15.69,3
2013-03-19,29.5,-82.9,12.0,1,52.0,5
2013-03-19,29.95,-82.85,324.2,4,14.780000000000001,2
2013-03-19,30.0,-82.85,27.0,1,6.89,1
2013-03-19,30.6,-86.6,106.0,4,404.83,25
2013-03-19,30.65,-86.6,25.3,1,380.76,23
2013-03-20,30.0,-82.85,99.6,2,3.13,1
2013-03-21,26.25,-80.95,31.9,2,2.9,1
2013-03-21,26.85,-80.55,68.6,2,2.78,2
2013-03-21,27.15,-82.05,14.0,1,105.13,3
2013-03-21,27.5,-81.45,24.1,1,5.3,1
2013-03-21,27.55,-80.6,90.4,4,50.59,3
2013-03-21,27.65,-81.35,139.7,4,93.38,10
2013-03-21,27.65,-81.3,227.0,3,215.6,9
2013-03-21,27.7,-81.45,16.8,1,25.91,6
2013-03-21,27.75,-81.15,24.0,2,17.18,2
2013-03-21,27.8,-80.75,7.8,1,19.57,1
2013-03-21,27.85,-80.7,158.7,3,58.400000000000006,2
2013-03-21,28.05,-81.2,56.7,2,11.73,3
2013-03-21,28.65,-80.9,8.6,1,6.8,1
2013-03-21,30.0,-82.8,80.5,1,9.11,1
2013-03-21,30.3,-83.9,59.599999999999994,2,67.7,7
2013-03-21,30.55,-84.15,36.2,1,6.9,1
2013-03-21,30.6,-86.25,371.8,6,487.9,12
2013-03-21,30.65,-84.05,21.0,1,42.9,6
2013-03-22,28.0,-81.0,194.3,2,18.66,2
2013-03-25,26.85,-80.55,45.6,1,7.19,1
2013-03-25,30.5,-86.75,51.1,2,23.46,1
2013-03-25,30.5,-84.9,3.5,1,4.0,1
2013-03-25,30.55,-86.75,442.3,3,35.64,4
2013-03-25,30.6,-84.1,16.7,1,13.73,2
2013-03-25,30.65,-83.75,11.7,2,8.85,1
2013-03-26,27.45,-82.45,9.9,1,3.22,1
2013-03-26,30.1,-85.0,108.7,1,18.57,5
2013-03-26,30.1,-84.95,19.8,1,4.34,1
2013-03-26,30.35,-84.1,16.7,1,20.52,6
2013-03-26,30.6,-84.15,67.69999999999999,2,20.990000000000002,3
2013-03-26,30.8,-85.2,21.8,1,13.32,3
2013-03-26,30.85,-85.25,8.7,1,5.68,2
2013-03-27,26.25,-80.95,16.2,1,4.7,1
2013-03-27,27.0,-81.25,203.79999999999998,3,280.27,22
2013-03-27,27.1,-81.9,6.2,1,3.47,1
2013-03-27,27.7,-81.45,82.60000000000001,3,393.84,16
2013-03-27,29.35,-82.65,15.2,1,15.67,3
2013-03-27,29.55,-82.8,64.3,3,33.07,3
2013-03-27,29.65,-83.1,124.3,2,113.55000000000001,8
2013-03-27,29.7,-82.9,100.7,3,45.64,5
2013-03-27,29.85,-85.0,604.2,5,14.7,1
2013-03-27,30.0,-82.85,124.70000000000002,3,45.230000000000004,4
2013-03-27,30.2,-84.25,12.1,2,6.63,2
2013-03-27,30.3,-84.2,7.9,1,6.31,1
2013-03-27,30.3,-84.05,32.4,2,7.62,1
2013-03-27,30.3,-83.8,9.6,1,13.81,1
2013-03-27,30.3,-83.25,94.10000000000001,3,47.98,8
2013-03-27,30.35,-83.95,32.0,2,8.83,1
2013-03-27,30.35,-82.9,50.3,2,31.32,5
2013-03-27,30.45,-85.6,952.6,7,711.69,15
2013-03-27,30.45,-84.55,20.0,1,9.940000000000001,3
2013-03-27,30.45,-83.3,38.900000000000006,2,68.03,5
2013-03-27,30.5,-84.05,5.0,1,16.3,4
2013-03-27,30.55,-84.35,12.6,1,1.64,1
2013-03-27,30.55,-84.2,16.4,1,22.69,6
2013-03-27,30.55,-84.1,93.1,3,71.66,5
2013-03-27,30.55,-84.0,25.4,2,40.85,10
2013-03-27,30.55,-83.5,33.4,2,23.209999999999997,4
2013-03-27,30.6,-84.2,94.39999999999999,3,41.65,8
2013-03-27,30.6,-84.15,60.7,2,108.67,20
2013-03-27,30.6,-84.0,100.89999999999999,3,210.09,34
2013-03-27,30.6,-83.95,99.0,2,129.99,15
2013-03-27,30.6,-83.85,12.6,2,8.23,3
2013-03-27,30.6,-83.7,100.89999999999999,3,14.7,3
2013-03-27,30.65,-86.85,39.3,2,43.63,7
2013-03-27,30.65,-84.1,36.3,2,46.480000000000004,8
2013-03-27,30.8,-85.15,27.4,2,10.95,2
2013-03-27,30.85,-85.95,61.300000000000004,2,5.12,1
2013-03-27,30.9,-85.85,39.599999999999994,2,29.11,3
2013-03-28,27.0,-81.25,267.0,5,58.37,7
2013-03-28,27.45,-80.7,12.3,1,12.33,1
2013-03-28,27.5,-80.65,88.8,4,37.0,1
2013-03-28,27.55,-80.55,11.9,2,4.91,1
2013-03-28,27.65,-80.85,4.9,1,3.95,1
2013-03-28,27.8,-81.15,8.7,1,11.26,2
2013-03-28,29.0,-82.4,25.9,1,31.98,1
2013-03-28,29.0,-82.35,26.4,1,64.48,2
2013-03-28,29.45,-81.65,20.4,2,42.21,3
2013-03-28,29.55,-82.8,13.4,1,13.2,1
2013-03-28,29.6,-83.0,17.0,1,44.879999999999995,3
2013-03-28,29.65,-83.1,41.4,2,118.68,3
2013-03-28,29.75,-82.75,47.5,2,135.4,4
2013-03-28,29.85,-85.1,263.5,6,67.22,6
2013-03-28,30.0,-82.85,188.60000000000002,6,171.48000000000002,6
2013-03-28,30.15,-84.75,161.4,3,24.71,4
2013-03-28,30.15,-81.45,4.8,1,62.199999999999996,4
2013-03-28,30.2,-84.75,164.79999999999998,4,108.26,7
2013-03-28,30.2,-81.95,25.8,1,13.13,1
2013-03-28,30.3,-84.4,576.3,11,308.62,35
2013-03-28,30.45,-85.95,222.7,2,23.52,4
2013-03-28,30.45,-84.7,9.4,1,3.29,1
2013-03-28,30.45,-82.3,12.6,2,5.32,1
2013-03-28,30.55,-84.15,51.400000000000006,3,138.47,6
2013-03-28,30.55,-83.95,23.5,1,49.03,8
2013-03-28,30.55,-83.5,63.5,3,21.0,2
2013-03-28,30.6,-86.5,438.9,5,330.96999999999997,16
2013-03-28,30.6,-84.15,62.5,2,18.74,2
2013-03-28,30.6,-84.1,23.1,1,21.090000000000003,2
2013-03-28,30.6,-84.0,50.5,2,39.650000000000006,7
2013-03-28,30.6,-83.7,16.8,1,24.240000000000002,5
2013-03-28,30.65,-86.5,37.6,1,12.4,2
2013-03-28,30.65,-84.6,40.8,1,6.8,2
2013-03-28,30.65,-84.0,19.1,1,53.129999999999995,4
2013-03-28,30.65,-83.95,63.6,1,11.61,3
2013-03-28,30.75,-86.8,98.1,3,15.86,4
2013-03-28,30.95,-86.9,98.9,4,49.0,5
2013-03-29,26.05,-81.3,417.8,4,138.69,11
2013-03-29,27.85,-81.1,21.9,1,82.43,4
2013-03-29,28.55,-82.65,613.4,3,30.05,1
2013-03-29,28.55,-82.6,666.9000000000001,5,903.09,13
2013-03-29,29.75,-85.05,17.4,1,3.08,1
2013-03-29,30.0,-82.9,195.9,6,44.230000000000004,6
2013-03-29,30.1,-84.7,81.6,2,32.83,7
2013-03-29,30.15,-84.75,121.0,2,23.79,5
2013-03-29,30.15,-84.7,153.2,5,79.43,11
2013-03-29,30.35,-82.7,117.2,4,59.730000000000004,5
2013-03-29,30.4,-82.0,16.5,2,12.64,1
2013-03-29,30.45,-85.95,42.7,2,10.54,1
2013-03-29,30.45,-83.15,10.3,1,5.86,1
2013-03-29,30.5,-86.6,166.3,5,93.25,7
2013-03-29,30.5,-83.5,41.1,2,1.95,1
2013-03-29,30.55,-84.4,37.3,2,18.8,3
2013-03-29,30.55,-84.35,15.7,1,4.12,1
2013-03-29,30.55,-83.95,119.9,4,60.97,9
2013-03-29,30.55,-83.8,10.7,1,11.78,2
2013-03-29,30.55,-83.5,11.0,1,9.940000000000001,2
2013-03-29,30.6,-84.65,67.8,3,55.01,5
2013-03-29,30.6,-84.15,170.2,3,50.21,9
2013-03-29,30.6,-84.1,29.2,1,7.16,3
2013-03-29,30.6,-84.05,18.5,1,34.160000000000004,3
2013-03-29,30.6,-83.9,21.0,2,12.08,4
2013-03-29,30.6,-83.7,33.400000000000006,2,14.91,4
2013-03-29,30.65,-85.85,16.9,1,5.56,2
2013-03-29,30.75,-86.9,628.0,8,22.17,4
2013-03-29,30.8,-86.85,162.6,4,214.22,8
2013-03-29,30.85,-87.45,15.600000000000001,2,8.559999999999999,2
2013-03-29,30.95,-87.05,10.8,1,20.67,2
2013-03-29,30.95,-87.0,174.7,4,43.16,8
2013-03-29,30.95,-86.4,399.5,2,307.51,4
2013-03-29,30.95,-85.45,80.4,5,33.75,3
2013-03-30,26.05,-81.35,227.3,7,60.25,10
2013-03-30,26.1,-81.35,2077.5,19,181.08,33
2013-03-30,26.1,-81.3,10.5,1,2.31,2
2013-03-30,26.3,-81.6,47.3,1,78.74,2
2013-03-30,27.7,-82.4,14.3,1,4.77,1
2013-03-30,29.95,-85.0,8.1,1,15.290000000000001,2
2013-03-30,30.25,-83.3,8.6,1,3.39,1
2013-03-30,30.6,-83.7,11.1,1,6.66,1
2013-03-31,26.1,-81.35,2197.5,8,85.49,7
2013-03-31,26.1,-81.3,1581.8,8,903.34,48
2013-03-31,26.15,-81.3,137.2,2,235.27,7
2013-03-31,29.4,-81.35,21.9,1,17.93,1
2013-04-01,26.9,-81.8,20.4,2,9.149999999999999,2
2013-04-01,27.5,-81.3,136.7,1,141.67,6
2013-04-01,27.6,-81.3,347.0,2,191.41,7
2013-04-01,29.25,-81.75,29.799999999999997,2,18.12,1
2013-04-01,29.65,-83.1,32.4,2,8.22,1
2013-04-01,29.7,-82.9,16.0,1,21.64,4
2013-04-01,29.95,-84.8,21.6,1,3.92,1
2013-04-01,30.0,-84.8,6.0,1,5.58,1
2013-04-01,30.1,-85.0,193.9,7,311.36,33
2013-04-01,30.1,-84.95,134.4,5,216.1,20
2013-04-01,30.15,-85.0,16.4,1,49.49,5
2013-04-01,30.5,-84.45,11.0,1,17.29,2
2013-04-01,30.65,-86.2,6.5,1,4.47,1
2013-04-01,30.9,-86.0,7.2,1,22.9,2
2013-04-02,27.3,-82.4,66.2,2,17.3,2
2013-04-02,28.1,-81.05,460.2,7,123.2,7
2013-04-02,28.45,-80.7,322.0,6,776.33,61
2013-04-02,29.7,-83.05,25.299999999999997,2,16.83,1
2013-04-02,29.9,-83.65,21.7,2,14.04,1
2013-04-02,29.9,-82.05,140.8,3,81.27,7
2013-04-02,29.9,-82.0,85.6,4,241.47,10
2013-04-02,29.95,-84.75,33.4,2,13.52,2
2013-04-02,30.0,-82.85,10.6,1,38.06,4
2013-04-02,30.1,-84.4,83.6,1,8.89,2
2013-04-02,30.2,-84.65,1240.0,9,5.78,1
2013-04-02,30.25,-84.65,562.0999999999999,4,106.28,9
2013-04-02,30.45,-81.55,203.2,2,377.26,13
2013-04-02,30.45,-81.5,119.5,2,146.71,4
2013-04-02,30.55,-84.45,73.80000000000001,3,11.66,2
2013-04-02,30.55,-84.1,39.6,2,5.17,1
2013-04-02,30.6,-84.2,92.4,1,296.35,38
2013-04-02,30.6,-84.1,7.1,1,40.96,5
2013-04-02,30.6,-83.55,130.2,4,9.13,1
2013-04-02,30.6,-83.45,59.0,1,10.56,2
2013-04-02,30.65,-86.2,41.0,2,17.16,2
2013-04-02,30.65,-84.25,139.8,4,3.62,1
2013-04-02,30.65,-84.15,16.3,3,23.04,3
2013-04-02,30.75,-85.2,10.4,1,5.02,1
2013-04-03,25.45,-80.4,9.2,1,14.42,1
2013-04-03,26.0,-81.35,8.9,1,8.63,1
2013-04-03,26.25,-80.9,9.0,1,5.95,1
2013-04-03,26.85,-81.95,127.3,3,17.5,4
2013-04-03,26.85,-81.9,22.5,1,9.34,1
2013-04-03,27.2,-81.15,29.3,1,21.89,3
2013-04-03,27.25,-81.15,52.3,1,41.480000000000004,5
2013-04-03,27.85,-81.15,14.7,1,0.96,1
2013-04-06,27.4,-81.75,9.3,1,7.0,2
2013-04-06,30.55,-86.9,174.9,2,115.96,4
2013-04-06,30.55,-86.85,82.8,1,95.85,3
2013-04-06,30.6,-84.1,20.8,1,12.649999999999999,2
2013-04-06,30.95,-87.45,6.9,1,2.44,1
2013-04-07,27.4,-81.8,46.1,1,38.730000000000004,2
2013-04-07,30.6,-86.45,128.0,4,5.14,1
2013-04-08,26.25,-81.7,33.3,1,6.96,2
2013-04-08,26.85,-80.35,53.8,1,18.16,4
2013-04-08,26.95,-80.5,68.4,2,65.5,4
2013-04-08,27.1,-81.4,66.8,3,29.76,4
2013-04-08,27.15,-82.4,59.5,2,6.4,1
2013-04-08,27.25,-81.15,15.1,1,8.48,2
2013-04-08,27.7,-81.15,119.0,3,48.370000000000005,6
2013-04-08,28.3,-82.6,9.9,1,8.71,1
2013-04-08,29.1,-81.85,506.8,6,111.8,14
2013-04-08,29.15,-81.85,30.7,1,31.770000000000003,4
2013-04-08,29.25,-82.4,19.3,1,2.86,1
2013-04-08,29.7,-81.4,40.6,1,38.09,3
2013-04-08,29.75,-85.1,14.4,1,45.62,6
2013-04-08,29.85,-81.95,12.4,1,5.55,1
2013-04-08,29.9,-84.35,141.5,1,133.25,13
2013-04-08,29.9,-82.0,57.6,1,73.53999999999999,2
2013-04-08,29.95,-83.75,70.9,1,15.16,2
2013-04-08,29.95,-82.4,34.2,1,15.25,1
2013-04-08,30.0,-82.4,88.0,2,12.26,1
2013-04-08,30.5,-84.1,27.4,1,4.76,1
2013-04-08,30.55,-86.6,7.9,1,9.94,3
2013-04-08,30.6,-84.1,105.5,3,88.66,6
2013-04-08,30.7,-86.8,38.2,1,29.419999999999998,5
2013-04-09,26.25,-81.7,25.4,1,4.84,1
2013-04-09,27.75,-80.9,50.099999999999994,2,32.4,2
2013-04-09,29.8,-85.0,138.9,3,82.87,15
2013-04-09,29.85,-85.0,33.0,2,14.4,2
2013-04-09,29.95,-84.75,108.69999999999999,3,3.52,1
2013-04-09,30.15,-84.55,212.3,2,24.0,6
2013-04-09,30.25,-85.5,29.400000000000002,3,5.74,1
2013-04-09,30.3,-86.1,42.4,3,22.66,2
2013-04-09,30.4,-84.05,7.1,1,8.25,1
2013-04-09,30.4,-84.0,86.89999999999999,3,75.71,4
2013-04-09,30.45,-84.65,41.3,2,24.03,3
2013-04-09,30.5,-85.7,30.6,2,19.18,1
2013-04-09,30.55,-84.25,143.2,2,77.97,10
2013-04-09,30.55,-84.05,221.2,4,92.19,13
2013-04-09,30.55,-83.95,28.8,2,4.77,2
2013-04-09,30.6,-84.25,7.9,1,9.27,2
2013-04-09,30.6,-84.05,52.900000000000006,2,33.01,3
2013-04-09,30.6,-84.0,35.5,2,56.03,10
2013-04-10,27.15,-81.5,800.8,3,99.67,1
2013-04-10,27.35,-81.95,8.7,1,4.34,1
2013-04-10,27.55,-82.15,234.0,2,4.03,1
2013-04-10,27.75,-81.3,34.900000000000006,2,53.97,7
2013-04-10,29.5,-82.9,13.6,1,10.55,1
2013-04-10,29.55,-82.8,48.099999999999994,2,57.800000000000004,4
2013-04-10,29.65,-83.05,116.3,2,220.54999999999998,4
2013-04-10,29.7,-85.3,8.9,1,25.27,2
2013-04-10,29.7,-83.05,284.1,3,44.84,1
2013-04-10,29.9,-84.75,14.2,2,12.96,3
2013-04-10,29.9,-83.7,39.900000000000006,2,3.09,1
2013-04-10,29.95,-83.7,38.5,1,10.71,1
2013-04-10,30.0,-82.7,52.7,2,15.64,1
2013-04-10,30.1,-84.6,51.6,2,24.32,2
2013-04-10,30.1,-84.2,34.599999999999994,2,81.04,2
2013-04-10,30.15,-84.6,149.3,2,18.39,2
2013-04-10,30.15,-84.55,308.2,2,17.23,4
2013-04-10,30.25,-83.3,22.7,1,11.36,2
2013-04-10,30.3,-82.75,64.3,1,93.75999999999999,3
2013-04-10,30.4,-84.05,143.4,3,78.93,3
2013-04-10,30.4,-84.0,29.1,2,85.2,8
2013-04-10,30.5,-84.15,41.0,2,54.18,5
2013-04-10,30.5,-84.0,33.6,3,12.52,2
2013-04-10,30.55,-84.25,25.5,1,2.44,3
2013-04-10,30.6,-84.25,43.0,1,55.150000000000006,10
2013-04-10,30.6,-83.7,13.8,1,14.24,1
2013-04-10,30.65,-84.25,19.8,1,3.99,1
2013-04-10,30.65,-84.15,8.4,1,12.4,2
2013-04-10,30.65,-84.05,23.3,2,29.28,3
2013-04-10,30.65,-83.95,88.9,3,26.25,4
2013-04-11,27.5,-81.6,20.4,1,57.36,5
2013-04-12,26.2,-80.85,11.4,1,44.019999999999996,4
2013-04-13,29.7,-83.05,485.6,3,165.14,3
2013-04-13,30.55,-83.55,20.0,2,12.48,2
2013-04-14,26.7,-82.05,272.5,3,31.73,3
2013-04-14,26.75,-82.05,82.9,2,30.73,3
2013-04-15,30.15,-82.05,17.3,1,8.46,1
2013-04-16,26.75,-81.75,16.9,1,22.310000000000002,3
2013-04-16,27.55,-81.35,80.7,2,28.52,4
2013-04-16,27.75,-82.25,54.400000000000006,2,14.4,2
2013-04-16,28.45,-81.15,259.4,5,84.61,7
2013-04-16,29.6,-83.1,14.0,1,4.67,1
2013-04-16,29.65,-83.1,143.9,3,31.130000000000003,3
2013-04-16,29.65,-82.0,49.8,1,31.75,4
2013-04-16,29.7,-82.95,13.4,1,8.8,1
2013-04-16,29.7,-82.85,50.6,2,14.08,2
2013-04-16,30.05,-85.05,468.9,11,330.52000000000004,23
2013-04-16,30.05,-83.3,10.0,1,6.97,2
2013-04-16,30.1,-85.1,187.10000000000002,4,17.2,3
2013-04-16,30.1,-85.05,330.2,11,117.26,15
2013-04-16,30.4,-84.0,21.0,1,12.26,2
2013-04-16,30.65,-84.1,24.0,2,5.5,1
2013-04-17,27.1,-81.5,35.2,2,57.22,5
2013-04-17,27.15,-82.25,60.4,2,96.7,10
2013-04-17,27.25,-81.2,73.8,2,8.23,1
2013-04-17,27.35,-82.35,41.5,1,13.96,2
2013-04-17,27.55,-81.35,134.7,3,235.76999999999998,8
2013-04-17,27.8,-80.6,22.2,1,16.240000000000002,3
2013-04-18,30.45,-82.65,20.8,1,6.67,1
2013-04-19,28.05,-81.1,9.4,1,3.62,2
2013-04-20,30.65,-86.5,17.4,2,11.48,2
2013-04-21,30.6,-86.75,291.4,4,345.03000000000003,10
2013-04-21,30.9,-86.95,303.7,7,83.15,10
2013-04-23,27.15,-81.4,159.0,4,4.68,1
2013-04-23,28.75,-82.4,34.0,2,34.15,4
2013-04-23,29.55,-82.8,38.1,2,34.75,4
2013-04-23,29.65,-83.1,48.4,2,12.4,2
2013-04-23,30.65,-84.1,81.4,3,69.69,5
2013-04-24,26.85,-80.35,82.80000000000001,2,106.08000000000001,6
2013-04-24,27.05,-81.7,17.0,1,12.99,1
2013-04-24,27.1,-80.55,59.8,2,16.68,2
2013-04-24,27.25,-82.35,48.2,2,5.16,1
2013-04-24,28.3,-82.1,121.9,5,150.31,8
2013-04-24,29.55,-82.8,89.3,3,0.46,1
2013-04-24,30.0,-83.75,28.6,1,39.599999999999994,3
2013-04-24,30.1,-85.05,168.7,2,18.46,2
2013-04-24,30.15,-85.05,212.0,1,11.98,2
2013-04-24,30.15,-84.9,10.3,1,30.56,5
2013-04-24,30.4,-83.95,12.1,1,18.57,2
2013-04-24,30.4,-83.9,12.8,1,27.400000000000002,3
2013-04-24,30.55,-84.2,46.4,1,36.7,6
2013-04-25,26.25,-81.1,57.4,2,126.58,2
2013-04-25,27.0,-80.15,112.3,4,75.98,8
2013-04-25,27.35,-80.45,17.1,1,3.17,1
2013-04-25,28.4,-82.15,20.1,1,71.31,5
2013-04-25,28.4,-82.1,26.2,1,57.33,6
2013-04-25,28.8,-82.45,281.1,3,473.93,10
2013-04-25,29.55,-82.8,36.099999999999994,2,1.18,1
2013-04-26,26.25,-81.1,14.8,1,5.73,1
2013-04-26,28.3,-82.1,36.7,2,22.07,4
2013-04-26,28.8,-82.45,239.39999999999998,5,176.85000000000002,3
2013-04-26,28.95,-82.7,13.5,1,26.39,2
2013-04-26,28.95,-80.95,7.6,1,0.48,1
2013-04-26,29.6,-82.8,69.2,2,24.88,1
2013-04-26,29.75,-82.0,72.0,1,4.56,1
2013-04-26,29.9,-83.65,14.7,1,20.29,2
2013-04-26,30.1,-85.05,418.3,4,53.82,6
2013-04-26,30.1,-85.0,219.60000000000002,4,127.62,13
2013-04-26,30.1,-82.75,206.5,3,25.64,3
2013-04-26,30.15,-85.05,33.0,2,26.98,3
2013-04-26,30.15,-85.0,139.3,3,19.63,4
2013-04-26,30.2,-84.6,29.4,2,51.339999999999996,12
2013-04-26,30.2,-84.55,124.0,3,126.99000000000001,10
2013-04-26,30.55,-84.35,10.6,1,6.52,2
2013-04-26,30.6,-86.65,48.5,2,23.32,4
2013-04-26,30.6,-83.95,5.6,1,15.01,3
2013-04-26,30.65,-84.25,14.0,2,35.12,5
2013-04-27,30.2,-84.1,46.9,2,9.28,1
2013-04-27,30.65,-86.9,15.3,1,9.58,2
2013-04-29,27.8,-80.9,28.6,2,18.880000000000003,3
2013-04-30,29.65,-83.1,18.9,1,6.9,1
2013-04-30,29.75,-82.85,14.0,1,39.28,3
2013-04-30,29.9,-84.6,32.6,1,19.08,4
2013-04-30,30.45,-82.8,11.0,1,15.14,1
2013-05-05,27.85,-80.6,10.0,1,4.03,1
2013-05-05,28.85,-82.45,7.5,1,7.05,1
2013-05-06,27.75,-82.3,30.3,1,12.87,1
2013-05-06,28.65,-80.7,22.200000000000003,2,8.15,1
2013-05-06,29.4,-82.0,11.8,1,4.1899999999999995,2
2013-05-07,26.25,-81.15,51.6,2,35.63,3
2013-05-07,26.95,-80.6,17.3,1,19.65,3
2013-05-07,27.15,-82.4,342.4,2,8.11,1
2013-05-07,27.4,-80.45,35.4,2,8.48,1
2013-05-07,27.8,-82.25,7.0,1,12.13,1
2013-05-07,27.85,-80.6,407.3,4,296.89,11
2013-05-07,28.9,-82.1,14.6,1,1.11,1
2013-05-07,30.0,-84.45,177.9,2,131.43,7
2013-05-07,30.1,-83.05,13.2,1,10.68,1
2013-05-07,30.3,-84.85,212.9,4,136.38,16
2013-05-07,30.4,-83.2,24.4,1,7.9,1
2013-05-07,30.6,-83.95,31.0,1,48.519999999999996,7
2013-05-07,30.65,-84.2,20.6,1,5.92,1
2013-05-07,30.65,-84.15,14.9,1,15.26,2
2013-05-08,26.25,-81.75,14.7,1,3.17,1
2013-05-08,27.25,-82.3,328.6,3,191.53,12
2013-05-08,27.6,-81.2,24.5,1,0.82,1
2013-05-08,27.65,-82.45,56.1,1,117.92,8
2013-05-08,27.65,-81.2,30.4,1,318.11,7
2013-05-08,27.85,-81.2,18.6,2,95.77,11
2013-05-08,29.4,-81.85,88.0,1,2.12,1
2013-05-08,30.45,-83.15,29.2,1,40.33,4
2013-05-08,30.6,-83.95,22.2,1,32.519999999999996,8
2013-05-08,30.9,-87.0,264.7,4,134.32,7
2013-05-09,27.1,-81.4,105.5,3,16.93,3
2013-05-09,27.25,-82.3,57.8,2,12.5,1
2013-05-09,27.25,-82.25,181.5,5,312.26,8
2013-05-09,27.65,-82.05,120.0,4,126.99,10
2013-05-09,27.65,-81.35,72.4,3,21.48,2
2013-05-09,27.75,-80.9,13.6,1,64.64,7
2013-05-09,30.45,-85.95,36.6,2,9.469999999999999,2
2013-05-09,30.45,-83.2,122.6,1,27.64,3
2013-05-09,30.9,-87.0,74.6,4,31.950000000000003,7
2013-05-09,30.95,-87.0,44.3,1,61.94,6
2013-05-10,27.6,-81.2,38.1,2,21.409999999999997,4
2013-05-10,27.75,-80.9,17.1,1,16.85,2
2013-05-10,28.25,-82.05,115.6,2,81.3,6
2013-05-10,29.35,-82.65,29.8,1,30.97,1
2013-05-10,30.5,-86.3,75.6,1,10.72,1
2013-05-12,26.35,-80.75,110.9,2,11.030000000000001,7
2013-05-12,26.55,-81.55,7.6,1,4.37,1
2013-05-13,26.3,-80.75,119.7,2,0.11,1
2013-05-13,26.3,-80.7,239.79999999999998,3,111.69999999999999,12
2013-05-13,26.35,-80.7,47.9,1,111.47,10
2013-05-13,30.35,-83.05,15.6,1,4.57,1
2013-05-13,30.55,-83.3,10.0,1,20.240000000000002,4
2013-05-13,30.6,-83.95,82.1,2,12.45,2
2013-05-13,30.65,-84.1,43.7,1,13.170000000000002,2
2013-05-13,30.95,-87.0,200.5,5,140.51,15
2013-05-14,26.4,-80.75,27.5,2,30.07,5
2013-05-14,27.75,-80.9,13.7,1,18.439999999999998,2
2013-05-14,28.4,-82.1,129.9,5,186.53,21
2013-05-14,29.0,-82.3,214.7,2,216.39,10
2013-05-14,29.25,-82.1,27.4,1,39.29,6
2013-05-14,29.95,-82.55,7.1,1,6.41,1
2013-05-14,30.05,-84.45,256.9,3,152.20999999999998,14
2013-05-14,30.15,-84.1,104.7,4,8.6,2
2013-05-14,30.3,-84.4,107.3,2,16.17,1
2013-05-14,30.3,-84.35,84.4,2,40.22,3
2013-05-14,30.3,-84.15,375.4,4,202.45,11
2013-05-14,30.3,-84.1,538.7,5,378.56,4
2013-05-14,30.3,-82.75,46.3,2,20.62,3
2013-05-14,30.4,-83.2,10.1,1,10.91,2
2013-05-14,30.6,-85.2,24.5,1,18.55,2
2013-05-14,30.6,-84.05,13.2,1,17.13,3
2013-05-14,30.6,-83.95,60.9,3,28.46,10
2013-05-14,30.65,-84.3,18.9,1,11.15,3
2013-05-14,30.65,-84.1,54.6,2,21.419999999999998,4
2013-05-14,30.8,-85.45,18.3,1,10.940000000000001,3
2013-05-15,26.4,-80.75,13.8,1,3.13,3
2013-05-15,27.6,-81.3,96.1,2,216.07,5
2013-05-15,27.8,-80.6,56.7,1,64.62,2
2013-05-15,28.1,-81.85,22.0,1,50.79,3
2013-05-15,29.65,-83.1,14.6,1,22.619999999999997,3
2013-05-15,30.25,-85.5,22.6,1,5.11,1
2013-05-15,30.35,-83.15,87.4,1,102.81,2
2013-05-15,30.4,-83.15,51.8,1,174.86,3
2013-05-15,30.6,-84.05,40.9,3,30.34,8
2013-05-15,30.6,-83.95,68.3,4,37.83,7
2013-05-16,25.9,-81.05,27.5,1,17.05,7
2013-05-16,26.95,-80.2,128.4,3,32.370000000000005,4
2013-05-16,26.95,-80.15,81.5,1,8.21,1
2013-05-16,27.4,-80.45,14.4,1,43.18,4
2013-05-16,27.55,-81.15,2032.5,14,167.71,16
2013-05-16,27.55,-81.1,57.1,1,95.28999999999999,7
2013-05-16,27.7,-80.6,75.8,2,20.34,4
2013-05-16,28.35,-82.1,18.0,1,15.41,2
2013-05-17,30.35,-84.1,110.0,1,25.82,1
2013-05-20,29.7,-85.3,6.5,1,12.45,2
2013-05-20,30.55,-83.35,12.9,1,5.18,1
2013-05-20,30.6,-84.05,8.1,1,20.6,3
2013-05-20,30.7,-87.25,170.4,4,112.94,5
2013-05-21,29.15,-82.65,98.1,3,66.9,2
2013-05-21,29.7,-83.05,8.4,1,13.440000000000001,2
2013-05-21,30.0,-83.5,66.2,2,81.84,6
2013-05-21,30.2,-85.85,14.2,1,9.01,1
2013-05-21,30.35,-83.25,26.8,2,70.08,2
2013-05-21,30.6,-84.05,13.8,1,7.16,4
2013-05-23,26.25,-81.75,18.4,1,13.09,1
2013-05-23,27.5,-80.8,45.0,1,5.27,1
2013-05-23,28.1,-81.1,49.0,1,8.39,1
2013-05-23,29.8,-85.2,190.1,3,180.18,5
2013-05-23,30.25,-86.0,44.3,2,261.32000000000005,4
2013-05-23,30.6,-83.95,18.9,1,8.04,1
2013-05-23,30.8,-87.2,18.3,1,3.87,1
2013-05-24,27.0,-80.2,11.6,1,5.68,1
2013-05-24,29.75,-82.85,113.7,4,34.69,4
2013-05-24,30.95,-86.65,64.1,1,5.140000000000001,2
2013-05-25,26.85,-82.3,46.5,1,117.05,4
2013-05-25,29.4,-81.8,24.5,1,22.7,3
2013-05-26,29.1,-82.6,46.7,1,142.84,3
2013-05-27,27.8,-81.25,223.1,1,154.16,7
2013-05-27,29.45,-82.8,54.4,1,16.04,2
2013-05-27,29.45,-82.75,46.7,1,9.58,1
2013-05-28,28.55,-82.5,1822.5,4,31.34,6
2013-05-28,30.0,-84.95,11.8,1,10.38,1
2013-05-28,30.6,-83.95,7.7,1,7.58,1
2013-05-28,30.8,-85.2,88.0,2,30.35,1
2013-05-29,29.65,-83.1,26.1,1,188.74,5
2013-05-29,30.15,-82.05,10.7,1,6.15,1
2013-05-29,30.45,-84.95,24.4,1,76.68,4
2013-05-30,29.85,-82.3,12.6,1,0.96,1
2013-05-30,29.9,-82.15,27.099999999999998,2,6.94,2
2013-05-30,30.35,-82.35,55.8,2,16.46,2
2013-06-03,29.65,-83.1,15.5,1,10.49,1
2013-06-03,30.6,-83.95,17.3,1,24.7,2
2013-06-08,30.55,-86.3,99.8,2,21.25,3
2013-06-08,30.55,-86.25,183.3,3,112.23,13
2013-06-10,28.05,-81.45,201.2,3,16.44,2
2013-06-10,28.05,-81.4,124.1,3,131.46,6
2013-06-12,28.8,-82.4,194.6,5,109.2,9
2013-06-12,29.55,-82.45,9.2,1,11.25,1
2013-06-13,28.2,-81.95,8.7,1,6.12,2
2013-06-13,28.55,-82.3,140.9,2,64.14,2
2013-06-13,28.6,-82.3,60.5,2,117.03,3
2013-06-13,29.3,-81.85,140.20000000000002,3,260.82,11
2013-06-13,29.3,-81.8,82.6,3,73.72,4
2013-06-13,29.35,-82.0,13.1,1,23.35,2
2013-06-13,30.65,-86.45,148.8,2,52.239999999999995,8
2013-06-13,30.7,-86.45,175.0,2,27.22,5
2013-06-14,27.7,-80.9,171.8,2,3.15,1
2013-06-14,28.05,-80.95,10.6,1,147.79999999999998,7
2013-06-14,30.55,-86.4,45.0,1,42.19,7
2013-06-14,30.55,-86.35,8.6,1,4.9,1
2013-06-17,27.55,-81.3,31.5,2,61.85,7
2013-06-17,27.65,-80.85,110.9,4,43.8,4
2013-06-17,30.2,-83.3,39.7,1,30.29,1
2013-06-17,30.2,-83.25,18.9,1,6.79,1
2013-06-17,30.35,-83.15,30.0,1,9.96,2
2013-06-17,30.4,-83.15,87.1,3,32.150000000000006,3
2013-06-18,28.0,-80.95,154.4,3,10.95,2
2013-06-18,28.75,-82.45,91.6,4,276.49,11
2013-06-18,30.5,-85.95,112.1,1,76.65,3
2013-06-19,27.7,-80.9,19.3,1,5.79,1
2013-06-19,27.9,-81.15,77.3,2,17.68,1
2013-06-19,29.3,-82.4,31.200000000000003,2,2.61,1
2013-06-21,29.3,-82.4,6.2,1,4.33,1
2013-06-24,27.25,-81.75,7.3,1,12.34,2
2013-06-24,27.55,-81.2,135.4,3,55.27,4
2013-06-24,27.7,-80.85,7.0,1,9.0,2
2013-06-24,27.95,-81.1,139.3,4,104.17,9
2013-06-24,30.1,-83.05,91.9,3,18.84,4
2013-06-25,27.55,-81.3,19.6,1,16.43,2
2013-06-25,27.7,-80.85,23.7,1,355.58000000000004,8
2013-06-25,28.05,-81.45,143.3,2,4.37,1
2013-06-25,29.0,-81.6,72.3,2,40.81,7
2013-06-26,29.4,-81.8,83.4,3,10.42,1
2013-06-26,29.4,-81.75,232.0,5,10.42,1
2013-06-27,28.45,-82.65,16.9,1,73.86,5
2013-06-27,29.75,-85.2,13.6,1,15.62,2
2013-06-27,29.8,-85.25,5.6,1,2.99,1
2013-06-27,30.05,-84.7,27.3,2,14.829999999999998,3
2013-06-28,28.85,-81.6,34.8,2,2.62,1
2013-07-06,27.65,-80.95,22.1,2,26.83,6
2013-07-07,27.65,-80.9,9.7,1,6.02,1
2013-07-07,28.0,-81.0,28.0,2,12.02,2
2013-07-08,27.6,-81.3,11.1,1,10.22,1
2013-07-08,27.65,-80.95,250.8,3,6.04,1
2013-07-08,27.65,-80.9,176.6,1,58.81,1
2013-07-08,28.05,-80.95,10.7,1,15.2,2
2013-07-09,28.3,-82.05,95.1,2,69.09,3
2013-07-10,27.65,-81.35,50.7,1,75.89,6
2013-07-10,27.8,-81.5,20.3,1,18.11,2
2013-07-10,28.25,-82.0,11.4,1,5.03,1
2013-07-10,29.3,-82.4,7.8,1,10.959999999999999,2
2013-07-11,27.9,-81.1,75.1,2,40.92,5
2013-07-12,27.65,-81.35,38.2,2,14.74,3
2013-07-12,27.8,-81.15,67.0,1,34.44,4
2013-07-16,30.3,-84.35,39.3,1,20.21,5
2013-07-17,29.65,-83.1,12.3,1,9.32,2
2013-07-17,30.15,-82.45,143.8,4,6.96,1
2013-07-17,30.3,-84.45,97.30000000000001,2,14.29,2
2013-07-30,30.3,-82.8,6.5,1,8.57,1
2013-07-31,27.8,-80.6,8.7,1,34.89,1
2013-07-31,27.9,-80.55,53.4,1,20.5,2
2013-07-31,28.3,-82.6,17.8,1,13.93,2
2013-07-31,28.85,-80.8,8.3,1,6.93,1
2013-07-31,30.65,-83.95,12.0,1,3.0100000000000002,3
2013-08-02,28.1,-82.35,9.6,1,6.15,1
2013-08-02,29.9,-84.5,63.900000000000006,2,6.69,1
2013-08-06,30.15,-82.5,45.4,1,9.68,1
2013-08-06,30.4,-83.3,9.4,1,8.67,2
2013-08-08,27.8,-80.6,211.29999999999998,6,54.38,5
2013-08-09,28.3,-82.6,5.2,1,76.81,7
2013-08-09,30.4,-83.3,19.799999999999997,2,16.14,5
2013-08-10,29.65,-83.1,27.3,1,11.5,1
2013-08-12,26.85,-81.8,11.0,1,28.61,5
2013-08-12,27.4,-81.55,23.0,1,184.8,5
2013-08-12,30.3,-83.25,792.5,1,9.25,1
2013-08-12,30.35,-83.25,258.90000000000003,2,30.4,2
2013-08-13,27.75,-81.05,54.4,2,4.92,1
2013-08-13,27.9,-80.55,30.5,1,46.12,3
2013-08-13,29.7,-83.05,18.4,1,23.32,2
2013-08-13,30.15,-82.75,58.9,2,14.700000000000001,2
2013-08-14,26.25,-81.1,11.2,1,9.8,2
2013-08-14,29.65,-83.1,28.6,2,19.53,5
2013-08-14,30.15,-82.75,7.4,1,34.86,2
2013-08-19,27.05,-80.5,45.7,1,196.04000000000002,5
2013-08-19,29.05,-81.1,12.8,1,11.260000000000002,2
2013-08-20,27.85,-80.75,85.1,2,149.19,6
2013-08-20,29.2,-82.55,20.5,1,18.62,2
2013-08-20,29.65,-83.1,22.0,1,10.89,1
2013-08-27,30.5,-86.85,19.1,1,5.6,1
2013-08-27,30.55,-86.85,169.5,2,10.61,2
2013-08-29,28.3,-82.6,12.2,1,18.080000000000002,4
2013-08-29,28.75,-82.45,78.8,2,25.529999999999998,3
2013-08-29,29.7,-83.05,17.6,1,9.47,1
2013-08-29,30.35,-83.15,68.8,2,12.29,1
2013-08-30,30.5,-86.85,15.6,1,26.9,2
2013-08-30,30.55,-86.85,19.1,1,26.9,2
2013-09-05,29.65,-83.1,89.2,4,20.98,4
2013-09-05,29.9,-82.35,11.3,1,5.95,1
2013-09-05,30.35,-83.15,18.3,1,6.22,1
2013-09-05,30.45,-85.9,34.7,2,17.130000000000003,3
2013-09-09,27.6,-81.8,21.8,1,16.15,2
2013-09-09,27.65,-80.6,8.7,1,7.73,2
2013-09-09,29.6,-82.7,10.8,1,9.37,1
2013-09-09,29.65,-83.1,60.2,3,19.59,3
2013-09-09,29.7,-83.05,22.0,2,37.24,3
2013-09-09,29.9,-82.15,15.7,1,35.85,4
2013-09-10,28.25,-82.6,30.6,1,13.2,2
2013-09-10,28.5,-81.1,13.8,1,4.32,1
2013-09-10,30.25,-84.45,20.1,1,3.17,1
2013-09-10,30.4,-82.7,13.6,1,14.58,2
2013-09-10,30.45,-83.3,29.299999999999997,2,94.01,4
2013-09-10,30.6,-83.95,7.6,1,9.93,1
2013-09-10,30.6,-83.8,6.3,1,5.14,1
2013-09-10,30.65,-84.6,20.2,1,15.91,2
2013-09-11,28.75,-82.4,33.4,1,9.27,1
2013-09-11,29.9,-85.0,12.1,1,6.87,1
2013-09-11,30.2,-84.0,38.6,3,48.72,2
2013-09-11,30.45,-84.6,37.4,2,10.3,2
2013-09-12,30.25,-84.75,31.799999999999997,2,7.22,1
2013-09-12,30.25,-84.7,30.2,1,38.97,2
2013-09-12,30.4,-82.7,118.60000000000001,5,36.23,3
2013-09-13,28.0,-81.7,7.3,1,10.83,3
2013-09-13,30.35,-84.65,16.1,1,7.32,2
2013-09-14,30.8,-85.1,38.1,2,15.86,2
2013-09-16,29.7,-83.05,159.0,3,13.43,1
2013-09-16,30.4,-83.15,23.8,1,8.51,2
2013-09-17,30.0,-85.1,22.3,1,31.200000000000003,3
2013-09-17,30.05,-85.1,10.1,1,14.95,3
2013-09-17,30.55,-83.8,5.7,1,8.03,1
2013-09-17,30.6,-84.75,4.9,1,5.390000000000001,2
2013-09-19,29.7,-83.05,16.6,1,46.94,3
2013-09-19,30.1,-85.1,16.2,1,11.1,1
2013-09-28,30.0,-85.05,88.2,3,86.03,9
2013-09-28,30.4,-85.6,71.2,3,116.76,7
2013-09-29,30.4,-85.65,91.30000000000001,2,6.56,1
2013-09-29,30.4,-85.6,116.1,2,24.83,3
2013-10-01,26.7,-81.1,24.9,1,30.8,2
2013-10-01,27.95,-80.6,48.2,2,4.49,1
2013-10-01,29.7,-83.0,20.7,1,23.72,2
2013-10-01,30.1,-82.9,6.0,1,3.59,1
2013-10-02,29.45,-82.75,9.2,1,2.62,2
2013-10-02,29.7,-83.0,114.8,2,51.22,2
2013-10-02,30.5,-83.0,6.2,1,7.23,3
2013-10-02,30.55,-83.1,19.7,2,15.75,3
2013-10-03,27.5,-81.45,51.9,3,14.34,1
2013-10-03,27.55,-81.45,8.9,1,14.34,1
2013-10-03,28.8,-82.45,5.1,1,14.84,2
2013-10-03,30.85,-86.95,16.6,2,52.92,5
2013-10-04,29.9,-82.55,12.4,1,29.85,3
2013-10-04,30.45,-84.9,8.7,1,17.89,2
2013-10-04,30.7,-87.15,279.9,2,246.29000000000002,6
2013-10-07,30.55,-83.1,18.3,1,29.490000000000002,2
2013-10-08,26.85,-81.95,38.2,3,72.15,3
2013-10-09,26.7,-81.05,32.1,1,63.28,3
2013-10-10,26.9,-80.2,6.5,1,3.86,1
2013-10-11,26.9,-80.2,17.5,1,8.89,2
2013-10-11,28.85,-82.0,8.6,1,3.31,1
2013-10-11,29.6,-82.95,9.9,1,13.18,2
2013-10-11,29.85,-82.9,27.8,1,3.11,1
2013-10-11,29.9,-82.9,21.7,1,4.23,1
2013-10-11,30.9,-85.15,11.7,1,4.54,1
2013-10-12,29.85,-82.95,12.8,1,19.96,2
2013-10-13,30.8,-87.25,45.2,1,219.59,10
2013-10-14,26.9,-80.2,29.1,2,16.26,2
2013-10-14,29.7,-83.0,47.900000000000006,2,14.989999999999998,2
2013-10-14,30.95,-86.85,174.2,7,63.31,17
2013-10-15,26.9,-80.2,17.4,2,29.57,3
2013-10-15,27.3,-82.3,17.0,2,2.75,1
2013-10-15,30.15,-85.3,42.9,1,13.969999999999999,3
2013-10-15,30.8,-86.35,14.2,1,34.72,3
2013-10-16,30.15,-85.3,42.1,1,17.04,3
2013-10-16,30.85,-85.15,8.1,1,8.3,1
2013-10-16,30.9,-85.15,13.8,2,4.59,1
2013-10-18,26.25,-81.7,10.5,1,4.49,1
2013-10-18,29.75,-82.85,32.4,3,27.76,5
2013-10-18,30.35,-83.15,6.8,1,3.08,1
2013-10-22,27.15,-80.5,370.6,2,51.3,4
2013-10-22,28.55,-82.35,6.4,1,2.54,1
2013-10-23,30.2,-83.15,72.2,4,21.04,2
2013-10-23,30.85,-86.5,115.4,4,63.59,5
2013-10-24,30.35,-84.5,27.6,1,27.51,3
2013-10-24,30.35,-83.15,11.8,1,26.42,4
2013-10-24,30.4,-84.55,87.0,2,50.84,9
2013-10-24,30.55,-83.3,13.0,1,29.75,5
2013-10-24,30.65,-85.95,26.700000000000003,2,6.65,1
2013-10-24,30.7,-85.95,6.5,1,6.65,1
2013-10-24,30.85,-86.5,15.9,1,69.24,6
2013-10-25,28.7,-81.2,12.2,1,5.4,1
2013-10-25,28.7,-81.15,30.6,1,6.37,1
2013-10-25,29.7,-82.9,9.6,1,1.12,2
2013-10-25,29.9,-83.0,7.8,1,11.489999999999998,2
2013-10-25,29.95,-82.8,36.7,2,71.03999999999999,5
2013-10-25,30.05,-83.2,10.9,1,2.94,1
2013-10-25,30.15,-82.8,16.4,1,7.0,1
2013-10-25,30.35,-84.55,297.4,7,207.01000000000002,17
2013-10-25,30.35,-84.5,63.3,2,55.65,6
2013-10-25,30.35,-82.85,55.7,3,19.09,3
2013-10-25,30.7,-86.85,113.0,3,7.52,1
2013-10-25,30.8,-86.35,129.6,2,29.4,3
2013-10-25,30.85,-86.95,32.400000000000006,2,65.48,10
2013-10-25,30.85,-85.15,5.7,1,4.76,1
2013-10-26,26.1,-81.5,73.4,3,74.53,10
2013-10-26,28.1,-80.75,68.1,4,21.939999999999998,8
2013-10-26,29.7,-82.9,62.5,3,42.6,4
2013-10-26,29.95,-82.8,7.0,1,7.93,3
2013-10-27,27.85,-80.95,86.8,3,106.2,5
2013-10-27,30.4,-84.5,6.4,1,2.91,1
2013-10-28,26.95,-80.45,12.5,1,9.59,2
2013-10-28,27.1,-81.9,10.6,1,5.99,1
2013-10-28,27.7,-81.45,23.7,2,11.059999999999999,2
2013-10-28,27.85,-80.95,139.7,2,6.15,1
2013-10-28,27.9,-82.15,11.7,1,7.52,1
2013-10-28,28.45,-80.6,5.2,1,8.64,2
2013-10-28,29.7,-83.05,31.099999999999998,2,27.57,4
2013-10-28,29.7,-82.9,36.1,3,66.02000000000001,3
2013-10-28,29.95,-82.8,76.4,3,25.95,3
2013-10-28,29.95,-82.75,201.9,4,76.19,3
2013-10-28,30.15,-85.0,93.8,1,30.919999999999998,10
2013-10-28,30.2,-83.15,43.0,2,13.25,2
2013-10-28,30.35,-83.15,9.0,1,5.89,1
2013-10-28,30.85,-86.45,355.7,6,106.24,4
2013-10-29,26.65,-81.6,5.5,1,9.05,1
2013-10-29,27.2,-80.5,10.8,1,7.76,1
2013-10-29,28.05,-81.1,82.5,2,43.510000000000005,2
2013-10-29,28.25,-80.8,21.7,2,13.46,2
2013-10-29,28.95,-82.7,5.6,1,3.5,1
2013-10-29,29.2,-82.55,14.2,2,8.48,1
2013-10-29,29.3,-82.4,13.6,2,4.61,1
2013-10-29,29.45,-82.05,74.0,3,59.26,5
2013-10-29,29.7,-82.9,8.7,1,14.68,6
2013-10-29,30.15,-84.55,53.6,1,11.14,2
2013-10-29,30.15,-83.2,10.3,1,7.890000000000001,2
2013-10-29,30.2,-84.55,357.3,7,185.94,16
2013-10-29,30.2,-83.15,7.7,1,5.01,1
2013-10-29,30.35,-83.15,157.9,5,104.45,2
2013-10-29,30.4,-85.75,80.69999999999999,2,20.549999999999997,2
2013-10-29,30.9,-86.3,15.2,1,3.93,1
2013-10-30,26.25,-80.8,21.4,1,54.129999999999995,7
2013-10-30,27.8,-80.75,38.8,1,152.57999999999998,10
2013-10-30,29.7,-82.9,15.3,1,9.48,2
2013-10-30,30.15,-84.5,943.4,7,315.14,18
2013-10-30,30.2,-84.5,222.7,3,261.11,17
2013-10-30,30.35,-83.15,103.5,2,9.32,1
2013-10-30,30.35,-82.85,96.6,3,29.86,5
2013-10-31,26.05,-81.6,7.2,1,5.44,1
2013-10-31,27.15,-80.5,19.4,1,30.84,4
2013-10-31,27.65,-81.85,59.3,2,3.38,1
2013-10-31,28.8,-81.45,21.3,1,188.45,15
2013-11-03,30.0,-82.95,4.7,1,3.51,2
2013-11-04,30.9,-86.35,92.30000000000001,4,52.85,2
2013-11-05,30.9,-86.35,37.5,3,71.86999999999999,4
2013-11-06,30.15,-83.2,8.2,1,3.56,1
2013-11-06,30.3,-84.55,235.89999999999998,3,155.15,13
2013-11-06,30.3,-84.5,65.4,1,29.2,4
2013-11-06,30.35,-83.15,20.5,2,9.75,3
2013-11-06,30.5,-85.8,176.7,5,110.06,5
2013-11-07,30.35,-83.15,17.6,1,5.06,1
2013-11-08,26.1,-81.5,20.9,2,40.69,4
2013-11-08,30.5,-83.65,116.50000000000001,4,36.38,6
2013-11-09,30.95,-86.15,20.6,1,23.32,2
2013-11-10,30.6,-86.7,83.7,2,68.82,7
2013-11-11,28.25,-81.4,4.8,1,4.83,1
2013-11-11,29.55,-82.7,8.7,1,6.56,1
2013-11-11,29.8,-83.4,9.1,1,7.619999999999999,2
2013-11-11,30.0,-82.7,47.1,2,4.39,1
2013-11-11,30.15,-83.2,12.6,1,18.52,3
2013-11-11,30.3,-83.35,29.1,1,2.51,1
2013-11-11,30.3,-83.3,55.5,3,4.7,1
2013-11-11,30.35,-86.0,181.6,2,9.4,2
2013-11-11,30.35,-83.15,37.8,3,11.09,2
2013-11-11,30.4,-86.0,9.0,2,10.83,2
2013-11-11,30.4,-83.15,42.0,2,29.17,3
2013-11-11,30.45,-86.0,50.900000000000006,2,47.1,4
2013-11-11,30.7,-87.5,105.5,4,43.16,2
2013-11-11,30.75,-86.05,8.9,1,7.11,1
2013-11-13,30.75,-87.3,29.4,2,27.849999999999998,4
2013-11-14,26.25,-80.8,30.1,2,7.39,2
2013-11-14,26.8,-81.75,22.2,1,10.85,2
2013-11-14,28.9,-82.05,5.7,1,3.37,1
2013-11-14,29.1,-81.8,800.3,4,86.03,6
2013-11-14,29.6,-82.95,16.9,1,7.569999999999999,2
2013-11-14,30.0,-82.7,23.4,2,1.82,1
2013-11-14,30.15,-83.95,12.4,1,3.77,1
2013-11-14,30.15,-83.2,8.9,1,5.94,1
2013-11-14,30.2,-83.15,6.8,1,2.55,1
2013-11-14,30.3,-83.3,39.2,2,4.29,1
2013-11-14,30.45,-86.05,117.8,2,8.83,1
2013-11-14,30.45,-85.2,77.1,3,79.48,4
2013-11-14,30.5,-86.05,71.8,2,65.26,2
2013-11-14,30.5,-86.0,180.7,3,25.63,1
2013-11-14,30.5,-84.75,8.7,1,19.9,1
2013-11-14,30.5,-84.7,16.3,1,119.69,4
2013-11-14,30.5,-82.55,226.5,4,37.15,7
2013-11-14,30.55,-82.55,78.8,2,26.78,5
2013-11-14,30.7,-87.5,115.4,3,60.71,5
2013-11-14,30.85,-85.15,9.5,1,11.35,1
2013-11-14,30.9,-86.55,92.3,1,3.65,1
2013-11-14,30.95,-86.5,323.9,6,539.61,14
2013-11-16,30.8,-85.1,48.9,3,38.36,3
2013-11-18,26.8,-81.75,10.9,1,11.84,2
2013-11-18,26.85,-80.55,15.3,1,3.28,1
2013-11-18,27.05,-82.1,108.0,4,14.07,3
2013-11-18,27.5,-81.6,30.2,1,21.39,2
2013-11-19,29.6,-82.95,45.4,2,31.200000000000003,3
2013-11-19,29.85,-83.0,5.0,1,2.75,1
2013-11-19,30.2,-83.1,6.3,1,7.41,1
2013-11-19,30.25,-82.1,15.399999999999999,2,3.09,1
2013-11-20,27.15,-81.6,5.1,1,26.42,1
2013-11-20,30.75,-87.5,193.0,1,148.37,5
2013-11-22,30.1,-83.3,14.2,1,5.26,1
2013-11-23,29.5,-82.85,19.5,1,10.67,2
2013-11-23,29.9,-82.55,12.8,1,7.2,1
2013-12-02,29.4,-83.1,13.5,1,73.84,7
2013-12-02,29.7,-82.95,61.2,2,25.76,2
2013-12-02,29.75,-82.85,12.6,1,6.81,1
2013-12-02,29.85,-82.6,31.6,3,14.2,2
2013-12-02,30.15,-83.3,12.1,1,29.589999999999996,4
2013-12-02,30.2,-83.3,9.6,1,2.08,1
2013-12-02,30.2,-83.15,8.8,1,9.18,2
2013-12-02,30.35,-83.15,35.7,2,8.86,2
2013-12-02,30.4,-83.15,14.6,1,6.12,1
2013-12-02,30.65,-85.1,11.6,1,11.93,1
2013-12-02,30.85,-87.35,21.4,1,4.71,1
2013-12-03,29.35,-83.1,70.0,5,133.2,6
2013-12-03,29.45,-82.1,55.4,4,35.64,7
2013-12-03,29.6,-82.85,13.0,1,11.969999999999999,2
2013-12-03,30.15,-84.65,210.9,6,17.479999999999997,2
2013-12-03,30.35,-83.15,17.9,2,3.23,1
2013-12-03,30.4,-83.15,11.7,1,5.17,1
2013-12-03,30.45,-83.2,36.4,1,13.51,2
2013-12-03,30.45,-82.0,25.9,2,37.56,3
2013-12-04,27.1,-82.35,16.1,1,17.0,3
2013-12-04,29.8,-84.85,21.2,1,17.26,3
2013-12-04,29.85,-82.15,14.9,2,14.21,2
2013-12-04,29.9,-82.75,10.3,1,7.03,1
2013-12-04,30.0,-85.0,153.5,5,100.8,8
2013-12-05,27.1,-82.3,44.099999999999994,2,18.74,5
2013-12-05,28.55,-80.95,627.7,3,46.55,7
2013-12-05,29.1,-81.85,806.2,4,81.44000000000001,6
2013-12-05,29.6,-82.95,5.9,1,19.979999999999997,5
2013-12-05,30.0,-82.95,5.9,1,6.2,2
2013-12-05,30.1,-84.95,70.2,1,90.89,14
2013-12-05,30.1,-84.9,15.4,1,31.21,9
2013-12-05,30.35,-83.15,11.2,2,6.48,2
2013-12-05,30.45,-82.5,232.6,5,6.28,2
2013-12-05,30.45,-81.95,81.0,5,9.68,2
2013-12-06,27.55,-81.15,114.89999999999999,3,192.5,10
2013-12-06,28.7,-82.35,7.4,1,5.95,1
2013-12-06,29.7,-82.9,7.7,1,9.129999999999999,2
2013-12-06,30.0,-85.05,242.3,2,167.66,11
2013-12-06,30.0,-85.0,435.6,6,20.61,3
2013-12-06,30.05,-85.05,161.1,2,134.0,10
2013-12-06,30.05,-85.0,318.3,2,83.22999999999999,5
2013-12-06,30.15,-83.15,10.4,1,7.26,1
2013-12-06,30.15,-81.95,7.8,1,7.84,2
2013-12-06,30.4,-82.4,5.6,1,19.65,3
2013-12-07,28.05,-81.2,74.9,2,21.41,2
2013-12-08,29.35,-83.1,74.1,3,23.92,4
2013-12-09,26.95,-82.3,47.8,1,68.82,5
2013-12-09,27.3,-80.9,10.7,2,47.900000000000006,5
2013-12-09,29.8,-84.85,14.8,1,36.03,3
2013-12-09,30.15,-83.3,123.3,2,28.14,3
2013-12-09,30.15,-83.15,25.7,1,18.88,2
2013-12-09,30.35,-82.55,119.5,4,227.47,34
2013-12-09,30.4,-83.25,43.6,2,55.06,8
2013-12-10,26.7,-81.25,11.6,1,8.74,2
2013-12-10,27.15,-80.65,31.2,1,117.93,1
2013-12-10,29.25,-82.1,18.5,1,9.46,1
2013-12-11,26.9,-81.85,20.3,1,75.28,6
2013-12-11,27.05,-81.65,42.2,2,18.23,4
2013-12-11,30.4,-85.85,6.0,1,8.62,2
2013-12-11,30.5,-84.55,6.9,1,12.54,1
2013-12-12,27.8,-80.55,15.2,1,11.7,2
2013-12-12,28.55,-82.3,94.5,1,8.31,1
2013-12-12,28.55,-82.25,94.8,1,85.84,6
2013-12-12,28.8,-82.4,486.70000000000005,2,241.6,8
2013-12-12,29.0,-82.3,54.1,1,24.54,3
2013-12-12,29.1,-82.15,6.4,1,1.92,1
2013-12-12,29.35,-83.15,50.6,1,19.75,3
2013-12-12,30.1,-83.6,7.8,1,5.04,1
2013-12-12,30.1,-83.35,6.8,1,13.23,2
2013-12-12,30.3,-86.15,9.6,1,125.15,9
2013-12-12,30.35,-83.3,28.7,1,15.24,2
2013-12-12,30.4,-85.95,24.299999999999997,2,1.85,1
2013-12-12,30.4,-85.9,33.1,4,12.309999999999999,3
2013-12-12,30.7,-85.65,54.6,2,33.18,2
2013-12-12,30.7,-85.6,46.400000000000006,2,16.5,1
2013-12-12,30.85,-86.8,27.4,1,3.06,1
2013-12-13,26.1,-81.6,8.0,1,7.22,1
2013-12-13,26.15,-81.5,50.199999999999996,2,3.34,1
2013-12-13,26.6,-80.75,53.3,3,14.54,1
2013-12-13,28.4,-81.95,268.0,3,36.62,4
2013-12-13,29.65,-81.8,18.4,2,36.480000000000004,6
2013-12-13,30.0,-85.5,12.6,1,3.18,1
2013-12-13,30.0,-85.05,25.4,2,13.5,2
2013-12-13,30.4,-82.35,33.3,2,11.98,2
2013-12-13,30.6,-86.35,8.7,1,24.4,2
2013-12-16,26.1,-81.7,4.4,1,3.02,1
2013-12-16,26.55,-81.05,10.9,1,13.32,2
2013-12-16,26.9,-81.9,19.7,2,48.31,2
2013-12-16,27.0,-81.9,7.8,2,3.22,1
2013-12-16,27.55,-80.6,5.5,1,4.15,1
2013-12-16,27.55,-80.55,5.4,1,4.15,1
2013-12-16,28.8,-81.6,5.0,1,3.02,1
2013-12-16,28.9,-82.05,32.3,1,2.88,1
2013-12-16,29.85,-82.95,13.0,1,18.2,4
2013-12-16,30.45,-86.9,51.6,1,13.88,1
2013-12-16,30.5,-86.9,260.7,3,297.35,11
2013-12-16,30.55,-86.0,13.6,1,39.599999999999994,3
2013-12-16,30.9,-85.1,11.0,1,3.59,1
2013-12-17,26.25,-80.75,11.399999999999999,2,10.34,2
2013-12-17,26.85,-80.3,39.6,2,12.51,2
2013-12-17,26.9,-81.85,617.9,4,141.71,5
2013-12-17,27.0,-82.3,16.0,1,41.32,2
2013-12-17,27.1,-82.3,39.9,2,10.86,1
2013-12-17,27.65,-81.9,134.2,1,3.27,1
2013-12-17,28.3,-82.05,9.7,1,15.219999999999999,4
2013-12-17,28.75,-82.4,17.7,1,15.39,2
2013-12-17,28.85,-82.2,19.3,1,16.6,2
2013-12-17,28.95,-81.75,7.1,1,7.63,1
2013-12-17,30.3,-86.15,18.9,1,16.42,2
2013-12-17,30.35,-85.9,17.5,1,22.72,2
2013-12-17,30.45,-82.3,10.6,1,14.96,4
2013-12-17,30.55,-86.0,34.1,1,41.94,1
2013-12-17,30.6,-86.3,129.5,3,51.37,4
2013-12-17,30.6,-83.85,40.8,3,22.57,3
2013-12-17,30.85,-87.0,44.0,2,3.43,1
2013-12-17,30.85,-85.55,11.9,1,24.1,3
2013-12-18,26.9,-81.85,59.4,3,110.55,8
2013-12-18,26.95,-82.3,43.4,2,127.21000000000001,10
2013-12-18,27.0,-80.2,24.0,1,70.43,5
2013-12-18,27.15,-81.65,9.3,1,4.62,1
2013-12-18,27.55,-81.4,171.2,2,58.82,9
2013-12-18,27.55,-80.6,17.1,1,4.3,1
2013-12-18,27.6,-82.25,48.6,1,11.8,4
2013-12-18,28.3,-82.0,32.4,2,11.48,3
2013-12-18,28.65,-81.15,46.8,2,7.0600000000000005,2
2013-12-18,28.9,-82.3,11.3,1,22.17,2
2013-12-18,28.9,-82.2,128.5,2,12.419999999999998,3
2013-12-18,29.0,-82.3,88.9,2,11.33,3
2013-12-18,29.0,-81.65,305.6,1,55.84,3
2013-12-18,29.0,-81.6,145.0,1,47.489999999999995,4
2013-12-18,29.35,-83.15,14.5,1,5.53,1
2013-12-18,30.15,-82.95,44.2,2,28.46,4
2013-12-18,30.15,-81.95,69.5,2,43.36,3
2013-12-18,30.35,-85.9,55.2,3,6.52,1
2013-12-18,30.35,-84.6,57.7,3,125.2,21
2013-12-18,30.5,-84.7,115.6,5,38.81,5
2013-12-18,30.5,-83.65,36.7,1,32.72,3
2013-12-18,30.55,-86.95,22.3,1,4.47,1
2013-12-18,30.95,-86.7,23.0,1,16.31,2
2013-12-18,30.95,-85.85,17.3,2,12.41,2
2013-12-19,26.45,-80.7,18.1,1,25.93,6
2013-12-19,26.8,-80.35,108.4,4,25.23,3
2013-12-19,26.9,-81.85,657.4,7,98.64,5
2013-12-19,27.15,-81.6,14.7,1,7.13,2
2013-12-19,27.55,-81.0,119.5,3,55.11,10
2013-12-19,27.7,-82.05,37.4,1,5.39,1
2013-12-19,27.7,-81.35,40.0,2,23.52,3
2013-12-19,27.8,-81.35,236.5,4,53.37,4
2013-12-19,27.8,-81.3,62.400000000000006,3,24.57,6
2013-12-19,28.2,-82.15,15.2,1,235.07999999999998,11
2013-12-19,28.4,-82.0,37.9,2,16.69,3
2013-12-19,28.65,-81.15,55.0,2,12.73,1
2013-12-19,28.65,-80.95,30.4,2,91.9,11
2013-12-19,28.75,-82.45,25.9,1,8.83,1
2013-12-19,28.75,-82.4,237.29999999999998,5,68.57000000000001,7
2013-12-19,29.35,-81.75,120.80000000000001,2,79.3,6
2013-12-19,29.35,-81.7,91.0,2,126.39,7
2013-12-19,30.15,-81.95,151.5,5,10.3,3
2013-12-19,30.25,-85.95,10.0,1,14.969999999999999,3
2013-12-19,30.35,-85.9,42.0,2,7.28,2
2013-12-19,30.4,-83.25,9.8,1,8.030000000000001,2
2013-12-19,30.45,-81.9,42.2,2,3.66,1
2013-12-19,30.5,-84.7,75.30000000000001,3,4.66,1
2013-12-19,30.85,-87.25,8.9,1,33.08,4
2013-12-19,30.95,-85.6,5.2,1,1.53,1
2013-12-20,27.35,-80.45,11.5,1,7.61,1
2013-12-20,27.8,-81.4,21.0,1,47.9,2
2013-12-20,27.8,-81.35,111.4,3,4.54,1
2013-12-20,28.2,-82.6,58.0,3,39.87,3
2013-12-20,29.35,-81.7,11.6,1,19.34,2
2013-12-20,29.6,-82.85,9.3,1,14.06,2
2013-12-20,29.9,-82.8,306.6,2,26.41,2
2013-12-20,30.15,-82.25,54.5,3,23.02,3
2013-12-20,30.25,-85.95,28.0,2,36.72,4
2013-12-23,26.25,-81.7,13.9,2,12.700000000000001,2
2013-12-23,26.65,-81.45,7.3,1,3.61,1
2013-12-23,27.75,-82.05,8.7,1,27.86,1
2013-12-26,28.75,-82.45,116.4,1,17.94,5
2013-12-30,30.6,-81.8,9.0,1,9.59,2
2014-01-02,26.25,-81.7,20.7,1,18.18,3
2014-01-02,26.5,-80.55,26.7,2,6.79,2
2014-01-02,26.85,-81.75,10.2,1,5.31,1
2014-01-05,26.5,-80.95,50.800000000000004,2,36.13,3
2014-01-05,26.55,-80.85,24.8,2,96.87,3
2014-01-05,29.55,-83.05,9.8,1,6.45,1
2014-01-05,29.8,-81.95,7.9,1,14.25,2
2014-01-06,26.45,-80.9,92.7,2,47.129999999999995,3
2014-01-06,26.7,-80.9,12.2,1,221.63,3
2014-01-07,29.6,-82.9,7.2,1,1.27,1
2014-01-07,30.3,-85.75,15.5,1,4.69,1
2014-01-08,30.45,-82.75,6.9,1,11.42,1
2014-01-12,30.5,-86.75,13.3,1,25.18,2
2014-01-12,30.5,-86.7,4.3,1,46.379999999999995,4
2014-01-13,28.7,-82.4,165.1,3,340.11,17
2014-01-15,30.35,-84.65,363.4,2,225.12,25
2014-01-16,26.8,-81.15,7.3,1,6.15,1
2014-01-16,26.9,-81.95,22.3,2,10.33,3
2014-01-16,27.35,-82.4,16.9,1,2.13,1
2014-01-16,27.35,-81.35,4.7,1,3.34,1
2014-01-16,27.6,-81.4,17.8,2,72.67,3
2014-01-16,28.35,-82.05,18.6,1,7.53,1
2014-01-16,28.8,-82.45,6.2,1,4.16,1
2014-01-16,29.15,-81.7,11.3,1,5.34,1
2014-01-16,29.2,-81.75,80.9,1,29.5,5
2014-01-16,29.2,-81.7,138.6,2,131.62,5
2014-01-16,29.55,-81.75,7.5,1,7.79,1
2014-01-16,29.65,-83.05,12.4,1,17.12,2
2014-01-16,29.65,-81.3,7.5,1,4.16,1
2014-01-16,29.7,-81.85,7.8,1,2.23,1
2014-01-16,29.95,-81.9,6.7,1,3.9,1
2014-01-16,30.0,-85.5,53.7,2,147.94,10
2014-01-16,30.0,-82.95,21.0,2,20.23,5
2014-01-16,30.35,-84.6,8.4,1,8.41,2
2014-01-16,30.35,-84.55,222.1,5,330.09000000000003,17
2014-01-16,30.35,-83.75,9.0,1,23.04,2
2014-01-16,30.35,-83.3,5.8,1,5.77,1
2014-01-16,30.4,-84.55,17.2,1,68.92,6
2014-01-16,30.6,-86.7,14.5,1,3.33,1
2014-01-16,30.6,-86.65,40.6,1,23.66,6
2014-01-16,30.85,-87.6,18.2,1,6.67,2
2014-01-16,30.85,-85.25,9.5,1,8.05,1
2014-01-16,30.85,-85.15,7.6,1,7.92,2
2014-01-17,30.5,-85.2,16.7,1,28.14,3
2014-01-17,30.6,-86.9,90.7,3,9.370000000000001,2
2014-01-17,30.65,-86.9,79.7,1,26.5,4
2014-01-17,30.95,-86.65,88.69999999999999,2,9.45,1
2014-01-18,26.2,-80.85,270.6,3,23.14,2
2014-01-18,26.25,-81.45,129.8,2,90.57,5
2014-01-18,26.5,-80.8,23.1,1,336.72,2
2014-01-18,26.55,-80.55,4.1,1,21.689999999999998,5
2014-01-18,26.6,-80.55,10.1,1,9.44,2
2014-01-18,26.7,-80.65,20.8,2,14.41,1
2014-01-18,26.75,-80.5,6.0,1,7.8,2
2014-01-18,26.9,-81.8,8.2,1,2.36,1
2014-01-18,27.3,-80.35,24.200000000000003,2,9.6,1
2014-01-18,28.9,-80.9,8.8,1,14.88,1
2014-01-18,29.4,-81.75,121.7,1,34.3,6
2014-01-18,29.9,-82.45,10.3,1,20.75,3
2014-01-18,30.3,-84.7,855.3,5,46.12,5
2014-01-18,30.3,-84.65,659.0999999999999,5,51.790000000000006,6
2014-01-18,30.3,-82.65,22.0,2,9.81,2
2014-01-18,30.3,-82.6,224.4,2,57.74,8
2014-01-18,30.4,-83.75,21.3,1,6.65,1
2014-01-18,30.5,-85.95,68.5,3,27.43,3
2014-01-18,30.55,-85.25,56.8,2,39.48,4
2014-01-18,30.85,-87.6,19.9,1,54.39,9
2014-01-19,26.25,-81.45,157.8,4,89.68,5
2014-01-19,26.25,-81.4,23.3,1,21.64,2
2014-01-19,26.55,-80.95,369.3,4,3.55,1
2014-01-19,26.6,-80.55,3.4,1,3.25,1
2014-01-19,26.65,-80.55,8.0,1,4.619999999999999,2
2014-01-19,26.75,-80.5,52.900000000000006,2,1.4,1
2014-01-19,27.05,-80.25,104.2,5,16.53,3
2014-01-20,26.75,-80.5,9.6,1,5.31,1
2014-01-20,26.8,-81.4,87.9,2,4.81,1
2014-01-20,26.8,-81.2,12.7,1,17.1,2
2014-01-20,27.05,-81.65,22.9,1,14.45,2
2014-01-20,27.3,-80.35,15.1,1,4.52,2
2014-01-20,27.35,-82.4,16.2,1,2.35,1
2014-01-20,27.5,-80.75,13.8,1,20.08,4
2014-01-20,27.6,-81.7,28.5,1,19.85,2
2014-01-20,27.6,-80.85,53.699999999999996,2,27.040000000000003,6
2014-01-20,28.35,-81.2,17.5,1,7.04,1
2014-01-20,28.4,-81.65,14.4,1,16.7,4
2014-01-20,29.05,-81.6,16.1,1,19.36,4
2014-01-20,29.5,-81.6,13.4,1,10.73,3
2014-01-20,29.6,-82.85,65.9,3,43.74,6
2014-01-20,30.25,-82.45,663.7,6,136.74,18
2014-01-20,30.25,-82.4,192.60000000000002,3,25.73,3
2014-01-20,30.3,-82.45,287.5,2,63.37,11
2014-01-20,30.55,-83.2,10.8,1,1.96,1
2014-01-20,30.75,-82.0,64.69999999999999,2,13.23,4
2014-01-20,30.8,-82.0,46.5,1,36.24,3
2014-01-21,30.3,-85.75,45.5,2,9.36,2
2014-01-21,30.3,-82.35,60.5,2,70.45,12
2014-01-21,30.3,-82.3,22.7,1,5.1,1
2014-01-21,30.45,-86.25,233.0,2,309.8,12
2014-01-21,30.55,-85.4,13.7,2,10.77,1
2014-01-21,30.65,-87.35,12.9,2,7.12,1
2014-01-21,30.8,-86.35,34.3,1,18.4,1
2014-01-21,30.85,-86.35,19.9,1,18.4,1
2014-01-22,26.25,-81.4,11.7,1,8.18,2
2014-01-22,26.9,-81.9,193.9,4,32.2,8
2014-01-22,27.05,-80.4,11.9,1,33.81,1
2014-01-22,27.15,-80.5,10.0,1,3.18,1
2014-01-22,27.3,-82.4,154.4,4,109.63,12
2014-01-22,27.6,-81.8,29.1,2,4.86,2
2014-01-22,28.1,-81.25,55.3,2,13.59,4
2014-01-22,28.3,-82.55,8.5,1,5.04,1
2014-01-22,28.65,-81.1,306.3,5,16.62,3
2014-01-22,28.85,-81.95,7.1,1,3.6,1
2014-01-22,29.7,-83.1,16.5,1,9.98,2
2014-01-22,29.75,-83.0,9.8,1,3.95,1
2014-01-22,30.0,-82.05,632.8,4,441.01,32
2014-01-22,30.05,-82.05,136.2,1,115.6,11
2014-01-22,30.25,-84.65,43.4,2,422.33,34
2014-01-22,30.35,-83.3,12.4,1,11.07,2
2014-01-22,30.4,-82.35,173.3,2,165.86,29
2014-01-22,30.5,-85.95,7.2,1,7.36,1
2014-01-22,30.5,-85.25,7.5,1,24.54,2
2014-01-23,26.6,-81.55,10.3,1,2.16,1
2014-01-23,26.9,-81.8,4.7,1,16.830000000000002,4
2014-01-23,26.9,-81.75,143.4,4,95.78,13
2014-01-23,26.9,-81.45,9.7,1,12.419999999999998,3
2014-01-23,26.9,-81.4,85.5,4,114.84,16
2014-01-23,27.05,-81.05,14.899999999999999,2,11.47,1
2014-01-23,27.1,-81.65,75.1,3,15.94,2
2014-01-23,27.1,-81.4,14.2,1,25.240000000000002,3
2014-01-23,27.1,-80.4,17.9,1,31.8,2
2014-01-23,27.25,-81.45,23.099999999999998,2,5.24,1
2014-01-23,27.25,-81.1,40.6,4,5.52,2
2014-01-23,27.25,-80.85,6.7,1,4.0,1
2014-01-23,27.35,-82.4,14.9,2,7.35,1
2014-01-23,27.45,-80.8,18.7,1,1.93,1
2014-01-23,27.55,-80.6,5.0,1,7.76,2
2014-01-23,27.6,-80.8,64.0,3,19.310000000000002,3
2014-01-23,27.7,-81.4,56.3,2,71.27,11
2014-01-23,27.9,-80.9,71.2,2,3.65,1
2014-01-23,28.1,-81.25,5.6,1,22.41,2
2014-01-23,28.25,-82.6,266.8,5,98.6,8
2014-01-23,28.3,-82.55,7.2,1,6.84,1
2014-01-23,28.3,-82.5,11.6,1,5.74,1
2014-01-23,29.25,-82.3,5.6,1,5.62,2
2014-01-23,29.35,-81.15,33.8,2,18.380000000000003,4
2014-01-23,29.45,-81.8,57.4,4,11.61,2
2014-01-23,29.5,-81.8,25.3,1,4.9,1
2014-01-23,29.8,-81.85,12.8,1,9.28,1
2014-01-23,30.65,-84.7,9.7,1,13.94,2
2014-01-24,28.35,-81.15,24.6,2,94.28,4
2014-01-24,30.3,-84.2,46.1,2,28.36,3
2014-01-24,30.3,-82.4,15.9,1,55.21,8
2014-01-24,30.4,-83.2,26.7,1,24.409999999999997,2
2014-01-25,30.75,-87.2,37.6,3,16.82,3
2014-01-27,26.05,-81.7,35.1,1,14.57,1
2014-01-27,26.2,-80.9,22.3,1,37.29,3
2014-01-27,26.2,-80.85,70.8,1,6.72,1
2014-01-27,26.25,-81.7,64.2,2,20.22,1
2014-01-27,26.6,-81.3,198.89999999999998,2,22.66,2
2014-01-27,26.65,-81.65,98.69999999999999,2,47.07,3
2014-01-27,26.75,-81.85,11.8,1,7.81,1
2014-01-27,26.75,-81.8,109.4,3,15.1,2
2014-01-27,26.8,-81.4,27.8,1,28.79,1
2014-01-27,26.85,-82.0,107.7,2,5.87,1
2014-01-27,26.85,-81.95,193.0,2,84.24,1
2014-01-27,29.95,-84.55,29.2,2,32.58,2
2014-01-27,30.15,-84.95,108.5,2,16.88,5
2014-01-27,30.15,-84.9,12.5,1,20.02,3
2014-01-27,30.3,-82.35,111.9,3,16.77,3
2014-01-27,30.35,-83.85,30.7,1,3.56,1
2014-01-28,26.0,-81.1,13.3,1,33.32,4
2014-01-28,26.25,-81.7,27.0,2,33.58,2
2014-01-28,26.35,-80.3,22.3,1,6.7,1
2014-01-28,26.6,-81.3,14.8,1,55.49,4
2014-01-28,26.75,-81.8,12.6,1,29.229999999999997,7
2014-01-28,26.85,-82.0,263.79999999999995,2,2.89,1
2014-01-28,26.85,-81.95,221.3,2,103.65,2
2014-01-28,26.9,-81.75,19.2,1,7.96,2
2014-01-28,27.1,-82.0,31.7,1,33.76,3
2014-01-28,27.25,-81.15,37.6,2,58.11,10
2014-01-28,27.4,-80.45,30.2,2,11.03,1
2014-01-28,27.6,-81.8,9.5,1,0.77,1
2014-01-28,27.75,-80.85,31.3,1,8.98,2
2014-01-28,27.75,-80.8,15.5,1,9.08,1
2014-01-31,30.4,-85.5,49.1,2,93.60000000000001,9
2014-02-01,26.3,-80.95,30.8,1,81.08,1
2014-02-01,29.95,-85.05,46.3,2,91.99,17
2014-02-03,26.55,-81.3,56.0,2,27.22,4
2014-02-03,26.55,-81.05,40.8,1,6.67,1
2014-02-03,26.9,-81.7,16.6,1,6.6,1
2014-02-03,28.4,-81.65,6.5,1,8.68,2
2014-02-03,28.55,-81.05,10.1,1,10.39,2
2014-02-03,29.3,-82.1,7.7,1,26.73,3
2014-02-07,27.6,-81.25,63.0,1,58.6,6
2014-02-08,30.45,-86.8,83.8,1,29.18,4
2014-02-08,30.6,-86.7,9.6,1,55.44,5
2014-02-09,30.0,-85.3,5.3,1,7.42,2
2014-02-09,30.5,-86.9,72.7,1,194.18,10
2014-02-09,30.55,-86.8,155.5,2,176.73,10
2014-02-09,30.85,-85.15,14.2,2,11.11,3
2014-02-10,27.3,-81.2,256.2,2,129.59,6
2014-02-10,27.6,-81.4,11.8,1,9.16,2
2014-02-10,27.6,-80.85,12.1,1,33.64,4
2014-02-10,27.8,-80.95,25.900000000000002,2,38.42,6
2014-02-10,28.6,-82.0,9.3,2,3.89,1
2014-02-10,28.6,-81.95,81.9,2,4.11,1
2014-02-10,29.3,-81.85,212.3,2,48.88,2
2014-02-10,29.6,-83.0,8.3,1,5.18,1
2014-02-10,29.9,-81.9,14.0,1,28.75,4
2014-02-10,30.0,-82.9,6.1,1,1.99,1
2014-02-10,30.15,-84.95,516.5,6,327.06,32
2014-02-10,30.2,-83.15,36.1,1,10.71,2
2014-02-10,30.2,-82.55,33.5,1,5.58,1
2014-02-10,30.2,-82.5,246.1,2,6.94,1
2014-02-10,30.3,-84.25,7.8,1,3.89,1
2014-02-10,30.3,-82.7,5.3,1,1.5,1
2014-02-10,30.45,-83.55,21.2,3,2.57,1
2014-02-10,30.5,-83.15,11.6,1,13.829999999999998,2
2014-02-11,26.7,-80.55,156.2,2,4.07,1
2014-02-11,27.3,-81.2,421.0,5,125.53,5
2014-02-11,27.35,-81.75,5.8,1,3.69,1
2014-02-11,27.45,-81.55,8.9,1,5.4,1
2014-02-11,27.6,-81.8,6.0,1,0.73,1
2014-02-11,28.0,-81.2,490.4,2,51.39,4
2014-02-11,28.0,-81.15,492.59999999999997,2,83.0,7
2014-02-11,28.3,-82.25,22.4,1,7.0,1
2014-02-11,29.15,-81.95,12.399999999999999,2,26.94,2
2014-02-11,29.8,-82.6,16.6,1,5.79,1
2014-02-11,30.0,-82.9,6.0,1,8.04,1
2014-02-11,30.15,-83.05,16.9,1,67.35,2
2014-02-13,30.65,-86.65,47.1,2,4.72,1
2014-02-14,26.7,-80.9,85.3,1,29.02,2
2014-02-14,26.85,-81.65,217.89999999999998,3,56.14,4
2014-02-14,26.95,-81.55,120.6,4,77.86,5
2014-02-14,27.5,-80.65,16.2,1,4.4,1
2014-02-14,27.6,-81.25,16.1,1,3.9,2
2014-02-14,27.6,-80.9,79.3,2,12.84,3
2014-02-14,28.05,-80.95,53.6,1,112.39,6
2014-02-14,28.25,-82.6,161.6,2,142.01999999999998,4
2014-02-14,29.4,-82.7,11.0,1,2.6,1
2014-02-14,30.2,-83.95,8.5,1,16.42,2
2014-02-14,30.25,-84.85,233.8,3,138.28,27
2014-02-14,30.25,-84.8,164.1,3,106.58,12
2014-02-14,30.25,-84.7,8.6,1,28.35,4
2014-02-14,30.6,-83.6,7.1,1,5.86,1
2014-02-15,26.2,-80.9,11.3,1,25.91,5
2014-02-15,26.55,-80.65,212.0,6,3.79,1
2014-02-15,26.7,-80.9,37.9,1,106.15,4
2014-02-15,26.9,-80.6,28.2,1,16.15,3
2014-02-15,27.55,-81.25,110.4,2,249.82999999999998,11
2014-02-15,27.55,-81.2,507.2,5,128.49,5
2014-02-15,28.3,-82.25,18.6,2,33.79,5
2014-02-15,29.3,-82.45,4.5,1,9.94,1
2014-02-15,30.25,-84.5,121.8,4,461.44,41
2014-02-15,30.6,-86.35,16.4,1,256.84,18
2014-02-15,30.65,-86.35,9.4,1,350.39,13
2014-02-16,27.35,-80.9,13.0,1,89.75,3
2014-02-16,29.15,-81.95,80.89999999999999,3,25.97,2
2014-02-16,30.25,-81.95,7.3,1,5.77,1
2014-02-16,30.6,-86.4,97.6,3,110.45,6
2014-02-16,30.75,-86.1,67.9,2,27.06,3
2014-02-16,30.75,-86.05,26.4,1,9.08,1
2014-02-17,26.3,-81.7,16.0,2,7.44,1
2014-02-17,26.45,-81.5,6.3,1,5.36,1
2014-02-17,26.55,-81.25,6.1,1,18.439999999999998,3
2014-02-17,26.6,-81.5,60.3,2,31.94,1
2014-02-17,26.85,-81.65,18.4,2,18.89,4
2014-02-17,26.85,-81.6,59.9,2,19.32,2
2014-02-17,26.95,-81.6,66.4,2,63.21,6
2014-02-17,27.05,-81.5,15.2,1,119.05,7
2014-02-17,27.05,-81.35,18.2,2,5.75,1
2014-02-17,27.1,-80.6,7.2,1,4.88,1
2014-02-17,27.15,-80.5,16.5,1,38.34,3
2014-02-17,27.15,-80.4,17.2,1,33.87,2
2014-02-17,27.2,-81.55,9.7,1,14.0,2
2014-02-17,27.2,-80.7,20.3,2,40.69,1
2014-02-17,27.25,-82.25,11.9,1,21.69,3
2014-02-17,27.25,-81.55,187.9,3,46.870000000000005,5
2014-02-17,27.25,-81.2,4.5,1,9.18,1
2014-02-17,27.35,-81.85,54.2,2,17.79,2
2014-02-17,27.4,-81.05,22.8,2,39.2,4
2014-02-17,27.4,-80.6,6.1,1,6.53,1
2014-02-17,27.45,-81.55,20.0,2,16.34,1
2014-02-17,27.5,-80.6,18.3,1,10.28,1
2014-02-17,27.55,-82.25,6.0,1,9.95,1
2014-02-17,27.65,-80.8,6.9,1,5.69,1
2014-02-17,27.75,-81.85,20.8,2,13.49,1
2014-02-17,27.8,-82.15,28.7,2,14.26,2
2014-02-17,27.8,-82.0,8.4,1,15.81,2
2014-02-17,27.8,-81.0,13.7,2,13.31,3
2014-02-17,27.95,-81.05,49.3,2,169.5,7
2014-02-17,28.05,-81.25,45.8,2,4.67,1
2014-02-17,28.3,-82.25,29.7,1,17.51,1
2014-02-17,28.7,-82.0,81.9,3,169.09,9
2014-02-17,28.9,-81.15,22.0,1,33.99,3
2014-02-17,29.15,-81.9,12.0,1,3.73,1
2014-02-17,29.2,-81.9,13.7,1,15.51,4
2014-02-17,29.5,-82.75,9.8,1,3.91,1
2014-02-17,29.55,-82.2,15.9,1,3.49,1
2014-02-17,29.65,-83.1,12.1,1,4.62,1
2014-02-17,29.7,-82.9,26.6,2,12.780000000000001,3
2014-02-17,29.75,-83.0,10.3,1,12.530000000000001,2
2014-02-17,29.85,-82.9,13.600000000000001,2,6.3100000000000005,2
2014-02-17,29.9,-84.65,9.3,1,14.11,2
2014-02-17,30.0,-84.9,887.6999999999999,9,1049.75,30
2014-02-17,30.05,-84.95,49.4,1,31.8,6
2014-02-17,30.15,-83.85,194.5,5,38.26,2
2014-02-17,30.15,-83.6,23.900000000000002,2,9.43,1
2014-02-17,30.15,-83.2,9.3,1,12.6,2
2014-02-17,30.15,-82.55,59.9,1,38.51,1
2014-02-17,30.2,-82.55,102.3,1,54.55,3
2014-02-17,30.3,-84.2,71.6,3,46.29,5
2014-02-17,30.3,-84.05,6.0,1,10.16,2
2014-02-17,30.35,-82.8,7.1,1,14.049999999999999,2
2014-02-17,30.4,-84.1,32.3,1,22.540000000000003,3
2014-02-17,30.4,-84.05,48.0,1,62.96,8
2014-02-17,30.4,-83.95,4.9,1,7.74,2
2014-02-17,30.45,-82.75,4.9,1,5.78,1
2014-02-17,30.55,-83.7,12.3,1,1.81,1
2014-02-17,30.6,-83.75,5.6,1,19.35,2
2014-02-17,30.6,-83.55,18.3,2,8.65,1
2014-02-18,26.3,-81.7,18.2,1,7.9399999999999995,2
2014-02-18,26.35,-80.3,9.3,1,9.8,1
2014-02-18,26.6,-81.0,6.5,1,10.87,3
2014-02-18,26.85,-81.65,32.6,1,17.86,3
2014-02-18,26.85,-81.6,64.6,3,37.16,4
2014-02-18,27.05,-81.0,15.3,2,2.75,1
2014-02-18,27.15,-80.5,14.0,2,22.659999999999997,4
2014-02-18,27.15,-80.4,12.6,1,3.63,1
2014-02-18,27.15,-80.35,16.5,1,3.63,1
2014-02-18,27.2,-80.65,146.8,2,96.81,4
2014-02-18,27.2,-80.55,5.9,1,2.53,1
2014-02-18,27.25,-80.55,11.2,1,32.14,2
2014-02-18,27.3,-82.2,82.8,3,0.69,1
2014-02-18,27.3,-81.2,132.2,2,69.88,2
2014-02-18,27.3,-80.95,64.0,3,27.6,2
2014-02-18,27.4,-80.9,275.1,3,32.44,1
2014-02-18,27.5,-82.25,126.19999999999999,3,7.54,1
2014-02-18,27.5,-80.65,11.3,1,11.28,1
2014-02-18,27.55,-82.25,6.0,1,8.08,1
2014-02-18,27.6,-81.35,4.9,1,1.99,1
2014-02-18,27.6,-80.85,19.7,1,4.8,1
2014-02-18,27.8,-81.0,96.80000000000001,4,42.62,4
2014-02-18,27.95,-80.9,45.0,1,22.04,2
2014-02-18,28.05,-81.0,245.39999999999998,2,24.06,1
2014-02-18,28.05,-80.95,196.5,2,71.6,4
2014-02-18,28.25,-82.2,38.7,1,29.970000000000002,2
2014-02-18,28.45,-81.65,11.5,1,3.52,1
2014-02-18,29.6,-83.0,3.8,1,2.81,1
2014-02-18,30.0,-84.65,69.3,3,323.94,11
2014-02-18,30.05,-84.7,184.8,4,142.79,18
2014-02-18,30.05,-82.75,21.5,2,21.810000000000002,3
2014-02-18,30.55,-82.45,15.4,2,2.97,1
2014-02-19,26.35,-81.4,15.6,1,19.5,2
2014-02-19,26.35,-81.35,18.4,1,17.68,2
2014-02-19,26.55,-81.2,13.2,1,24.5,4
2014-02-19,26.55,-81.15,9.0,1,31.64,5
2014-02-19,26.65,-81.5,42.7,2,24.86,3
2014-02-19,26.85,-81.65,12.0,1,4.12,1
2014-02-19,26.95,-82.3,31.8,2,29.540000000000003,3
2014-02-19,27.0,-80.15,34.8,2,76.22,5
2014-02-19,27.1,-82.2,36.9,1,11.7,1
2014-02-19,27.1,-81.15,753.3,4,34.54,2
2014-02-19,27.1,-81.1,323.79999999999995,2,42.28,3
2014-02-19,27.15,-81.45,8.4,1,16.08,2
2014-02-19,27.15,-80.5,10.9,1,17.3,3
2014-02-19,27.2,-80.65,78.6,3,68.39999999999999,4
2014-02-19,27.35,-80.5,5.6,1,5.09,1
2014-02-19,27.4,-81.05,9.7,1,10.94,2
2014-02-19,27.45,-80.85,18.9,1,52.82,4
2014-02-19,27.45,-80.6,23.5,1,5.43,1
2014-02-19,27.5,-82.25,55.8,2,25.76,2
2014-02-19,27.55,-82.25,13.2,1,7.62,1
2014-02-19,27.55,-81.4,14.5,2,11.38,1
2014-02-19,27.6,-81.25,50.8,2,63.120000000000005,8
2014-02-19,27.65,-81.95,118.0,1,9.28,1
2014-02-19,27.65,-81.15,95.5,3,16.59,3
2014-02-19,27.8,-80.95,19.0,2,62.98,4
2014-02-19,27.9,-81.85,81.4,2,24.28,2
2014-02-19,27.95,-81.5,25.6,2,137.72,1
2014-02-19,28.1,-81.05,211.2,2,93.71000000000001,5
2014-02-19,28.3,-81.15,165.9,2,23.450000000000003,2
2014-02-19,28.35,-82.1,30.4,1,33.9,3
2014-02-19,28.35,-81.75,9.3,1,4.99,1
2014-02-19,28.9,-82.1,12.0,1,10.54,1
2014-02-19,29.05,-82.45,12.5,1,5.81,1
2014-02-19,29.1,-81.2,10.3,1,5.33,1
2014-02-19,29.3,-82.45,23.1,2,7.2,1
2014-02-19,29.4,-83.2,31.9,2,20.22,3
2014-02-19,29.5,-83.2,30.299999999999997,2,15.38,2
2014-02-19,29.55,-81.7,6.3,1,10.38,1
2014-02-19,29.65,-83.05,31.8,2,20.07,3
2014-02-19,29.65,-82.65,53.599999999999994,2,36.150000000000006,3
2014-02-19,29.8,-82.75,10.5,1,7.19,1
2014-02-19,29.85,-84.65,53.1,2,9.28,1
2014-02-19,29.85,-82.75,6.8,1,5.26,1
2014-02-19,29.9,-84.65,30.7,1,72.18,7
2014-02-19,29.9,-81.85,9.0,1,6.43,1
2014-02-19,29.95,-82.8,89.9,2,144.41,5
2014-02-19,29.95,-82.05,43.1,1,87.38,6
2014-02-19,29.95,-81.9,52.2,1,4.56,1
2014-02-19,30.0,-84.6,44.1,1,76.39,7
2014-02-19,30.05,-83.05,24.8,1,10.74,2
2014-02-19,30.1,-83.0,10.0,1,7.21,1
2014-02-19,30.15,-84.75,112.19999999999999,3,40.71,6
2014-02-19,30.15,-84.7,156.10000000000002,3,119.61000000000001,5
2014-02-19,30.15,-84.05,37.8,1,44.88,4
2014-02-19,30.2,-84.3,23.0,1,21.92,2
2014-02-19,30.2,-84.05,14.2,1,37.39,5
2014-02-19,30.3,-82.75,32.5,2,16.9,3
2014-02-19,30.3,-82.25,72.7,2,14.98,2
2014-02-19,30.35,-84.8,55.6,3,23.48,2
2014-02-19,30.35,-83.3,114.4,2,6.17,1
2014-02-19,30.35,-83.2,8.8,1,15.18,1
2014-02-19,30.4,-83.95,21.799999999999997,2,28.3,2
2014-02-19,30.45,-83.6,20.9,1,16.62,1
2014-02-19,30.45,-83.3,17.4,1,15.17,2
2014-02-19,30.45,-83.15,72.7,4,14.75,1
2014-02-19,30.45,-82.7,58.3,2,15.94,3
2014-02-19,30.45,-82.65,112.4,2,11.93,4
2014-02-19,30.55,-82.3,51.1,1,42.730000000000004,3
2014-02-19,30.55,-82.25,22.5,1,53.82,5
2014-02-19,30.75,-86.9,87.6,3,4.16,1
2014-02-19,30.75,-85.0,21.1,2,22.82,2
2014-02-19,30.8,-87.15,21.8,1,7.9799999999999995,2
2014-02-20,26.95,-82.3,113.9,3,50.73,4
2014-02-20,26.95,-80.35,8.3,1,20.05,1
2014-02-20,27.0,-81.15,11.8,1,5.24,2
2014-02-20,27.1,-81.8,51.0,2,7.959999999999999,2
2014-02-20,27.1,-81.15,21.6,1,67.25,5
2014-02-20,27.15,-80.5,8.9,1,1.94,1
2014-02-20,27.75,-80.6,317.4,3,58.41,4
2014-02-20,27.9,-81.1,86.2,1,9.81,1
2014-02-20,27.95,-81.5,40.8,3,31.28,3
2014-02-20,27.95,-81.1,85.3,2,15.23,3
2014-02-20,28.05,-82.1,149.5,1,9.469999999999999,2
2014-02-20,28.05,-81.05,241.2,2,10.09,1
2014-02-20,28.1,-81.05,217.2,5,22.990000000000002,3
2014-02-20,28.25,-82.2,12.5,1,18.880000000000003,4
2014-02-20,28.25,-80.85,251.89999999999998,4,598.0,26
2014-02-20,28.4,-82.1,513.6,7,432.68,18
2014-02-20,28.6,-81.2,15.5,1,5.28,1
2014-02-20,28.6,-81.15,8.0,1,5.28,1
2014-02-20,28.9,-81.5,48.4,1,22.29,6
2014-02-20,29.2,-82.1,97.4,2,38.06,2
2014-02-20,29.3,-82.45,14.9,1,36.05,3
2014-02-20,29.5,-81.65,37.3,2,41.7,6
2014-02-20,29.65,-82.65,20.5,1,3.25,1
2014-02-20,29.65,-81.3,84.2,3,57.010000000000005,5
2014-02-20,29.85,-83.25,83.4,3,4.74,2
2014-02-20,29.95,-84.65,274.5,6,159.51999999999998,14
2014-02-20,29.95,-82.05,115.1,5,37.06,4
2014-02-20,30.15,-84.5,28.6,1,32.519999999999996,5
2014-02-20,30.15,-84.45,67.7,2,58.79,9
2014-02-20,30.2,-82.25,93.4,3,16.18,4
2014-02-20,30.3,-84.25,13.4,1,7.699999999999999,2
2014-02-20,30.3,-82.75,17.5,1,16.25,2
2014-02-20,30.45,-83.2,14.5,1,3.56,1
2014-02-20,30.45,-82.5,188.8,3,135.5,14
2014-02-20,30.6,-84.35,41.0,2,19.25,3
2014-02-22,30.05,-83.25,17.200000000000003,2,4.32,1
2014-02-22,30.3,-82.85,14.6,1,10.54,2
2014-02-22,30.45,-83.65,44.099999999999994,2,12.52,2
2014-02-22,30.45,-83.25,7.3,1,19.54,4
2014-02-22,30.85,-86.1,39.8,2,84.84,4
2014-02-23,27.35,-82.1,7.3,1,3.23,1
2014-02-24,26.55,-81.15,28.599999999999998,2,10.3,3
2014-02-24,26.9,-81.15,13.8,1,39.85,4
2014-02-24,27.15,-81.75,36.0,1,101.39,7
2014-02-24,27.2,-80.4,12.4,1,16.82,1
2014-02-25,26.3,-81.7,20.1,1,5.18,1
2014-02-25,26.65,-80.55,22.7,1,88.4,3
2014-02-25,28.25,-82.6,57.6,1,18.5,3
2014-02-25,28.45,-82.3,12.1,1,3.54,1
2014-02-25,30.45,-83.15,30.2,1,21.310000000000002,2
2014-02-26,27.55,-81.25,20.3,1,20.44,3
2014-02-26,27.55,-80.9,13.7,1,28.1,2
2014-02-26,27.55,-80.85,73.4,3,35.13,3
2014-02-27,30.65,-86.5,28.1,2,18.23,4
2014-02-28,26.7,-81.35,8.8,1,1.98,1
2014-02-28,26.75,-81.05,34.6,1,6.58,2
2014-02-28,26.9,-81.85,30.5,2,112.95,4
2014-02-28,26.95,-81.5,24.7,1,68.55,3
2014-02-28,27.2,-80.45,19.1,1,24.15,3
2014-02-28,27.5,-80.45,7.8,1,11.25,1
2014-02-28,27.55,-81.9,15.2,1,16.71,2
2014-02-28,27.85,-81.8,15.8,1,11.309999999999999,3
2014-02-28,28.0,-80.95,17.4,1,44.96,4
2014-02-28,28.0,-80.9,8.0,1,34.73,5
2014-02-28,28.85,-81.5,15.8,1,18.16,2
2014-02-28,30.4,-83.5,13.7,1,12.0,1
2014-02-28,30.4,-81.9,91.8,4,15.85,3
2014-02-28,30.5,-87.45,15.6,1,56.28,2
2014-02-28,30.55,-84.2,9.8,1,7.859999999999999,2
2014-02-28,30.65,-86.65,361.0,3,78.49,10
2014-02-28,30.75,-85.0,39.1,2,8.68,1
2014-02-28,30.8,-86.8,147.7,5,37.59,3
2014-02-28,30.85,-87.1,15.4,2,13.26,3
2014-02-28,30.9,-85.15,14.1,1,4.82,1
2014-02-28,30.95,-86.95,172.8,3,197.19,26
2014-03-01,26.5,-81.45,16.4,1,6.81,1
2014-03-01,26.65,-81.7,44.1,2,40.78,2
2014-03-01,27.2,-82.05,50.7,2,51.91,5
2014-03-01,27.25,-81.55,314.8,3,287.96,13
2014-03-01,27.25,-81.5,54.8,2,396.28000000000003,12
2014-03-01,27.3,-81.55,33.0,2,46.38,4
2014-03-01,27.8,-81.8,16.8,1,15.84,2
2014-03-01,28.0,-81.25,22.9,2,72.99,3
2014-03-01,28.05,-81.15,17.2,1,53.16,3
2014-03-01,28.3,-82.2,10.4,1,9.76,3
2014-03-01,28.3,-81.9,156.7,3,25.18,2
2014-03-01,29.6,-82.9,10.2,1,15.719999999999999,2
2014-03-01,29.7,-81.9,25.799999999999997,2,14.35,4
2014-03-01,30.15,-85.25,108.8,2,87.69,3
2014-03-01,30.25,-82.85,22.9,1,5.88,1
2014-03-01,30.35,-83.1,10.7,1,5.54,1
2014-03-01,30.4,-83.5,8.9,1,5.89,1
2014-03-01,30.5,-84.1,23.4,2,3.0,1
2014-03-01,30.6,-83.9,12.799999999999999,2,23.79,5
2014-03-01,30.65,-85.55,4.1,1,12.26,3
2014-03-01,30.95,-85.25,9.1,1,5.42,1
2014-03-02,26.55,-80.7,267.3,4,16.76,3
2014-03-02,30.1,-82.65,167.3,3,7.15,1
2014-03-02,30.65,-85.85,5.5,1,14.54,4
2014-03-02,30.65,-85.5,5.1,1,18.46,4
2014-03-02,30.65,-85.0,10.5,1,14.59,2
2014-03-02,30.65,-84.75,222.1,5,52.78,5
2014-03-02,30.65,-84.7,16.4,2,46.44,2
2014-03-02,30.85,-86.25,3.8,1,7.08,2
2014-03-03,26.8,-81.75,20.8,2,4.7,1
2014-03-03,26.8,-81.4,247.39999999999998,2,43.32,5
2014-03-03,27.0,-81.15,11.9,1,40.52,5
2014-03-03,27.05,-81.35,8.0,1,5.64,1
2014-03-03,27.15,-82.25,51.8,2,75.43,8
2014-03-03,27.15,-80.45,22.9,2,20.93,4
2014-03-03,27.25,-81.95,42.8,2,128.71,9
2014-03-03,27.5,-82.35,5.3,1,5.84,1
2014-03-03,27.55,-82.0,9.9,1,5.34,1
2014-03-03,27.55,-81.6,41.6,3,58.15,8
2014-03-03,27.6,-82.1,13.1,1,15.790000000000001,3
2014-03-03,27.6,-80.95,1427.6000000000001,4,27.22,2
2014-03-03,27.6,-80.9,192.0,1,51.14,2
2014-03-03,27.65,-81.15,18.4,1,11.23,2
2014-03-03,27.65,-81.1,7.6,1,41.01,5
2014-03-03,27.75,-82.2,12.0,1,15.379999999999999,3
2014-03-03,27.75,-81.4,19.9,2,10.93,3
2014-03-03,27.85,-81.35,29.5,2,20.48,3
2014-03-03,27.85,-81.2,178.1,3,115.57,8
2014-03-03,27.85,-81.15,40.4,1,75.89,5
2014-03-03,28.05,-81.1,55.2,3,161.62,12
2014-03-03,28.1,-81.2,7.8,1,15.24,1
2014-03-03,28.25,-82.05,61.5,3,64.2,6
2014-03-03,28.55,-82.3,74.19999999999999,4,5.02,1
2014-03-03,29.25,-82.05,97.4,3,8.02,1
2014-03-04,27.0,-81.15,21.0,1,53.05,6
2014-03-04,27.15,-81.6,136.9,2,11.28,2
2014-03-04,28.05,-81.15,23.5,1,46.440000000000005,4
2014-03-05,26.8,-81.8,20.6,1,19.66,2
2014-03-05,27.15,-81.6,100.19999999999999,3,89.83,11
2014-03-05,27.5,-81.95,15.7,1,19.81,1
2014-03-05,27.6,-81.0,52.5,2,36.980000000000004,5
2014-03-05,27.75,-81.1,38.8,1,13.8,1
2014-03-05,27.75,-81.05,10.5,1,26.310000000000002,2
2014-03-05,27.8,-81.1,10.5,1,13.8,1
2014-03-08,26.25,-80.9,72.8,2,58.8,11
2014-03-08,27.1,-81.95,27.9,1,9.64,2
2014-03-08,27.2,-82.25,22.8,1,5.9,1
2014-03-08,27.2,-82.2,9.1,1,4.27,1
2014-03-08,27.5,-82.3,57.0,1,46.68,2
2014-03-08,27.5,-82.25,29.0,1,83.21000000000001,5
2014-03-08,27.55,-82.25,34.1,2,79.49000000000001,2
2014-03-08,27.55,-82.0,9.6,1,20.240000000000002,5
2014-03-08,27.55,-80.9,196.0,4,77.59,3
2014-03-08,27.7,-81.8,9.9,1,1.68,1
2014-03-08,28.1,-81.15,66.6,3,62.92,7
2014-03-08,28.6,-80.75,543.5,4,110.49,4
2014-03-08,30.05,-84.85,7.5,1,124.78,17
2014-03-08,30.4,-83.5,71.5,3,46.95,4
2014-03-08,30.55,-86.3,68.4,2,19.54,3
2014-03-08,30.6,-86.3,16.2,1,33.75,6
2014-03-08,30.65,-85.3,14.0,1,17.92,3
2014-03-09,28.95,-81.2,24.3,2,31.25,4
2014-03-09,30.4,-83.5,64.2,3,53.66,3
2014-03-09,30.45,-83.1,15.2,1,3.24,1
2014-03-10,26.45,-81.05,18.299999999999997,2,47.86,3
2014-03-10,26.8,-81.8,10.8,1,5.11,1
2014-03-10,26.95,-81.6,38.0,3,13.760000000000002,2
2014-03-10,27.0,-81.15,50.9,3,20.439999999999998,2
2014-03-10,27.2,-80.55,13.0,1,8.34,1
2014-03-10,27.3,-81.05,66.0,2,47.28,2
2014-03-10,27.4,-80.9,46.7,2,54.09,6
2014-03-10,27.45,-81.15,64.2,2,37.650000000000006,3
2014-03-10,27.45,-81.1,41.3,2,56.849999999999994,2
2014-03-10,27.55,-80.95,42.7,3,40.65,7
2014-03-10,27.65,-81.25,23.1,1,130.95,6
2014-03-10,27.65,-81.0,92.9,4,19.46,3
2014-03-10,27.75,-81.1,70.0,2,32.22,2
2014-03-10,27.8,-81.1,17.9,1,42.74,5
2014-03-10,29.4,-83.1,9.8,1,17.77,2
2014-03-10,29.75,-83.55,6.7,1,14.29,1
2014-03-10,29.85,-83.0,16.3,1,143.9,8
2014-03-10,29.9,-81.95,24.8,1,81.63,11
2014-03-10,29.95,-82.7,78.0,1,42.42,2
2014-03-10,30.0,-84.85,6.6,1,7.69,2
2014-03-10,30.0,-84.8,32.0,4,45.269999999999996,8
2014-03-10,30.0,-82.9,7.5,1,14.879999999999999,2
2014-03-10,30.05,-84.85,25.5,2,20.950000000000003,3
2014-03-10,30.05,-84.8,199.89999999999998,2,461.34999999999997,17
2014-03-10,30.1,-84.8,21.6,1,121.45,17
2014-03-10,30.3,-84.25,58.400000000000006,4,55.53,7
2014-03-10,30.35,-86.1,5.4,1,5.81,1
2014-03-10,30.35,-83.95,21.700000000000003,2,23.78,5
2014-03-10,30.35,-83.1,6.9,1,7.88,1
2014-03-10,30.4,-85.4,6.1,1,25.07,2
2014-03-10,30.4,-83.5,12.8,2,7.17,1
2014-03-10,30.45,-83.75,25.8,1,30.58,4
2014-03-10,30.45,-83.2,10.3,1,15.01,3
2014-03-10,30.5,-84.45,8.2,1,15.22,3
2014-03-10,30.5,-83.35,80.3,2,44.75,2
2014-03-10,30.55,-87.45,8.9,1,15.2,2
2014-03-10,30.55,-85.85,10.0,1,16.04,2
2014-03-10,30.55,-84.7,30.9,2,15.39,2
2014-03-10,30.55,-84.5,3.7,1,5.44,1
2014-03-10,30.55,-84.1,5.9,1,4.77,1
2014-03-10,30.55,-83.7,20.7,1,22.52,2
2014-03-10,30.6,-86.75,11.3,1,11.82,2
2014-03-10,30.6,-85.85,38.9,2,16.86,2
2014-03-10,30.6,-85.75,7.6,1,31.7,1
2014-03-10,30.6,-84.1,63.0,3,4.42,1
2014-03-10,30.6,-84.05,21.5,1,45.94,5
2014-03-10,30.6,-84.0,31.7,2,19.02,3
2014-03-10,30.6,-83.9,46.9,2,21.55,1
2014-03-10,30.6,-83.35,10.4,1,15.059999999999999,2
2014-03-10,30.65,-84.9,9.5,2,8.04,3
2014-03-10,30.65,-84.2,21.4,3,6.75,1
2014-03-10,30.65,-84.15,17.1,1,4.86,1
2014-03-10,30.65,-83.9,4.9,1,9.8,2
2014-03-10,30.7,-85.65,12.7,1,20.42,2
2014-03-10,30.75,-85.0,10.2,1,5.970000000000001,2
2014-03-10,30.8,-86.4,13.6,2,11.15,3
2014-03-10,30.85,-86.75,5.6,1,4.22,1
2014-03-10,30.85,-86.7,176.4,3,10.98,3
2014-03-10,30.9,-85.3,15.8,2,14.07,1
2014-03-10,30.95,-87.0,143.8,2,62.64,5
2014-03-10,30.95,-86.95,88.0,4,131.57,20
2014-03-11,26.8,-81.75,18.9,1,32.46,6
2014-03-11,26.95,-81.85,9.3,1,4.98,1
2014-03-11,27.05,-81.15,19.3,1,7.44,1
2014-03-11,27.15,-80.6,146.8,3,13.78,4
2014-03-11,27.2,-82.25,45.9,1,9.0,2
2014-03-11,27.25,-82.25,7.2,1,9.0,2
2014-03-11,27.3,-81.95,75.8,3,39.63,10
2014-03-11,27.35,-81.65,25.1,1,24.08,2
2014-03-11,27.65,-81.3,32.5,1,88.83,1
2014-03-11,27.65,-81.25,232.8,3,265.29,14
2014-03-11,27.65,-81.1,119.8,1,34.25,3
2014-03-11,28.1,-81.25,24.6,1,21.66,3
2014-03-11,29.95,-82.05,111.60000000000001,2,5.0,1
2014-03-11,30.35,-83.9,23.1,1,25.0,4
2014-03-11,30.45,-83.15,8.9,1,5.859999999999999,2
2014-03-13,27.55,-81.25,4.4,1,33.19,5
2014-03-13,27.8,-82.15,52.9,3,59.540000000000006,4
2014-03-13,29.0,-82.3,6.0,1,14.9,2
2014-03-13,30.0,-83.05,20.9,1,9.309999999999999,2
2014-03-13,30.0,-82.85,50.5,3,44.84,7
2014-03-13,30.35,-86.2,36.5,2,6.36,1
2014-03-13,30.35,-83.95,4.2,1,4.24,1
2014-03-13,30.4,-83.85,10.5,1,2.64,1
2014-03-13,30.4,-83.05,9.6,2,3.21,1
2014-03-13,30.45,-83.2,21.7,1,10.02,1
2014-03-13,30.5,-83.7,7.9,1,5.66,2
2014-03-13,30.55,-84.5,6.6,1,4.67,1
2014-03-13,30.55,-83.8,10.9,1,18.78,3
2014-03-13,30.55,-83.75,18.6,1,6.07,2
2014-03-13,30.65,-86.9,12.3,1,24.85,4
2014-03-13,30.65,-84.15,13.9,1,2.64,1
2014-03-13,30.8,-87.55,36.9,1,18.51,3
2014-03-13,30.9,-85.25,52.0,1,6.9399999999999995,2
2014-03-14,26.2,-80.9,26.7,1,52.46,5
2014-03-14,26.25,-80.9,26.5,2,18.84,2
2014-03-14,26.8,-81.75,44.0,2,100.61,9
2014-03-14,26.85,-80.35,78.4,3,50.620000000000005,6
2014-03-14,26.95,-82.3,7.6,1,34.97,6
2014-03-14,27.05,-81.15,45.599999999999994,2,20.02,3
2014-03-14,27.1,-81.95,154.0,2,1.61,1
2014-03-14,27.3,-81.7,117.5,4,43.35,6
2014-03-14,27.35,-82.25,9.6,1,17.23,2
2014-03-14,27.45,-81.95,11.3,1,13.96,3
2014-03-14,27.55,-81.25,7.9,1,2.95,1
2014-03-14,27.65,-81.0,22.9,1,35.739999999999995,3
2014-03-14,27.7,-81.1,44.8,2,91.96000000000001,9
2014-03-14,27.8,-81.5,14.2,1,3.75,1
2014-03-14,27.8,-81.05,104.4,4,106.21000000000001,7
2014-03-14,27.85,-80.95,11.4,1,34.78,2
2014-03-14,27.85,-80.9,35.9,1,106.63,8
2014-03-14,28.0,-81.0,28.1,2,67.50999999999999,8
2014-03-14,28.2,-82.15,120.69999999999999,4,15.870000000000001,2
2014-03-14,28.25,-82.6,37.9,2,155.79,11
2014-03-14,28.25,-80.8,145.3,4,67.46000000000001,13
2014-03-14,28.3,-80.8,555.7,7,112.67,16
2014-03-14,28.45,-82.15,20.9,1,46.11,5
2014-03-14,28.45,-82.1,15.6,1,94.67,8
2014-03-14,28.45,-81.95,48.0,3,38.79,10
2014-03-14,28.65,-82.6,75.2,3,107.02999999999999,8
2014-03-14,28.95,-82.7,160.3,1,40.01,3
2014-03-14,28.95,-82.65,23.7,1,95.94999999999999,5
2014-03-14,29.2,-81.25,10.7,1,23.62,4
2014-03-14,29.25,-82.95,10.2,1,14.06,2
2014-03-14,29.25,-82.9,24.5,1,14.15,3
2014-03-14,29.45,-81.75,20.2,1,28.47,5
2014-03-14,29.65,-83.0,23.7,2,6.57,1
2014-03-14,29.65,-81.3,10.899999999999999,2,6.95,2
2014-03-14,29.8,-85.0,23.2,2,141.35,9
2014-03-14,29.9,-84.7,440.99999999999994,3,72.16,4
2014-03-14,29.9,-84.65,1112.8,5,288.88,15
2014-03-14,30.0,-82.9,76.6,2,53.09,3
2014-03-14,30.0,-82.85,35.5,2,93.72,4
2014-03-14,30.0,-82.0,18.5,2,11.190000000000001,3
2014-03-14,30.15,-81.95,26.1,2,30.59,4
2014-03-14,30.35,-83.8,26.3,2,7.56,2
2014-03-14,30.35,-83.15,17.9,1,27.98,2
2014-03-14,30.4,-84.1,19.4,1,63.410000000000004,12
2014-03-14,30.4,-81.9,19.7,1,5.28,1
2014-03-14,30.5,-85.25,56.1,3,45.82,5
2014-03-14,30.6,-85.8,9.1,1,7.79,1
2014-03-14,30.6,-84.35,15.8,1,84.36,6
2014-03-14,30.6,-84.3,9.4,1,3.2,1
2014-03-14,30.6,-84.0,173.7,4,96.75,16
2014-03-14,30.6,-83.85,56.3,3,11.120000000000001,3
2014-03-14,30.6,-83.8,82.0,3,123.47,16
2014-03-14,30.65,-84.25,88.9,2,10.09,2
2014-03-14,30.65,-84.2,75.8,4,90.56,11
2014-03-14,30.85,-86.25,9.6,1,66.75,3
2014-03-14,30.9,-86.25,12.9,1,10.61,1
2014-03-15,28.6,-81.8,15.8,1,10.26,2
2014-03-15,30.0,-82.4,7.0,1,5.0,1
2014-03-18,26.65,-80.85,80.80000000000001,2,9.93,1
2014-03-19,26.1,-81.6,11.0,1,16.27,2
2014-03-19,26.6,-81.3,24.0,1,14.45,2
2014-03-19,27.05,-81.5,20.2,1,7.66,2
2014-03-19,27.7,-81.3,56.0,3,48.76,7
2014-03-19,28.2,-82.6,53.9,2,11.58,1
2014-03-19,28.25,-82.6,11.1,1,19.64,2
2014-03-19,28.25,-80.8,66.19999999999999,2,10.07,2
2014-03-19,28.3,-82.55,8.5,1,4.33,1
2014-03-19,30.0,-82.85,13.9,1,204.20999999999998,5
2014-03-19,30.6,-86.7,551.6999999999999,5,151.1,8
2014-03-20,26.7,-81.3,36.4,1,5.27,1
2014-03-20,26.85,-80.3,9.0,1,32.19,2
2014-03-20,27.0,-82.3,8.9,1,36.4,2
2014-03-20,27.7,-81.1,182.1,1,4.96,1
2014-03-20,27.7,-81.05,12.2,1,247.47,22
2014-03-20,27.8,-80.65,7.1,1,3.67,1
2014-03-20,28.15,-80.8,21.6,1,10.99,1
2014-03-20,28.15,-80.75,95.0,2,84.45,6
2014-03-20,30.0,-83.05,32.1,2,3.05,1
2014-03-20,30.05,-84.95,86.30000000000001,2,22.86,3
2014-03-20,30.05,-84.9,49.0,1,27.93,5
2014-03-20,30.1,-84.9,70.2,2,31.279999999999998,5
2014-03-20,30.25,-84.2,4.6,1,68.14,2
2014-03-20,30.8,-87.55,89.5,2,103.21,3
2014-03-21,26.8,-81.75,41.3,2,16.72,2
2014-03-21,27.15,-80.55,155.2,4,6.2,1
2014-03-21,27.3,-81.55,34.1,2,11.31,2
2014-03-21,27.65,-81.45,190.4,3,372.06,9
2014-03-21,27.65,-81.35,70.0,3,71.56,4
2014-03-21,27.65,-81.3,85.1,2,248.24,8
2014-03-21,27.7,-81.15,111.89999999999999,4,10.83,1
2014-03-21,28.45,-82.1,14.4,1,6.69,1
2014-03-21,29.55,-82.6,8.2,1,42.74,3
2014-03-21,29.55,-82.55,9.2,1,21.71,1
2014-03-21,29.95,-81.8,5.1,1,1.81,1
2014-03-21,30.0,-82.85,9.5,1,6.89,1
2014-03-21,30.25,-83.7,26.5,2,3.71,1
2014-03-21,30.55,-86.7,161.3,1,4.48,1
2014-03-21,30.6,-86.7,177.0,2,153.1,2
2014-03-21,30.6,-86.65,292.3,6,137.3,5
2014-03-21,30.6,-85.55,39.3,2,28.7,2
2014-03-21,30.6,-83.8,16.2,2,15.7,3
2014-03-21,30.6,-83.7,5.7,1,15.35,2
2014-03-21,30.65,-84.1,50.0,2,39.870000000000005,7
2014-03-21,30.7,-86.85,508.2,4,156.89,13
2014-03-21,30.8,-85.0,11.4,1,12.75,3
2014-03-21,30.9,-86.4,12.4,1,3.68,1
2014-03-21,30.95,-85.75,14.0,1,19.05,2
2014-03-22,26.35,-81.1,8.8,1,61.86,4
2014-03-22,26.5,-81.05,53.599999999999994,2,2.84,1
2014-03-22,27.15,-81.6,14.6,1,5.07,1
2014-03-22,29.85,-81.95,47.6,1,3.65,1
2014-03-22,30.5,-86.9,321.1,5,84.55,4
2014-03-22,30.5,-86.85,101.6,3,52.370000000000005,7
2014-03-25,28.8,-82.5,1127.8,6,8.8,1
2014-03-25,29.95,-83.7,28.7,1,78.55,7
2014-03-25,30.35,-83.95,111.1,5,87.93,8
2014-03-25,30.4,-84.0,41.2,3,55.86,6
2014-03-25,30.4,-83.9,58.6,3,25.79,5
2014-03-25,30.5,-83.3,178.3,5,15.82,2
2014-03-25,30.55,-84.3,6.7,1,2.59,1
2014-03-25,30.55,-83.8,17.9,1,18.71,3
2014-03-25,30.6,-85.0,6.5,1,4.1,1
2014-03-25,30.6,-84.1,31.0,2,41.43,7
2014-03-25,30.6,-83.8,23.6,1,54.68,5
2014-03-25,30.6,-83.75,52.5,3,23.130000000000003,2
2014-03-25,30.8,-87.0,578.3,4,58.730000000000004,8
2014-03-26,26.65,-80.9,13.0,1,27.779999999999998,3
2014-03-26,27.1,-80.4,42.2,4,7.58,1
2014-03-26,27.55,-81.25,261.4,7,222.26,10
2014-03-26,28.5,-80.95,72.4,2,61.599999999999994,7
2014-03-26,28.8,-81.45,27.8,2,3.18,1
2014-03-26,28.9,-82.25,50.3,2,21.32,4
2014-03-26,29.9,-82.95,37.2,2,0.58,1
2014-03-26,30.0,-82.85,84.9,3,28.84,2
2014-03-26,30.0,-82.8,13.1,1,28.84,2
2014-03-26,30.0,-82.7,34.0,3,12.58,2
2014-03-26,30.05,-82.9,15.1,1,14.36,3
2014-03-26,30.05,-81.95,11.2,1,45.76,2
2014-03-26,30.2,-84.3,8.4,1,12.05,3
2014-03-26,30.3,-84.05,17.1,1,17.34,3
2014-03-26,30.35,-84.0,29.4,2,4.09,1
2014-03-26,30.35,-83.9,40.2,2,23.529999999999998,3
2014-03-26,30.4,-84.0,10.6,1,23.740000000000002,5
2014-03-26,30.4,-83.8,8.8,1,5.7,2
2014-03-26,30.45,-84.45,8.5,1,6.22,1
2014-03-26,30.45,-83.05,15.7,1,5.04,1
2014-03-26,30.5,-84.4,26.1,2,15.09,3
2014-03-26,30.55,-84.15,18.7,2,27.73,5
2014-03-26,30.55,-84.1,57.699999999999996,3,7.17,2
2014-03-26,30.55,-84.05,23.2,2,12.8,3
2014-03-26,30.6,-84.25,39.2,2,38.18,3
2014-03-26,30.6,-84.15,11.8,1,10.94,2
2014-03-26,30.6,-84.1,27.299999999999997,2,32.87,5
2014-03-26,30.6,-84.0,26.3,2,52.76,14
2014-03-26,30.6,-83.95,9.8,1,16.3,3
2014-03-26,30.6,-83.85,10.8,1,6.38,2
2014-03-26,30.65,-84.3,26.2,1,31.98,2
2014-03-26,30.65,-84.15,15.0,2,8.94,2
2014-03-26,30.85,-86.3,12.2,1,10.629999999999999,2
2014-03-27,30.85,-86.75,17.7,1,2.71,1
2014-03-28,26.8,-81.4,17.2,1,32.8,2
2014-03-31,30.4,-84.0,33.7,2,33.089999999999996,4
2014-03-31,30.45,-84.05,29.200000000000003,2,17.12,1
2014-03-31,30.55,-86.8,156.5,2,3.2,1
2014-03-31,30.55,-83.95,21.7,1,18.84,2
2014-03-31,30.6,-86.8,50.599999999999994,2,101.62,2
2014-03-31,30.6,-84.05,58.3,4,19.35,2
2014-03-31,30.6,-84.0,9.4,1,4.71,1
2014-03-31,30.6,-83.7,25.2,1,8.15,3
2014-03-31,30.9,-86.85,44.6,1,2.3,1
2014-04-01,26.3,-81.25,60.5,2,23.93,3
2014-04-01,26.8,-80.4,319.0,7,208.02,13
2014-04-01,26.85,-80.55,2722.2,10,216.25,7
2014-04-01,26.85,-80.5,784.6,6,1677.19,28
2014-04-01,26.9,-80.55,863.2,6,625.17,31
2014-04-01,26.9,-80.5,24.3,1,471.33,16
2014-04-01,27.15,-82.15,13.5,1,13.18,2
2014-04-01,27.65,-80.85,11.4,1,2.97,1
2014-04-01,28.15,-82.1,111.80000000000001,3,109.13,6
2014-04-01,28.75,-82.35,32.6,2,25.04,6
2014-04-01,29.7,-85.3,27.5,1,45.34,5
2014-04-01,30.25,-85.3,11.7,1,8.88,1
2014-04-01,30.4,-84.05,215.9,3,6.64,1
2014-04-01,30.4,-84.0,37.2,1,14.77,3
2014-04-01,30.4,-83.85,41.6,1,48.8,6
2014-04-01,30.4,-83.8,19.0,1,7.01,2
2014-04-01,30.4,-83.5,80.2,3,39.19,1
2014-04-01,30.5,-84.1,17.8,1,6.09,1
2014-04-01,30.5,-83.75,46.9,1,87.92,3
2014-04-01,30.5,-83.05,17.2,1,13.05,1
2014-04-01,30.55,-84.25,227.9,4,8.75,2
2014-04-01,30.55,-84.2,100.7,3,21.32,5
2014-04-01,30.55,-84.05,100.1,3,52.019999999999996,10
2014-04-01,30.55,-84.0,36.9,2,33.61,7
2014-04-01,30.55,-83.95,158.1,4,32.38,5
2014-04-01,30.6,-85.5,7.2,1,3.17,1
2014-04-01,30.6,-84.25,25.7,1,51.56,7
2014-04-01,30.6,-84.2,102.1,3,206.58,20
2014-04-01,30.6,-84.0,113.3,3,191.10999999999999,30
2014-04-01,30.6,-83.7,33.7,2,41.84,1
2014-04-01,30.65,-84.25,12.7,1,37.01,1
2014-04-01,30.65,-84.1,65.8,2,49.29,6
2014-04-01,30.65,-84.05,63.099999999999994,2,9.969999999999999,2
2014-04-01,30.85,-87.0,120.3,3,46.47,5
2014-04-01,30.95,-86.8,698.9,9,41.55,5
2014-04-02,26.3,-81.25,103.1,4,28.01,7
2014-04-02,26.65,-81.5,30.0,2,20.02,2
2014-04-02,26.85,-81.55,46.5,3,33.18,2
2014-04-02,27.15,-82.15,57.800000000000004,2,7.32,1
2014-04-02,27.2,-80.5,8.5,1,2.69,1
2014-04-02,27.25,-82.3,13.8,1,79.05,3
2014-04-02,27.35,-81.35,152.7,5,24.92,5
2014-04-02,27.45,-82.05,19.2,1,40.58,2
2014-04-02,27.5,-81.4,18.0,1,23.16,2
2014-04-02,27.5,-80.45,43.4,2,27.35,3
2014-04-02,27.55,-80.9,17.0,1,12.51,1
2014-04-02,27.65,-81.45,502.8,2,76.3,5
2014-04-02,27.7,-81.4,12.0,1,2.48,1
2014-04-02,27.7,-81.35,46.4,2,30.46,6
2014-04-02,28.15,-82.1,19.5,1,138.86,11
2014-04-02,28.2,-82.65,9.2,1,11.09,2
2014-04-02,28.2,-81.95,22.799999999999997,2,20.36,4
2014-04-02,28.35,-81.35,12.2,1,3.19,1
2014-04-02,28.55,-82.3,99.5,2,141.15,12
2014-04-02,28.55,-80.9,87.6,3,18.14,2
2014-04-02,28.7,-82.45,94.4,3,22.97,5
2014-04-02,28.7,-82.4,185.70000000000002,2,66.36,7
2014-04-02,29.15,-81.2,19.4,1,33.260000000000005,3
2014-04-02,29.55,-82.5,33.8,1,242.34,6
2014-04-02,29.65,-81.3,54.5,1,36.2,2
2014-04-02,29.7,-85.1,22.4,2,11.92,1
2014-04-02,29.8,-84.95,27.4,2,38.04,1
2014-04-02,30.0,-82.0,14.6,1,7.949999999999999,2
2014-04-02,30.1,-84.35,61.7,3,25.11,2
2014-04-02,30.35,-83.85,17.5,1,3.88,1
2014-04-02,30.4,-83.5,186.2,3,153.3,4
2014-04-02,30.45,-84.05,7.0,1,11.5,2
2014-04-02,30.45,-81.9,40.8,2,8.06,1
2014-04-02,30.5,-84.5,8.7,1,2.76,1
2014-04-02,30.5,-84.45,10.0,1,6.99,1
2014-04-02,30.5,-84.1,28.3,2,22.62,1
2014-04-02,30.5,-83.75,65.2,2,49.040000000000006,5
2014-04-02,30.55,-84.2,103.8,4,112.49,15
2014-04-02,30.6,-84.25,20.7,1,7.72,2
2014-04-02,30.6,-84.15,15.9,1,29.730000000000004,6
2014-04-02,30.6,-84.1,44.5,2,15.91,3
2014-04-02,30.6,-84.05,9.9,1,20.08,3
2014-04-02,30.6,-83.95,167.1,5,56.71,9
2014-04-02,30.6,-83.8,67.8,1,38.69,1
2014-04-02,30.6,-83.45,57.400000000000006,2,33.2,3
2014-04-02,30.65,-84.2,30.6,2,2.98,1
2014-04-02,30.65,-84.1,13.5,1,32.64,6
2014-04-02,30.85,-85.0,9.4,1,16.81,3
2014-04-02,30.95,-86.15,32.2,2,23.39,2
2014-04-03,26.9,-81.35,661.7,4,2.65,1
2014-04-03,26.9,-80.55,88.3,1,134.71,5
2014-04-03,27.5,-81.25,222.0,2,143.04000000000002,5
2014-04-03,27.8,-80.7,635.0,4,32.61,6
2014-04-03,28.3,-81.15,25.8,1,7.42,2
2014-04-03,28.4,-82.0,23.3,1,24.84,4
2014-04-03,28.45,-81.15,18.4,1,31.3,2
2014-04-03,28.5,-81.0,123.6,3,118.58,8
2014-04-03,28.55,-81.05,25.0,1,34.760000000000005,4
2014-04-03,28.9,-81.55,13.4,1,6.07,1
2014-04-03,28.9,-81.5,10.6,1,5.2,1
2014-04-03,29.55,-83.4,14.7,1,20.75,3
2014-04-03,29.65,-81.3,75.0,2,76.09,6
2014-04-03,30.1,-84.35,14.0,1,16.85,2
2014-04-03,30.4,-84.1,56.4,2,32.519999999999996,3
2014-04-03,30.45,-84.55,16.4,1,8.36,1
2014-04-03,30.5,-83.75,62.7,2,6.47,1
2014-04-03,30.5,-83.7,33.400000000000006,2,59.45,3
2014-04-03,30.55,-84.2,257.8,6,66.33,7
2014-04-03,30.55,-83.7,27.1,2,27.53,4
2014-04-03,30.6,-84.2,129.0,2,271.19,23
2014-04-03,30.6,-84.1,20.5,2,61.11,8
2014-04-03,30.6,-83.45,59.7,2,8.82,3
2014-04-03,30.65,-84.25,17.2,1,14.32,2
2014-04-03,30.65,-84.2,29.7,2,14.58,1
2014-04-03,30.85,-86.85,244.7,5,171.43,23
2014-04-03,30.9,-86.8,17.7,1,14.48,2
2014-04-04,26.15,-81.4,42.5,1,42.12,4
2014-04-04,26.15,-81.35,28.5,1,26.7,2
2014-04-04,27.5,-82.3,152.39999999999998,4,32.0,4
2014-04-04,29.45,-82.85,26.4,2,10.51,2
2014-04-04,30.4,-83.95,11.7,1,11.489999999999998,2
2014-04-04,30.7,-82.05,83.7,2,31.0,4
2014-04-05,26.5,-81.45,17.3,1,20.02,1
2014-04-06,26.05,-81.5,14.399999999999999,2,15.12,2
2014-04-06,26.25,-81.05,8.1,1,2.15,2
2014-04-06,27.65,-81.65,6.7,1,4.47,1
2014-04-06,29.7,-83.1,205.89999999999998,4,88.36,3
2014-04-07,25.35,-80.7,18.8,2,13.34,2
2014-04-07,27.45,-82.0,78.1,2,6.130000000000001,2
2014-04-09,27.65,-82.3,80.6,2,14.219999999999999,2
2014-04-09,27.65,-81.3,13.8,1,155.65,10
2014-04-09,28.1,-81.05,7.1,1,40.33,5
2014-04-09,30.15,-83.2,13.0,1,8.39,2
2014-04-09,30.35,-83.95,49.5,2,1.41,1
2014-04-09,30.45,-83.2,15.2,1,2.87,1
2014-04-10,26.85,-81.85,61.7,2,58.010000000000005,4
2014-04-10,27.4,-82.15,76.6,4,15.1,3
2014-04-10,28.65,-82.35,223.60000000000002,3,16.130000000000003,2
2014-04-10,28.7,-82.35,52.199999999999996,2,43.910000000000004,4
2014-04-10,28.9,-82.25,47.900000000000006,2,98.19,7
2014-04-10,29.8,-84.95,80.4,2,49.11,3
2014-04-10,29.95,-84.7,73.1,3,22.24,4
2014-04-10,30.15,-83.3,61.6,4,30.240000000000002,3
2014-04-10,30.55,-84.2,160.3,3,92.54,9
2014-04-10,30.55,-84.15,89.4,1,122.28999999999999,11
2014-04-10,30.6,-84.15,77.2,2,191.57,21
2014-04-10,30.6,-84.1,16.0,1,24.47,4
2014-04-10,30.65,-84.2,32.0,2,3.12,1
2014-04-10,30.75,-86.85,35.1,1,23.41,4
2014-04-10,30.8,-87.15,6.6,1,2.67,1
2014-04-10,30.85,-86.35,4.4,1,1.75,1
2014-04-10,30.85,-86.3,5.5,1,4.43,1
2014-04-10,30.9,-86.55,15.299999999999999,2,2.83,1
2014-04-10,30.95,-87.0,239.9,4,91.75,6
2014-04-10,30.95,-86.8,19.6,1,6.48,2
2014-04-11,29.1,-81.6,26.8,1,78.1,6
2014-04-11,29.35,-81.75,43.5,1,14.7,3
2014-04-11,29.35,-81.7,86.8,3,7.91,3
2014-04-11,30.25,-84.35,17.3,1,16.14,3
2014-04-11,30.35,-84.1,6.6,1,10.27,2
2014-04-11,30.65,-84.2,7.0,1,6.7,1
2014-04-11,30.9,-86.7,8.2,1,16.54,2
2014-04-12,27.6,-81.9,9.1,1,4.71,1
2014-04-12,30.6,-87.0,6.9,1,7.27,1
2014-04-12,30.75,-87.5,7.1,1,24.18,3
2014-04-13,29.9,-82.0,24.299999999999997,2,15.42,2
2014-04-13,30.45,-86.8,14.2,1,41.519999999999996,6
2014-04-13,30.65,-86.95,779.3000000000001,9,392.55,27
2014-04-14,27.15,-82.35,408.0,2,13.39,3
2014-04-14,30.15,-85.0,60.8,2,2.72,1
2014-04-16,26.55,-81.4,333.8,2,42.17,4
2014-04-16,28.4,-81.95,27.5,1,47.32,5
2014-04-16,30.8,-86.35,9.4,1,9.3,2
2014-04-17,26.55,-81.35,25.9,2,16.91,4
2014-04-21,25.35,-80.4,59.9,1,9.81,2
2014-04-21,26.85,-81.55,72.3,2,45.940000000000005,5
2014-04-21,26.9,-80.55,356.0,5,12.8,2
2014-04-21,30.55,-86.6,199.2,3,19.76,2
2014-04-22,27.5,-81.45,10.0,1,28.34,1
2014-04-22,27.6,-81.35,621.4,6,388.59000000000003,14
2014-04-22,28.05,-81.45,12.2,1,32.66,2
2014-04-22,28.1,-81.45,149.39999999999998,2,95.51,5
2014-04-22,29.0,-82.3,52.9,2,33.12,2
2014-04-22,29.0,-82.25,57.7,1,6.12,1
2014-04-22,29.4,-83.15,127.0,2,35.82,2
2014-04-22,29.45,-83.15,53.9,2,126.47,7
2014-04-22,30.25,-85.05,75.9,2,14.07,3
2014-04-22,30.25,-85.0,37.6,1,73.01,11
2014-04-22,30.3,-83.3,15.6,1,13.16,1
2014-04-22,30.5,-83.05,14.8,1,13.72,2
2014-04-23,26.2,-81.05,39.6,1,27.34,6
2014-04-23,26.8,-81.45,71.7,3,12.35,3
2014-04-23,26.95,-81.7,88.0,2,17.78,1
2014-04-23,27.0,-80.25,9.7,1,5.45,1
2014-04-23,27.05,-80.95,15.4,1,19.1,2
2014-04-23,27.1,-81.75,131.2,2,38.370000000000005,5
2014-04-23,27.1,-81.7,298.4,5,112.21000000000001,10
2014-04-23,27.15,-81.7,34.3,2,36.79,7
2014-04-23,27.55,-81.35,596.3,4,209.68,15
2014-04-23,27.6,-81.35,43.1,1,77.41,9
2014-04-23,27.65,-81.0,176.1,4,97.57,9
2014-04-23,27.75,-80.65,14.4,2,4.22,1
2014-04-23,27.8,-81.2,157.5,3,590.85,12
2014-04-23,28.1,-81.45,203.5,5,224.85,8
2014-04-23,28.2,-82.6,121.1,2,5.73,1
2014-04-23,28.4,-82.1,21.3,1,15.850000000000001,4
2014-04-23,28.7,-82.5,95.69999999999999,2,6.050000000000001,2
2014-04-23,29.25,-81.9,63.4,3,8.36,2
2014-04-23,29.65,-82.0,34.9,2,16.369999999999997,3
2014-04-23,30.2,-85.05,130.6,3,11.5,2
2014-04-24,26.2,-81.1,14.6,1,9.61,3
2014-04-24,26.8,-81.45,103.3,2,40.239999999999995,4
2014-04-24,28.15,-82.7,34.3,2,1.73,1
2014-04-24,28.4,-81.95,174.10000000000002,2,9.74,1
2014-04-24,29.15,-81.6,91.5,2,23.91,3
2014-04-24,29.7,-85.15,60.7,1,41.68,3
2014-04-24,29.7,-83.5,29.0,1,15.54,2
2014-04-24,30.2,-84.6,177.2,3,146.57,16
2014-04-24,30.6,-84.15,40.5,2,9.05,1
2014-04-24,30.6,-84.05,15.2,1,5.09,1
2014-04-24,30.75,-86.85,192.3,2,10.79,2
2014-04-24,30.75,-86.8,36.4,1,4.92,1
2014-04-25,26.15,-81.1,160.4,2,20.36,7
2014-04-25,26.15,-81.05,158.0,3,124.08,9
2014-04-25,26.2,-81.05,202.4,5,78.28999999999999,11
2014-04-25,27.05,-81.0,26.3,1,23.55,4
2014-04-25,28.05,-81.45,30.5,1,320.5,10
2014-04-25,28.25,-82.6,71.3,3,70.47,5
2014-04-25,29.5,-81.6,57.6,1,28.869999999999997,4
2014-04-25,30.35,-87.4,16.0,2,32.35,4
2014-04-26,26.15,-81.1,67.6,2,4.95,1
2014-04-26,26.2,-81.1,46.0,1,43.57,7
2014-04-26,26.2,-81.05,54.8,2,46.949999999999996,7
2014-04-26,27.2,-80.9,23.5,1,96.4,6
2014-04-26,27.65,-80.95,25.1,1,10.35,1
2014-04-26,30.65,-86.95,667.8,4,34.66,3
2014-04-27,26.2,-81.1,646.2,8,57.870000000000005,14
2014-04-27,26.2,-81.05,804.5,6,10.65,5
2014-04-27,30.4,-83.3,18.0,1,13.68,1
2014-04-27,30.6,-86.25,181.0,3,125.97,13
2014-04-27,30.65,-86.25,325.5,6,465.21000000000004,37
2014-04-28,26.25,-80.7,441.2,7,80.72,21
2014-04-28,26.3,-80.75,176.6,3,7.5,4
2014-04-28,26.3,-80.7,290.8,6,327.81,14
2014-04-28,26.85,-80.35,261.3,7,196.01999999999998,10
2014-04-28,27.0,-80.2,188.70000000000002,2,75.06,6
2014-04-28,27.0,-80.15,106.5,3,13.96,2
2014-04-28,27.15,-82.25,323.2,3,233.27,16
2014-04-28,27.65,-81.35,193.7,4,32.03,3
2014-04-28,28.55,-80.9,36.0,2,113.81,6
2014-04-28,29.85,-83.3,8.2,1,13.13,1
2014-04-29,26.25,-80.7,81.0,6,53.75,5
2014-04-29,26.8,-81.6,12.5,1,95.12,4
2014-04-29,26.9,-81.55,46.4,2,110.41000000000001,8
2014-04-29,27.0,-81.45,172.8,5,3.0700000000000003,3
2014-04-29,27.55,-81.9,7.6,1,1.73,2
2014-04-30,26.25,-80.75,11.6,1,38.93,4
2014-04-30,26.35,-80.85,19.200000000000003,2,59.38,4
2014-05-01,26.5,-80.25,18.5,1,126.88,9
2014-05-04,30.6,-86.4,183.8,6,107.74,16
2014-05-04,30.9,-86.35,29.5,2,19.02,2
2014-05-04,30.9,-85.9,7.8,1,1.76,2
2014-05-05,26.3,-81.2,26.0,1,15.600000000000001,2
2014-05-05,27.0,-80.25,14.2,1,13.78,2
2014-05-05,27.0,-80.15,17.5,1,98.62,6
2014-05-05,27.45,-80.55,15.3,1,23.56,2
2014-05-05,28.7,-82.45,19.3,1,31.08,3
2014-05-05,29.4,-82.85,11.2,1,8.93,1
2014-05-05,29.5,-82.8,48.7,2,24.75,3
2014-05-05,29.7,-82.65,25.799999999999997,2,3.49,1
2014-05-05,29.85,-83.0,33.6,2,11.44,1
2014-05-05,30.4,-83.2,29.1,1,32.51,1
2014-05-05,30.55,-86.75,208.0,2,33.55,3
2014-05-05,30.6,-86.7,107.8,2,100.29,7
2014-05-05,30.6,-83.75,17.7,1,10.1,1
2014-05-05,30.8,-87.0,143.3,5,57.39,7
2014-05-05,30.8,-86.95,112.0,2,39.9,2
2014-05-05,30.85,-86.95,42.7,1,5.82,1
2014-05-06,26.6,-81.25,76.1,3,3.05,2
2014-05-06,27.0,-80.25,14.3,1,11.8,2
2014-05-06,27.0,-80.2,41.5,1,20.04,4
2014-05-06,27.0,-80.15,35.4,2,32.480000000000004,7
2014-05-06,27.35,-80.5,16.8,1,4.97,1
2014-05-06,27.35,-80.45,30.799999999999997,2,38.61,5
2014-05-06,27.45,-80.55,33.4,2,27.36,4
2014-05-06,28.35,-82.15,19.1,1,11.39,1
2014-05-06,28.35,-82.1,33.5,2,27.22,2
2014-05-06,29.55,-83.4,21.4,2,38.12,4
2014-05-06,29.6,-83.4,66.5,2,36.379999999999995,3
2014-05-06,29.85,-83.3,18.8,2,4.96,2
2014-05-06,29.85,-83.0,23.6,2,38.14,4
2014-05-06,30.55,-86.85,91.3,1,32.49,1
2014-05-06,30.6,-86.85,217.79999999999998,2,31.03,1
2014-05-06,30.6,-83.75,48.99999999999999,3,61.550000000000004,11
2014-05-06,30.9,-87.0,10.7,1,18.07,3
2014-05-06,30.9,-86.85,219.5,4,44.8,5
2014-05-07,26.6,-81.35,27.0,2,65.03999999999999,4
2014-05-07,26.95,-80.35,32.1,1,74.12,10
2014-05-07,27.8,-80.55,111.30000000000001,4,112.25,10
2014-05-07,27.85,-80.6,160.2,3,17.43,3
2014-05-07,27.9,-80.6,24.5,1,107.77,8
2014-05-07,28.05,-80.75,12.8,1,24.57,5
2014-05-07,28.4,-82.1,37.1,2,251.35,7
2014-05-07,28.4,-82.0,109.1,2,40.76,5
2014-05-07,29.7,-83.1,87.3,4,6.78,2
2014-05-07,29.75,-83.55,25.1,2,7.81,1
2014-05-07,29.75,-82.95,11.6,1,2.23,1
2014-05-07,30.4,-83.8,17.8,2,20.85,4
2014-05-07,30.45,-85.0,21.6,2,49.51,6
2014-05-07,30.6,-83.75,58.0,4,54.879999999999995,8
2014-05-07,30.8,-86.9,42.6,1,8.43,1
2014-05-07,30.9,-86.75,124.9,3,41.87,6
2014-05-08,26.45,-80.95,12.7,1,7.88,1
2014-05-08,28.3,-82.0,14.6,1,7.97,1
2014-05-08,28.6,-80.95,648.0,3,12.95,1
2014-05-08,28.65,-81.15,72.69999999999999,3,39.989999999999995,4
2014-05-08,29.0,-81.4,10.9,1,4.31,1
2014-05-08,29.75,-82.95,13.6,1,12.75,3
2014-05-08,29.9,-82.8,10.6,1,15.13,2
2014-05-08,29.9,-81.9,101.8,4,49.21,3
2014-05-08,30.05,-81.55,53.6,2,22.38,3
2014-05-08,30.4,-83.8,9.2,1,14.07,2
2014-05-08,30.65,-87.15,47.8,2,18.4,1
2014-05-09,28.15,-81.1,13.6,1,17.91,2
2014-05-09,28.2,-81.15,27.4,1,10.129999999999999,3
2014-05-09,28.2,-81.1,8.9,1,15.309999999999999,2
2014-05-09,29.65,-81.3,80.3,4,181.38,9
2014-05-09,29.8,-84.85,30.4,1,3.73,1
2014-05-11,30.55,-86.5,17.9,1,12.18,4
2014-05-12,29.7,-82.8,23.8,1,2.35,1
2014-05-12,30.55,-86.85,63.7,1,41.16,3
2014-05-13,28.05,-80.8,5.4,1,1.57,1
2014-05-13,28.45,-81.0,5.9,1,3.18,2
2014-05-13,29.5,-81.8,44.7,2,34.61,3
2014-05-13,29.85,-84.75,31.3,2,27.92,2
2014-05-13,30.4,-84.4,24.5,1,80.36,7
2014-05-13,30.9,-87.4,7.3,1,5.24,2
2014-05-14,27.65,-81.45,18.7,1,48.3,6
2014-05-16,30.0,-84.5,143.9,4,88.63000000000001,10
2014-05-16,30.45,-83.2,10.600000000000001,2,3.47,1
2014-05-16,30.55,-86.85,27.8,1,136.31,11
2014-05-16,30.55,-86.8,38.1,2,11.66,1
2014-05-16,30.65,-84.15,7.0,1,3.09,1
2014-05-16,30.75,-86.8,84.9,2,6.24,1
2014-05-17,28.5,-82.6,171.2,4,26.990000000000002,5
2014-05-17,29.15,-81.95,28.2,2,13.23,2
2014-05-17,29.3,-81.8,62.6,2,668.96,17
2014-05-17,29.9,-82.55,7.5,1,10.76,3
2014-05-17,30.45,-83.2,7.7,1,6.35,2
2014-05-18,30.5,-86.9,175.9,2,275.45000000000005,8
2014-05-18,30.5,-86.85,87.4,3,36.41,3
2014-05-18,30.75,-86.95,201.29999999999998,4,39.83,1
2014-05-19,27.5,-82.1,259.4,5,83.94,7
2014-05-19,27.75,-81.25,54.0,2,51.02,2
2014-05-19,28.25,-81.1,12.7,1,15.21,1
2014-05-19,28.65,-82.55,257.5,3,25.56,4
2014-05-19,28.75,-81.45,137.4,1,37.5,3
2014-05-19,28.85,-81.05,15.8,1,7.1,2
2014-05-19,29.7,-82.25,17.4,1,4.33,1
2014-05-20,28.35,-81.95,18.1,1,16.29,3
2014-05-20,28.95,-82.65,15.5,1,9.89,1
2014-05-20,29.5,-81.8,17.3,1,29.96,4
2014-05-20,29.9,-83.25,14.7,1,12.04,1
2014-05-20,30.3,-85.8,26.700000000000003,2,7.72,2
2014-05-20,30.35,-83.35,23.2,1,15.13,1
2014-05-21,26.75,-80.4,25.3,1,18.4,2
2014-05-21,26.85,-80.1,79.60000000000001,2,91.32,2
2014-05-21,27.0,-80.15,63.0,1,77.48,3
2014-05-21,27.15,-82.25,43.4,1,23.5,3
2014-05-21,27.4,-81.2,48.099999999999994,2,3.9,1
2014-05-21,27.65,-81.25,191.3,4,146.19,3
2014-05-21,27.8,-81.75,14.5,1,4.7,1
2014-05-21,28.0,-80.95,195.4,5,43.43,6
2014-05-21,28.4,-82.15,416.1,4,233.64000000000001,10
2014-05-21,28.6,-82.25,87.1,1,24.21,4
2014-05-21,28.6,-82.0,16.5,1,36.65,2
2014-05-21,28.6,-81.95,26.4,1,11.26,3
2014-05-21,28.75,-81.45,17.7,1,53.230000000000004,5
2014-05-21,29.45,-81.65,9.1,1,4.99,1
2014-05-21,30.65,-84.15,27.0,1,12.32,2
2014-05-21,30.9,-87.05,11.4,1,41.980000000000004,5
2014-05-21,30.95,-87.05,9.5,1,19.84,3
2014-05-22,26.15,-80.85,7.1,1,24.82,5
2014-05-22,26.3,-80.85,17.6,1,123.96000000000001,6
2014-05-22,26.4,-80.25,21.0,1,11.309999999999999,2
2014-05-22,27.1,-80.4,32.6,1,4.46,1
2014-05-22,28.4,-82.15,629.5,5,252.63,12
2014-05-22,28.7,-82.35,127.5,2,218.69,8
2014-05-22,28.9,-82.25,24.2,2,4.4,1
2014-05-22,29.3,-81.8,13.9,1,6.99,1
2014-05-22,29.35,-82.6,83.69999999999999,2,149.9,10
2014-05-22,29.5,-81.75,17.3,1,10.6,1
2014-05-22,29.55,-82.65,34.4,2,52.65,6
2014-05-22,29.6,-83.4,31.8,1,154.12,8
2014-05-22,29.65,-82.25,17.3,1,10.629999999999999,2
2014-05-22,29.7,-81.85,23.0,1,8.12,1
2014-05-22,29.85,-82.05,270.4,6,286.02,26
2014-05-22,30.1,-84.2,24.3,2,50.019999999999996,5
2014-05-22,30.15,-83.35,44.6,1,22.91,2
2014-05-22,30.2,-82.25,138.6,2,265.96,14
2014-05-22,30.25,-85.9,30.3,1,94.67999999999999,10
2014-05-22,30.3,-84.0,130.5,2,126.39,9
2014-05-22,30.3,-83.3,9.8,1,10.58,3
2014-05-22,30.4,-83.2,126.8,2,185.95999999999998,11
2014-05-22,30.55,-83.3,13.9,1,7.279999999999999,2
2014-05-22,30.6,-86.55,286.9,2,5.29,2
2014-05-22,30.6,-86.5,78.9,2,106.16,10
2014-05-22,30.65,-84.25,16.4,2,9.01,1
2014-05-22,30.95,-86.8,14.0,1,15.969999999999999,2
2014-05-23,26.3,-80.9,312.40000000000003,4,90.03999999999999,5
2014-05-23,26.3,-80.85,157.5,2,6.25,2
2014-05-23,26.35,-80.9,971.6999999999999,9,259.76,37
2014-05-23,26.35,-80.85,290.4,5,88.65,8
2014-05-23,26.4,-80.85,213.2,3,42.43,7
2014-05-23,27.0,-80.25,61.2,3,7.78,2
2014-05-23,27.5,-82.2,432.4,4,13.81,1
2014-05-23,28.75,-82.5,307.0,2,41.510000000000005,2
2014-05-23,28.75,-82.45,249.4,1,143.6,10
2014-05-23,29.7,-81.85,94.8,2,20.45,1
2014-05-23,29.75,-81.85,34.9,2,75.35,1
2014-05-23,30.25,-85.9,130.8,4,101.41,4
2014-05-23,30.3,-84.0,19.700000000000003,2,42.97,5
2014-05-23,30.45,-83.95,21.0,1,15.89,2
2014-05-23,30.5,-83.05,28.2,1,6.79,1
2014-05-23,30.6,-86.8,400.5,4,273.65999999999997,15
2014-05-23,30.8,-86.85,174.0,5,27.939999999999998,4
2014-05-24,26.4,-80.9,67.6,3,3.66,5
2014-05-24,26.4,-80.85,543.3,8,308.71,22
2014-05-24,27.0,-80.25,11.5,1,3.65,1
2014-05-24,30.65,-85.15,14.3,1,41.47,2
2014-05-25,26.35,-80.85,213.39999999999998,3,10.93,6
2014-05-25,26.35,-80.8,11.7,1,1.0,1
2014-05-25,26.4,-80.9,40.3,2,119.09,22
2014-05-25,26.45,-80.9,21.1,1,0.87,1
2014-05-25,26.45,-80.85,162.5,5,108.39,12
2014-05-25,30.55,-86.9,88.0,1,53.3,2
2014-05-25,30.55,-86.85,2444.0,5,127.82,5
2014-05-26,26.15,-81.0,32.9,1,27.72,3
2014-05-26,26.35,-80.85,111.30000000000001,4,27.89,7
2014-05-26,26.45,-80.85,45.400000000000006,2,3.44,2
2014-05-26,26.5,-81.05,15.1,1,25.3,2
2014-05-28,26.6,-81.35,156.39999999999998,2,41.980000000000004,4
2014-05-28,28.0,-81.4,31.0,1,14.92,1
2014-05-29,27.3,-80.75,19.3,1,2.71,1
2014-06-04,26.9,-81.6,69.3,2,111.28999999999999,5
2014-06-04,27.0,-80.25,19.9,1,24.76,1
2014-06-04,27.2,-82.25,240.2,5,24.0,1
2014-06-04,27.6,-81.1,163.2,3,446.5,18
2014-06-04,27.6,-80.95,86.7,2,12.52,2
2014-06-04,27.65,-81.25,182.89999999999998,4,20.16,4
2014-06-04,27.7,-81.25,30.7,1,8.48,2
2014-06-04,27.75,-82.15,31.4,1,28.990000000000002,2
2014-06-04,28.1,-82.35,42.3,1,61.04,3
2014-06-04,28.2,-82.6,150.0,2,27.32,4
2014-06-04,28.9,-82.3,18.3,1,7.62,1
2014-06-04,29.7,-83.1,71.4,2,4.46,1
2014-06-04,30.5,-86.7,32.9,1,188.05,8
2014-06-05,27.0,-80.15,68.9,2,35.33,3
2014-06-05,29.8,-85.25,41.3,1,116.35,3
2014-06-05,30.3,-82.4,194.8,6,46.52,1
2014-06-05,30.35,-82.4,40.8,1,3.47,1
2014-06-06,27.6,-80.9,142.0,1,12.5,1
2014-06-06,28.75,-82.5,47.099999999999994,2,3.21,1
2014-06-06,30.1,-82.0,10.4,1,4.05,1
2014-06-09,26.2,-80.6,788.4,5,5.42,4
2014-06-09,26.2,-80.55,1847.2,8,17.17,13
2014-06-09,26.25,-80.65,77.4,1,103.57,7
2014-06-09,26.25,-80.55,2318.3,13,4.21,4
2014-06-09,26.25,-80.5,61.8,3,51.67,12
2014-06-09,26.3,-80.95,30.799999999999997,2,21.53,2
2014-06-09,26.3,-80.65,152.9,5,279.75,21
2014-06-09,26.3,-80.6,113.7,1,55.699999999999996,6
2014-06-09,29.85,-85.2,332.9,6,33.36,4
2014-06-09,30.6,-83.6,14.2,1,9.62,2
2014-06-10,28.2,-82.6,125.9,4,45.59,3
2014-06-11,25.95,-81.5,224.0,5,29.1,3
2014-06-11,26.3,-80.7,31.4,2,1.24,1
2014-06-11,26.3,-80.65,38.5,3,11.27,8
2014-06-17,27.95,-80.8,13.7,1,23.58,5
2014-06-18,28.25,-82.4,37.7,2,10.92,1
2014-06-18,29.7,-83.1,15.8,1,28.689999999999998,4
2014-06-18,29.95,-83.7,14.7,1,11.76,2
2014-06-20,27.7,-80.95,19.4,1,3.01,1
2014-06-20,28.0,-81.0,88.80000000000001,2,20.18,2
2014-06-20,29.45,-81.85,356.4,5,6.5600000000000005,2
2014-06-20,29.6,-82.85,32.2,2,20.23,3
2014-06-20,29.85,-82.85,53.599999999999994,2,29.36,4
2014-06-20,30.5,-82.0,53.400000000000006,2,11.82,2
2014-06-21,28.0,-81.05,44.4,2,45.410000000000004,5
2014-06-21,30.65,-86.35,10.4,1,63.739999999999995,9
2014-06-22,25.95,-81.5,17.2,1,107.11,6
2014-06-23,25.95,-81.55,104.5,3,75.65,4
2014-06-23,25.95,-81.5,1485.2,9,46.28,5
2014-06-23,26.3,-80.95,28.1,1,14.42,2
2014-06-23,27.0,-80.45,14.6,1,16.12,2
2014-06-24,27.75,-82.4,20.9,1,126.87,1
2014-06-25,25.6,-80.55,503.4,4,83.64,4
2014-06-25,25.65,-80.55,34.599999999999994,2,2.03,1
2014-06-25,26.2,-80.4,41.1,1,2.68,2
2014-06-25,27.45,-80.45,20.5,2,15.16,2
2014-06-25,30.35,-83.05,8.6,1,5.26,1
2014-06-26,25.7,-81.05,441.4,3,162.49,12
2014-06-26,25.75,-81.05,165.9,1,3.63,1
2014-06-26,29.0,-81.6,35.6,2,6.21,1
2014-06-27,27.45,-80.45,12.2,1,9.88,2
2014-06-27,30.35,-82.6,110.2,3,96.83,13
2014-06-27,30.35,-82.55,141.9,2,12.870000000000001,3
2014-06-28,25.95,-80.55,74.4,2,318.28,9
2014-06-28,25.95,-80.5,1225.4,15,242.67999999999998,28
2014-06-29,25.9,-80.55,78.3,2,18.509999999999998,3
2014-06-29,25.9,-80.5,4.5,1,66.31,11
2014-06-29,25.95,-80.5,30.1,1,41.0,10
2014-06-30,29.95,-82.35,152.0,4,31.06,2
2014-06-30,30.05,-84.4,26.3,2,28.869999999999997,3
2014-06-30,30.5,-85.7,17.0,1,35.28,8
2014-06-30,30.55,-86.0,22.0,1,52.14,6
2014-07-01,29.7,-82.8,60.5,2,12.02,2
2014-07-01,29.75,-81.3,24.8,1,9.89,1
2014-07-01,30.45,-86.05,21.9,2,50.08,4
2014-07-02,27.45,-82.25,9.9,1,5.26,1
2014-07-04,30.1,-82.6,6.3,1,7.869999999999999,3
2014-07-07,30.25,-85.5,9.7,1,9.22,2
2014-07-08,26.3,-80.95,51.1,2,36.519999999999996,4
2014-07-08,30.55,-83.3,15.0,1,5.82,1
2014-07-08,30.7,-86.85,114.9,3,7.0,2
2014-07-08,30.95,-86.25,14.0,1,5.84,1
2014-07-11,26.3,-80.95,23.0,2,2.59,1
2014-07-11,27.0,-80.45,8.2,1,8.31,1
2014-07-14,26.1,-80.8,15.1,1,15.47,7
2014-07-18,25.75,-80.8,5.0,1,3.01,2
2014-07-18,28.1,-81.1,47.9,3,142.99,2
2014-07-18,29.7,-83.1,9.7,1,28.18,2
2014-07-18,30.4,-83.25,8.1,1,5.45,1
2014-07-23,28.6,-82.1,6.4,1,4.79,2
2014-07-23,30.4,-86.8,78.4,1,12.94,2
2014-07-24,30.05,-82.75,46.8,3,13.13,2
2014-07-24,30.5,-83.35,11.6,1,3.56,1
2014-07-25,30.25,-83.25,5.4,1,0.6,1
2014-07-27,27.75,-82.4,29.2,2,35.88,2
2014-07-27,30.45,-86.85,465.40000000000003,3,544.89,31
2014-07-27,30.45,-86.8,56.2,2,8.46,2
2014-07-28,29.3,-81.5,5.9,1,3.87,1
2014-07-28,29.85,-82.05,46.4,1,32.91,6
2014-07-28,30.55,-86.7,350.6,7,131.16,9
2014-07-29,29.7,-83.1,62.9,3,14.57,2
2014-07-29,30.45,-83.3,15.9,1,6.73,2
2014-07-30,30.7,-86.9,198.0,8,111.23,13
2014-07-31,28.4,-81.95,169.4,2,502.01,18
2014-07-31,30.15,-84.0,14.4,1,4.78,1
2014-08-05,30.55,-83.75,23.9,2,11.51,2
2014-08-05,30.55,-83.1,46.1,2,41.62,4
2014-08-06,27.0,-80.45,11.1,1,21.7,2
2014-08-06,29.85,-82.3,63.2,3,9.7,1
2014-08-06,30.3,-85.65,114.1,5,21.28,2
2014-08-07,29.6,-82.8,16.7,1,3.76,1
2014-08-07,30.55,-83.4,23.9,1,9.350000000000001,2
2014-08-11,27.0,-80.45,17.4,1,3.6,1
2014-08-12,26.8,-81.95,121.6,3,90.49,7
2014-08-12,26.8,-80.4,18.0,1,30.62,3
2014-08-15,30.3,-85.55,201.1,3,85.31,4
2014-08-18,26.95,-80.45,70.8,2,41.61,3
2014-08-18,27.0,-80.45,31.3,1,8.49,1
2014-08-18,28.75,-82.45,220.1,6,78.17,8
2014-08-19,27.8,-81.2,7.6,1,7.15,1
2014-08-19,28.4,-82.2,16.1,2,10.59,1
2014-08-19,28.7,-82.5,163.0,1,9.61,1
2014-08-19,28.7,-82.45,77.0,2,47.34,6
2014-08-19,28.75,-82.45,28.0,1,7.99,1
2014-08-19,29.65,-82.95,22.6,2,14.830000000000002,3
2014-08-20,26.85,-81.9,8.2,1,9.26,2
2014-08-20,28.45,-81.15,385.3,4,101.52,7
2014-08-20,28.65,-82.55,69.7,3,11.23,1
2014-08-21,27.45,-80.45,7.5,1,17.33,3
2014-08-22,29.7,-83.1,69.0,2,27.849999999999998,3
2014-08-22,30.2,-83.3,12.8,1,5.35,1
2014-08-25,27.7,-81.4,20.9,1,17.38,2
2014-08-25,30.3,-83.25,53.400000000000006,2,30.28,4
2014-08-25,30.4,-83.9,6.9,1,5.8,1
2014-08-25,30.45,-83.95,12.2,1,5.8,1
2014-08-26,27.0,-80.45,19.3,1,5.74,1
2014-08-26,30.1,-84.2,279.3,5,27.82,4
2014-08-26,30.8,-87.0,57.8,2,48.89,4
2014-08-27,26.95,-80.45,36.5,1,7.71,1
2014-08-27,27.75,-81.4,75.5,2,23.89,1
2014-08-27,28.75,-82.4,11.9,1,7.15,1
2014-08-27,29.9,-82.85,13.6,1,3.04,1
2014-08-27,30.0,-82.7,32.6,3,15.11,2
2014-08-27,30.3,-83.25,156.1,4,98.36,3
2014-08-27,30.5,-83.35,7.7,1,3.83,1
2014-08-27,30.8,-87.05,64.2,1,35.6,2
2014-08-27,30.8,-87.0,275.7,2,61.61,3
2014-08-28,26.95,-80.45,21.8,1,14.18,1
2014-08-28,28.8,-81.95,10.7,1,6.98,1
2014-08-28,29.4,-82.05,8.5,1,5.59,1
2014-08-28,29.75,-82.55,5.3,1,3.85,1
2014-08-30,29.3,-82.1,12.9,1,18.84,2
2014-09-02,27.6,-82.45,24.6,2,18.04,2
2014-09-02,29.4,-82.05,13.3,1,9.22,2
2014-09-02,30.55,-83.8,20.3,1,18.07,3
2014-09-03,26.85,-81.8,150.4,3,27.59,6
2014-09-03,27.6,-81.8,15.0,1,4.5,1
2014-09-03,29.45,-81.7,32.9,1,19.92,2
2014-09-04,27.65,-82.15,10.2,1,7.91,1
2014-09-04,28.35,-82.0,116.5,3,150.14000000000001,6
2014-09-10,30.25,-85.9,10.3,1,2.72,1
2014-09-11,28.25,-82.0,34.6,2,18.24,2
2014-09-11,29.7,-82.9,9.5,1,7.01,1
2014-09-11,30.65,-85.8,25.2,1,18.48,2
2014-09-11,30.7,-85.8,38.7,2,19.77,2
2014-09-12,28.85,-82.55,16.3,2,3.09,1
2014-09-12,30.55,-84.8,36.599999999999994,2,38.79,4
2014-09-13,27.65,-82.2,7.1,1,5.12,1
2014-09-13,30.95,-85.3,7.8,1,13.83,1
2014-09-14,28.0,-82.3,5.7,1,2.35,1
2014-09-15,27.5,-81.75,7.8,1,35.84,3
2014-09-16,25.2,-80.9,19.0,1,13.82,3
2014-09-20,30.2,-83.3,15.3,2,8.74,1
2014-09-23,30.5,-83.75,10.5,1,93.78999999999999,2
2014-09-24,30.6,-84.5,12.3,1,8.149999999999999,2
2014-09-24,30.7,-87.15,126.4,1,325.04,5
2014-09-24,30.8,-86.95,86.60000000000001,3,9.54,2
2014-10-06,30.2,-85.05,186.5,4,7.640000000000001,2
2014-10-06,30.2,-85.0,763.2,10,180.10999999999999,18
2014-10-06,30.45,-83.2,63.3,2,68.55000000000001,2
2014-10-06,30.5,-84.2,31.6,3,51.59,6
2014-10-06,30.6,-83.35,7.3,1,12.73,1
2014-10-06,30.7,-87.25,145.5,4,69.00999999999999,7
2014-10-06,30.7,-86.05,5.7,1,2.59,1
2014-10-06,30.9,-87.0,33.2,3,37.43,4
2014-10-07,30.3,-83.25,48.3,2,10.36,2
2014-10-07,30.55,-83.5,15.4,2,2.54,1
2014-10-07,30.75,-87.2,310.2,2,117.47999999999999,5
2014-10-08,29.45,-81.8,35.0,2,112.8,12
2014-10-08,30.15,-83.35,8.9,1,6.74,1
2014-10-08,30.85,-87.25,65.5,2,130.65,5
2014-10-10,26.75,-81.7,46.8,2,43.09,1
2014-10-10,28.25,-82.25,15.6,1,11.79,2
2014-10-10,28.8,-82.4,15.7,1,4.68,1
2014-10-10,30.5,-83.8,25.9,1,2.26,1
2014-10-10,30.8,-87.2,53.6,1,99.12,4
2014-10-11,30.45,-83.2,130.7,2,41.379999999999995,3
2014-10-12,30.8,-87.2,56.5,2,106.03,7
2014-10-12,30.85,-86.1,8.9,1,7.86,2
2014-10-13,27.25,-80.6,22.4,2,16.46,3
2014-10-16,26.05,-81.8,6.0,1,2.39,1
2014-10-16,26.65,-80.55,13.3,1,2.59,1
2014-10-16,26.8,-81.35,40.0,2,110.5,6
2014-10-16,27.5,-80.6,22.2,2,15.45,3
2014-10-16,27.85,-80.95,7.9,1,4.18,2
2014-10-16,28.25,-81.75,7.5,1,4.09,1
2014-10-16,28.8,-81.6,11.1,2,4.8,1
2014-10-16,30.1,-81.55,20.1,1,10.16,2
2014-10-16,30.3,-83.25,39.5,3,8.28,2
2014-10-16,30.3,-83.15,6.6,1,4.98,1
2014-10-16,30.35,-83.0,5.4,1,2.28,1
2014-10-16,30.6,-86.9,19.9,1,71.92999999999999,4
2014-10-16,30.85,-86.75,18.7,1,3.71,1
2014-10-16,30.9,-87.05,35.1,1,21.29,4
2014-10-17,27.85,-80.95,36.5,2,20.18,3
2014-10-17,29.3,-82.4,8.1,1,8.35,1
2014-10-17,30.05,-83.05,60.4,3,8.76,1
2014-10-17,30.1,-81.55,58.3,3,13.08,2
2014-10-17,30.5,-84.75,80.2,2,43.18,2
2014-10-17,30.55,-85.3,14.5,1,10.63,1
2014-10-17,30.55,-84.85,92.4,1,52.7,2
2014-10-17,30.7,-86.95,420.9,6,122.53,5
2014-10-17,30.7,-86.9,33.4,1,55.22,2
2014-10-17,30.75,-86.85,42.6,1,36.6,6
2014-10-17,30.85,-86.95,230.3,5,293.19,20
2014-10-17,30.9,-87.0,37.099999999999994,2,34.67,6
2014-10-17,30.9,-86.95,34.6,1,6.17,1
2014-10-18,26.7,-80.55,5.1,1,2.71,1
2014-10-18,26.7,-80.5,14.9,1,7.45,2
2014-10-18,30.7,-86.95,57.7,1,19.45,1
2014-10-18,30.7,-86.9,6.5,1,14.26,1
2014-10-19,26.85,-81.35,41.1,2,1.6,1
2014-10-19,30.75,-87.0,19.9,2,33.459999999999994,3
2014-10-20,26.55,-80.5,80.6,3,74.52,4
2014-10-20,26.8,-81.4,115.39999999999999,3,31.39,2
2014-10-20,26.8,-81.35,50.4,2,28.44,1
2014-10-20,27.8,-81.2,18.1,1,18.98,2
2014-10-20,30.65,-85.0,7.0,1,11.04,2
2014-10-20,30.85,-86.05,123.7,3,17.43,1
2014-10-20,30.85,-86.0,52.2,1,17.43,1
2014-10-21,29.9,-82.95,6.1,1,2.05,1
2014-10-21,30.05,-83.05,10.9,1,25.919999999999998,2
2014-10-21,30.1,-81.55,13.399999999999999,2,1.14,1
2014-10-21,30.3,-83.25,10.2,1,4.62,1
2014-10-21,30.45,-83.7,19.4,1,17.66,3
2014-10-21,30.45,-83.15,25.6,1,14.52,1
2014-10-21,30.5,-86.0,96.19999999999999,4,193.76000000000002,8
2014-10-21,30.5,-84.2,27.5,2,10.889999999999999,3
2014-10-21,30.65,-85.25,38.8,1,31.42,1
2014-10-21,30.8,-85.5,9.0,2,104.9,5
2014-10-21,30.85,-86.05,148.7,4,169.46,10
2014-10-21,30.85,-85.0,48.8,3,51.2,4
2014-10-22,26.8,-81.4,6.5,1,5.15,1
2014-10-22,28.4,-82.05,15.1,1,38.82,6
2014-10-22,29.75,-84.8,13.8,1,2.97,1
2014-10-22,30.3,-83.25,10.7,1,5.78,1
2014-10-22,30.3,-83.05,8.1,1,6.19,1
2014-10-22,30.55,-86.0,191.9,3,58.230000000000004,7
2014-10-22,30.55,-84.85,19.7,1,90.52000000000001,5
2014-10-22,30.55,-83.5,5.4,1,7.7,1
2014-10-22,30.8,-86.05,34.8,2,40.65,6
2014-10-23,29.15,-81.15,22.1,1,19.74,1
2014-10-23,29.35,-81.8,179.79999999999998,2,127.25,3
2014-10-23,29.4,-81.8,1124.3,3,63.3,2
2014-10-23,29.6,-82.9,33.7,2,12.21,2
2014-10-23,30.35,-84.0,8.2,1,2.44,1
2014-10-23,30.55,-85.7,50.6,1,67.68,4
2014-10-23,30.55,-85.4,121.80000000000001,2,43.58,1
2014-10-23,30.55,-85.35,315.7,2,376.78,6
2014-10-23,30.55,-83.4,8.0,1,3.06,1
2014-10-23,30.6,-84.8,25.8,1,7.51,1
2014-10-23,30.65,-86.85,461.8,4,716.85,14
2014-10-23,30.65,-84.8,16.7,1,5.19,1
2014-10-23,30.8,-86.0,38.7,1,19.9,2
2014-10-23,30.85,-86.0,60.9,2,84.23,6
2014-10-24,26.85,-81.7,18.6,1,40.379999999999995,4
2014-10-24,28.8,-82.4,94.4,3,12.4,2
2014-10-24,29.3,-82.4,6.5,1,10.879999999999999,2
2014-10-24,29.35,-81.8,8.4,1,13.86,2
2014-10-24,29.6,-82.85,123.69999999999999,3,60.21,6
2014-10-24,30.0,-82.9,29.0,3,25.759999999999998,4
2014-10-24,30.3,-83.25,59.5,1,78.47,7
2014-10-24,30.6,-83.45,28.0,1,23.98,1
2014-10-24,30.85,-85.5,61.8,3,85.78,6
2014-10-25,26.45,-80.9,5.4,1,14.23,3
2014-10-26,26.45,-80.85,168.0,3,92.58,2
2014-10-27,26.55,-80.8,22.1,1,9.0,2
2014-10-27,26.8,-81.4,89.2,3,12.26,3
2014-10-27,29.05,-81.85,10.8,1,4.4,1
2014-10-27,30.0,-82.9,21.4,1,10.19,1
2014-10-27,30.55,-84.75,42.2,1,35.28,4
2014-10-27,30.6,-85.9,83.80000000000001,3,79.67999999999999,3
2014-10-27,30.8,-85.3,5.4,1,6.22,1
2014-10-27,30.85,-86.6,59.6,3,73.10000000000001,4
2014-10-28,26.55,-80.85,134.2,2,151.26999999999998,2
2014-10-28,26.85,-81.2,52.4,1,39.16,4
2014-10-28,27.45,-80.6,21.5,1,10.02,2
2014-10-28,29.6,-82.9,57.5,2,27.79,3
2014-10-28,29.8,-84.7,106.1,1,16.91,2
2014-10-28,30.1,-83.3,8.6,1,5.41,1
2014-10-28,30.35,-85.55,63.0,2,113.96000000000001,6
2014-10-28,30.35,-85.5,56.3,2,390.18,13
2014-10-28,30.55,-84.8,35.7,1,105.64999999999999,3
2014-10-29,29.35,-82.85,8.1,1,2.52,1
2014-10-29,30.35,-85.55,11.6,1,47.89,4
2014-10-29,30.4,-83.15,12.0,1,5.35,1
2014-10-29,30.7,-82.0,8.0,1,4.38,1
2014-10-30,27.45,-80.6,10.4,1,2.68,1
2014-10-30,30.1,-84.15,192.6,1,289.08,17
2014-10-30,30.75,-86.95,99.3,4,45.62,1
2014-10-31,26.55,-80.8,13.1,1,11.59,2
2014-10-31,27.0,-82.05,87.39999999999999,2,8.33,2
2014-10-31,27.05,-82.05,194.89999999999998,2,125.33,5
2014-10-31,27.35,-82.45,4.2,1,1.87,1
2014-10-31,27.7,-82.3,7.1,1,2.56,1
2014-10-31,27.75,-81.75,9.7,1,9.37,1
2014-10-31,29.3,-82.55,28.4,2,23.42,5
2014-10-31,29.95,-82.65,5.7,1,9.74,2
2014-10-31,30.15,-84.2,7.4,1,5.3100000000000005,2
2014-10-31,30.5,-83.8,28.6,1,55.53,4
2014-10-31,30.7,-86.95,643.1,7,34.870000000000005,5
2014-11-01,26.55,-80.8,23.700000000000003,2,49.95,7
2014-11-01,26.6,-80.6,15.3,2,1.89,1
2014-11-01,26.65,-80.9,12.399999999999999,2,8.56,1
2014-11-02,26.75,-80.65,17.1,2,121.47,1
2014-11-02,30.4,-85.1,15.4,1,3.86,1
2014-11-02,30.7,-86.95,260.4,4,261.79,14
2014-11-03,27.55,-81.4,87.4,4,28.049999999999997,8
2014-11-03,27.6,-82.5,11.7,1,2.41,1
2014-11-03,27.75,-82.25,26.7,2,57.54,5
2014-11-03,29.6,-82.95,18.0,1,8.16,2
2014-11-03,29.6,-82.9,17.2,1,15.52,2
2014-11-03,30.1,-84.15,129.2,3,32.29,4
2014-11-03,30.5,-86.05,50.1,3,107.47,6
2014-11-03,30.55,-85.35,21.4,1,277.14,9
2014-11-03,30.65,-85.0,101.5,4,76.25,4
2014-11-03,30.7,-82.05,41.2,3,22.64,4
2014-11-03,30.75,-87.0,66.5,2,46.12,1
2014-11-03,30.75,-86.95,322.29999999999995,2,425.42,12
2014-11-03,30.85,-87.6,47.1,2,128.78,7
2014-11-04,27.7,-80.95,44.599999999999994,2,6.84,1
2014-11-04,30.2,-84.2,620.0,5,209.32999999999998,6
2014-11-04,30.6,-85.1,32.0,3,27.119999999999997,4
2014-11-04,30.6,-84.55,112.4,4,51.16,3
2014-11-04,30.65,-85.0,27.2,1,31.68,2
2014-11-04,30.8,-87.2,63.099999999999994,3,454.12,6
2014-11-04,30.8,-86.75,610.3,5,18.02,4
2014-11-04,30.85,-85.4,211.89999999999998,4,63.77,5
2014-11-05,26.45,-80.75,5.8,1,2.66,1
2014-11-05,29.8,-85.25,480.3,4,503.42,16
2014-11-05,30.5,-83.85,67.3,1,24.7,2
2014-11-05,30.5,-83.8,19.6,1,19.86,1
2014-11-06,26.85,-81.4,137.9,2,92.76,3
2014-11-06,27.9,-82.15,8.4,1,4.41,1
2014-11-06,30.3,-83.25,36.3,2,5.61,1
2014-11-07,26.5,-80.7,181.8,3,1.82,2
2014-11-07,26.55,-80.85,13.7,1,6.16,4
2014-11-07,26.6,-81.3,13.4,1,5.17,1
2014-11-07,26.75,-80.5,37.400000000000006,2,3.5,1
2014-11-07,26.85,-81.4,121.7,4,52.559999999999995,4
2014-11-07,27.2,-81.35,10.5,1,14.88,1
2014-11-07,27.75,-81.65,21.5,2,13.32,1
2014-11-07,28.35,-82.25,31.2,1,31.69,5
2014-11-07,28.55,-81.15,22.6,1,24.36,3
2014-11-07,29.65,-82.95,148.60000000000002,2,2.0,1
2014-11-07,30.65,-84.6,47.5,2,17.09,2
2014-11-08,26.5,-80.7,10.2,1,1.25,1
2014-11-09,30.45,-83.15,10.3,1,53.83,3
2014-11-09,30.85,-87.2,227.89999999999998,3,184.23000000000002,4
2014-11-10,29.95,-82.9,18.2,1,7.56,1
2014-11-10,30.15,-83.3,9.3,1,1.48,1
2014-11-10,30.25,-83.2,48.8,3,15.46,2
2014-11-10,30.3,-83.25,46.5,2,3.05,1
2014-11-10,30.65,-84.6,132.6,3,109.09,2
2014-11-10,30.75,-85.75,53.3,2,65.64,2
2014-11-11,26.65,-80.45,23.2,2,4.54,1
2014-11-11,27.15,-81.75,25.3,1,23.39,5
2014-11-11,27.25,-80.6,31.5,1,19.700000000000003,3
2014-11-11,29.55,-82.9,16.7,1,7.36,2
2014-11-11,30.3,-82.8,13.8,1,6.64,1
2014-11-11,30.45,-83.2,13.5,1,8.530000000000001,2
2014-11-11,30.5,-82.7,107.9,3,82.28999999999999,8
2014-11-12,27.6,-81.75,36.0,2,0.3,1
2014-11-13,26.25,-81.7,13.2,1,5.88,1
2014-11-13,27.35,-80.5,17.5,1,5.44,2
2014-11-13,27.6,-82.55,12.2,1,4.4,1
2014-11-13,28.05,-80.8,12.2,1,8.64,1
2014-11-14,26.3,-81.25,8.7,1,2.8,1
2014-11-14,28.75,-81.55,8.1,1,9.59,1
2014-11-14,29.0,-82.15,13.5,1,24.11,4
2014-11-14,30.25,-85.75,8.1,1,68.62,6
2014-11-14,30.25,-84.35,18.6,2,5.55,1
2014-11-14,30.25,-84.3,10.5,1,18.43,2
2014-11-14,30.3,-83.15,8.1,1,9.66,2
2014-11-14,30.4,-84.95,473.9,6,308.34999999999997,13
2014-11-14,30.45,-83.2,27.4,1,25.51,4
2014-11-14,30.5,-84.95,56.5,2,20.36,2
2014-11-14,30.55,-84.95,11.5,1,9.67,1
2014-11-14,30.6,-85.0,84.4,2,143.09,9
2014-11-14,30.65,-84.6,32.8,2,61.81,4
2014-11-14,30.7,-85.35,151.0,3,30.18,3
2014-11-15,30.15,-83.2,8.1,1,12.32,2
2014-11-15,30.55,-86.7,113.7,3,124.55,18
2014-11-15,30.55,-85.45,197.39999999999998,2,121.14,1
2014-11-16,26.4,-80.75,45.2,2,210.22,3
2014-11-16,26.75,-80.65,20.1,1,10.96,1
2014-11-16,27.1,-80.65,5.2,1,10.02,1
2014-11-16,30.05,-82.9,19.7,1,10.62,1
2014-11-17,26.6,-80.95,20.5,1,108.94,2
2014-11-17,26.65,-80.6,112.4,2,4.41,1
2014-11-19,29.9,-84.8,9.7,1,6.02,1
2014-11-19,30.05,-83.05,15.3,1,24.15,3
2014-11-19,30.4,-83.5,54.4,1,16.82,3
2014-11-19,30.65,-84.35,12.4,1,5.08,1
2014-11-20,30.1,-84.15,55.599999999999994,3,5.86,1
2014-11-20,30.25,-83.2,19.7,1,38.15,4
2014-11-20,30.35,-85.6,147.4,2,82.18,5
2014-11-20,30.4,-84.8,47.6,2,15.51,1
2014-11-20,30.45,-82.35,28.4,1,26.65,4
2014-11-20,30.7,-85.15,80.8,2,97.72999999999999,4
2014-11-20,30.75,-85.15,36.8,1,32.94,1
2014-11-21,29.15,-81.45,12.2,1,8.68,1
2014-11-21,29.9,-84.8,71.60000000000001,4,50.3,11
2014-11-21,30.0,-84.65,5.6,1,6.18,2
2014-11-21,30.05,-83.05,6.5,1,6.99,1
2014-11-21,30.1,-84.15,77.4,2,27.66,2
2014-11-21,30.15,-81.9,34.4,1,49.18,4
2014-11-21,30.25,-85.75,82.9,2,67.58000000000001,5
2014-11-21,30.25,-84.3,5.5,1,3.35,1
2014-11-21,30.25,-84.15,11.0,1,10.48,2
2014-11-21,30.45,-86.85,9.3,1,13.92,2
2014-11-21,30.45,-85.85,8.7,1,10.7,2
2014-11-21,30.45,-83.2,7.0,1,3.44,1
2014-11-21,30.5,-86.7,139.1,3,170.85,6
2014-11-21,30.5,-86.65,7.1,1,66.53999999999999,2
2014-11-21,30.5,-85.2,50.599999999999994,2,2.56,1
2014-11-21,30.55,-84.35,14.5,1,5.87,1
2014-11-21,30.65,-86.05,7.5,1,5.76,1
2014-11-21,30.65,-84.35,8.6,1,8.01,1
2014-11-21,30.7,-85.1,34.0,2,34.980000000000004,5
2014-11-21,30.75,-86.8,5.7,1,5.99,1
2014-11-21,30.8,-85.5,67.9,3,49.82,4
2014-11-21,30.85,-86.9,9.5,1,15.280000000000001,2
2014-11-21,30.9,-86.9,264.3,7,108.24000000000001,13
2014-11-21,30.95,-87.05,76.60000000000001,2,22.58,3
2014-11-21,30.95,-87.0,8.8,1,63.38,2
2014-11-24,26.25,-81.7,12.6,1,3.72,1
2014-11-28,30.3,-83.2,19.6,1,34.88,3
2014-11-28,30.45,-86.85,134.9,2,139.34,4
2014-11-28,30.45,-86.8,550.7,4,261.6,12
2014-11-28,30.5,-83.4,7.8,1,20.47,3
2014-11-29,30.6,-86.65,45.6,1,20.759999999999998,3
2014-11-29,30.75,-86.8,5.9,1,3.66,1
2014-11-30,26.9,-80.6,45.5,2,20.79,3
2014-11-30,29.75,-82.75,5.8,1,3.98,1
2014-12-01,29.7,-82.7,17.9,2,141.06,7
2014-12-01,30.5,-85.2,11.6,1,1.99,1
2014-12-02,29.2,-81.2,11.0,1,26.03,5
2014-12-02,29.3,-82.4,6.0,1,8.66,1
2014-12-02,30.05,-83.05,5.1,1,4.78,1
2014-12-02,30.3,-83.15,7.1,1,2.26,1
2014-12-02,30.5,-85.75,10.0,1,7.0,1
2014-12-02,30.55,-85.75,17.5,1,5.08,1
2014-12-02,30.85,-87.6,34.0,2,102.32,2
2014-12-02,30.9,-86.1,47.0,2,12.57,1
2014-12-03,26.7,-81.6,3.7,1,3.42,1
2014-12-03,27.1,-80.4,6.5,1,9.23,1
2014-12-03,28.0,-82.35,9.3,1,8.42,2
2014-12-03,28.35,-82.25,19.5,1,10.49,1
2014-12-03,29.15,-81.55,29.7,1,8.67,1
2014-12-03,30.0,-84.45,63.9,1,90.96000000000001,9
2014-12-03,30.05,-84.65,57.7,2,5.26,2
2014-12-03,30.05,-84.6,54.0,3,85.33,7
2014-12-03,30.1,-82.75,12.5,1,3.28,1
2014-12-03,30.3,-83.25,6.1,1,2.34,1
2014-12-03,30.3,-83.2,50.6,1,9.27,1
2014-12-03,30.45,-83.2,6.4,1,5.48,2
2014-12-03,30.5,-83.05,9.5,1,3.14,1
2014-12-03,30.55,-84.45,13.1,2,10.629999999999999,3
2014-12-04,25.95,-81.35,153.7,3,287.54,8
2014-12-04,27.5,-80.6,10.9,1,7.25,1
2014-12-04,27.9,-82.2,18.200000000000003,2,8.97,1
2014-12-04,28.35,-82.25,14.4,1,12.6,1
2014-12-04,28.55,-82.3,113.30000000000001,2,158.26999999999998,8
2014-12-04,28.95,-82.4,116.69999999999999,3,23.87,3
2014-12-04,29.2,-81.2,12.5,1,18.08,2
2014-12-04,29.3,-81.55,95.1,3,127.81,11
2014-12-04,29.35,-81.55,16.2,1,25.97,5
2014-12-04,29.7,-82.7,11.1,1,12.45,1
2014-12-04,30.0,-84.45,25.3,1,125.28,6
2014-12-04,30.25,-84.9,342.7,7,98.8,14
2014-12-04,30.25,-84.85,278.6,4,85.38,11
2014-12-04,30.25,-84.35,15.4,1,21.439999999999998,3
2014-12-04,30.3,-84.9,63.6,1,44.7,5
2014-12-04,30.35,-85.6,148.5,3,146.73,4
2014-12-04,30.35,-82.6,29.3,1,18.56,1
2014-12-04,30.5,-85.75,61.3,4,34.59,2
2014-12-04,30.55,-85.75,9.7,1,34.59,2
2014-12-04,30.55,-84.65,47.7,1,53.0,2
2014-12-04,30.65,-86.45,15.8,2,7.66,1
2014-12-04,30.85,-86.0,18.4,1,55.82,3
2014-12-04,30.85,-85.95,36.0,2,28.88,1
2014-12-04,30.9,-86.9,110.69999999999999,2,113.56,10
2014-12-04,30.9,-86.85,14.6,1,114.67,5
2014-12-04,30.9,-85.1,15.6,1,8.0,2
2014-12-04,30.95,-86.9,18.8,1,96.64,9
2014-12-04,30.95,-86.85,109.19999999999999,2,108.74000000000001,5
2014-12-05,26.85,-81.85,35.2,1,8.4,1
2014-12-05,27.75,-82.2,5.7,1,7.12,2
2014-12-05,30.0,-84.9,7.4,1,8.87,2
2014-12-05,30.65,-86.35,97.0,1,59.16,1
2014-12-05,30.7,-86.35,50.5,1,77.67,3
2014-12-05,30.75,-86.9,7.3,1,183.87,6
2014-12-05,30.85,-86.0,20.6,2,20.740000000000002,3
2014-12-05,30.9,-85.1,11.9,1,79.99,6
2014-12-05,30.95,-86.15,237.60000000000002,2,285.46,9
2014-12-06,30.5,-82.7,20.6,1,5.04,1
2014-12-06,30.6,-86.75,131.7,1,10.56,3
2014-12-07,30.6,-86.8,13.0,1,57.82,5
2014-12-07,30.6,-86.75,74.4,2,111.60000000000001,7
2014-12-07,30.8,-86.9,46.4,3,31.25,2
2014-12-07,30.8,-86.85,12.9,1,67.78,4
2014-12-07,30.9,-85.05,27.700000000000003,2,39.64,5
2014-12-07,30.95,-85.75,16.8,1,2.1,1
2014-12-08,26.9,-81.9,8.3,1,20.0,3
2014-12-09,26.5,-80.9,41.0,2,12.58,1
2014-12-09,28.35,-82.3,8.4,1,13.52,2
2014-12-09,28.35,-82.25,9.4,1,13.18,2
2014-12-09,29.25,-82.65,13.9,1,2.94,1
2014-12-09,29.35,-82.6,4.0,1,1.49,1
2014-12-09,29.7,-83.0,4.8,1,3.57,1
2014-12-09,29.7,-81.85,17.3,2,3.36,1
2014-12-09,29.75,-85.45,13.8,1,11.6,2
2014-12-09,30.05,-83.05,7.7,1,6.81,1
2014-12-09,30.05,-82.9,11.4,2,9.2,1
2014-12-09,30.1,-85.45,17.8,1,11.74,2
2014-12-09,30.3,-86.1,53.5,2,26.18,4
2014-12-09,30.3,-85.8,42.1,1,34.43,5
2014-12-09,30.35,-85.9,99.6,3,55.26,2
2014-12-09,30.35,-82.6,6.1,1,11.24,2
2014-12-09,30.4,-85.95,49.4,2,7.4,1
2014-12-09,30.5,-85.2,7.8,1,8.19,1
2014-12-09,30.5,-82.7,14.0,1,15.08,4
2014-12-09,30.55,-85.75,69.1,1,97.96000000000001,6
2014-12-09,30.55,-85.35,43.7,1,11.67,1
2014-12-09,30.6,-86.25,1414.8,13,555.78,17
2014-12-09,30.8,-86.95,1529.1,14,976.43,38
2014-12-09,30.85,-86.95,1128.0,4,232.19,7
2014-12-09,30.9,-86.75,59.6,3,27.630000000000003,3
2014-12-09,30.95,-86.25,17.2,1,5.0,1
2014-12-09,30.95,-85.2,121.0,4,36.87,3
2014-12-10,26.6,-81.0,4.6,1,6.58,1
2014-12-10,26.85,-81.75,5.1,1,18.23,3
2014-12-10,26.85,-81.5,16.8,2,31.36,2
2014-12-10,26.9,-81.95,270.7,4,118.75,8
2014-12-10,26.9,-81.9,413.20000000000005,5,272.54,10
2014-12-10,27.05,-81.35,9.6,1,4.73,1
2014-12-10,27.05,-80.25,5.3,1,49.0,5
2014-12-10,28.55,-81.05,6.6,1,11.149999999999999,2
2014-12-10,28.75,-81.1,10.4,1,4.41,1
2014-12-10,28.8,-82.45,9.600000000000001,2,39.449999999999996,5
2014-12-10,29.45,-82.6,444.7,6,160.89,6
2014-12-10,29.7,-82.7,18.4,1,8.71,1
2014-12-10,29.9,-82.0,5.6,1,3.44,1
2014-12-10,29.95,-81.65,6.8,1,5.59,1
2014-12-10,30.05,-85.45,58.8,2,9.469999999999999,2
2014-12-10,30.05,-83.05,11.8,1,10.76,2
2014-12-10,30.5,-85.75,19.4,1,13.32,3
2014-12-10,30.5,-85.2,11.3,1,4.73,1
2014-12-10,30.5,-84.95,31.1,1,8.73,2
2014-12-10,30.5,-83.0,11.0,1,26.13,4
2014-12-10,30.55,-85.75,18.1,1,3.95,1
2014-12-10,30.55,-83.9,18.7,2,3.81,1
2014-12-10,30.6,-84.05,61.2,2,3.78,1
2014-12-10,30.65,-87.0,14.6,1,11.67,1
2014-12-10,30.9,-87.4,53.7,1,37.26,1
2014-12-10,30.9,-85.5,81.1,1,144.54,6
2014-12-10,30.95,-86.95,167.7,5,46.5,8
2014-12-11,26.7,-80.45,11.8,1,17.21,2
2014-12-11,27.1,-81.65,14.3,1,25.810000000000002,3
2014-12-11,28.35,-82.0,53.699999999999996,2,4.58,1
2014-12-11,29.15,-81.55,46.900000000000006,2,51.510000000000005,9
2014-12-11,30.0,-82.8,99.5,2,18.65,1
2014-12-11,30.25,-85.15,20.7,2,18.25,2
2014-12-11,30.25,-83.3,51.400000000000006,3,33.089999999999996,6
2014-12-11,30.35,-84.95,100.9,4,13.64,2
2014-12-11,30.45,-86.05,85.80000000000001,3,40.5,3
2014-12-11,30.65,-87.0,83.6,3,49.620000000000005,3
2014-12-11,30.65,-85.15,11.0,1,16.66,1
2014-12-11,30.9,-87.4,13.5,1,12.05,1
2014-12-11,30.9,-87.35,12.0,1,35.05,3
2014-12-11,30.9,-85.55,31.9,1,16.37,1
2014-12-11,30.95,-86.25,15.7,1,7.8,1
2014-12-12,29.7,-85.15,8.7,1,7.7,1
2014-12-12,30.0,-84.65,22.4,1,7.31,1
2014-12-12,30.25,-83.15,44.3,2,4.49,1
2014-12-12,30.35,-84.95,63.8,4,22.66,2
2014-12-12,30.45,-86.05,130.9,4,169.87,14
2014-12-12,30.65,-87.0,7.0,1,13.280000000000001,2
2014-12-12,30.7,-85.0,18.3,2,2.35,1
2014-12-12,30.75,-85.15,9.3,1,21.19,1
2014-12-12,30.8,-86.25,23.9,2,10.36,1
2014-12-12,30.85,-85.05,13.9,1,15.62,2
2014-12-13,26.85,-81.75,35.2,1,1.71,1
2014-12-13,27.6,-81.8,8.6,1,9.39,2
2014-12-13,29.9,-82.65,180.2,4,57.3,4
2014-12-13,29.9,-81.9,17.5,1,2.93,1
2014-12-13,30.0,-85.35,11.7,1,3.56,2
2014-12-13,30.15,-83.15,62.0,4,7.8,2
2014-12-13,30.2,-81.95,10.8,1,31.32,3
2014-12-13,30.3,-83.9,27.700000000000003,2,4.01,1
2014-12-13,30.45,-83.35,47.5,3,8.3,2
2014-12-13,30.45,-82.75,34.400000000000006,2,6.04,1
2014-12-13,30.5,-86.35,82.2,2,45.29,9
2014-12-13,30.6,-83.5,56.2,2,15.32,2
2014-12-13,30.7,-87.0,23.7,1,43.18000000000001,3
2014-12-13,30.7,-86.95,28.2,1,19.42,1
2014-12-13,30.75,-85.2,39.9,2,38.07,3
2014-12-13,30.75,-85.15,53.0,2,11.23,2
2014-12-13,30.75,-85.1,60.6,3,46.84,3
2014-12-13,30.95,-86.25,6.4,1,16.44,4
2014-12-13,30.95,-86.05,311.1,4,44.78,2
2014-12-14,27.1,-80.4,15.0,1,3.11,1
2014-12-14,30.05,-83.35,176.8,3,34.1,1
2014-12-14,30.05,-83.3,38.7,2,115.8,4
2014-12-15,26.3,-81.15,43.3,2,14.9,1
2014-12-15,29.95,-82.95,9.3,1,11.09,2
2014-12-15,30.4,-83.35,5.9,1,6.16,1
2014-12-15,30.5,-84.95,7.0,1,3.03,1
2014-12-15,30.5,-83.9,65.9,3,56.919999999999995,4
2014-12-15,30.6,-84.55,32.7,2,49.5,3
2014-12-15,30.8,-85.3,223.29999999999998,4,79.54,7
2014-12-15,30.85,-85.3,43.3,2,115.49,4
2014-12-16,26.7,-80.45,13.5,1,11.620000000000001,4
2014-12-16,26.85,-81.7,13.5,1,4.01,1
2014-12-16,27.1,-80.4,65.2,4,19.0,2
2014-12-16,27.2,-80.55,58.5,2,15.76,4
2014-12-16,27.65,-82.55,5.3,1,3.97,1
2014-12-16,27.8,-80.6,9.2,1,18.74,6
2014-12-16,28.2,-81.8,13.3,1,2.66,1
2014-12-16,28.35,-81.95,77.4,2,30.64,5
2014-12-16,28.5,-81.1,40.4,1,21.62,4
2014-12-16,29.15,-82.3,5.1,1,4.99,1
2014-12-16,29.35,-81.55,6.1,1,7.56,1
2014-12-16,29.5,-81.75,17.1,2,26.77,4
2014-12-16,29.5,-81.6,22.8,2,11.84,2
2014-12-16,29.65,-81.3,64.2,2,17.48,4
2014-12-16,29.7,-82.25,39.4,2,5.45,1
2014-12-16,29.7,-81.8,65.6,2,7.78,1
2014-12-16,29.85,-82.05,44.599999999999994,2,10.8,2
2014-12-16,30.2,-85.9,6.3,1,5.25,2
2014-12-16,30.25,-85.75,17.3,1,34.27,5
2014-12-16,30.45,-85.8,10.8,1,42.61,7
2014-12-17,25.65,-80.9,6.7,1,513.02,17
2014-12-17,26.0,-81.5,35.4,1,17.9,3
2014-12-17,26.3,-80.95,8.5,1,29.86,3
2014-12-17,26.6,-80.5,140.4,1,11.54,1
2014-12-17,27.65,-82.55,11.9,1,11.24,2
2014-12-17,27.75,-82.35,6.4,1,3.14,1
2014-12-17,28.35,-82.25,7.6,1,6.01,1
2014-12-17,29.95,-82.95,10.9,2,16.27,1
2014-12-17,30.35,-83.85,15.4,1,2.45,1
2014-12-17,30.9,-85.1,12.1,1,103.62,4
2014-12-18,25.6,-80.9,5.7,1,1.68,1
2014-12-18,25.6,-80.85,7.4,1,6.99,3
2014-12-18,25.65,-80.8,15.4,1,3.57,1
2014-12-18,25.9,-80.45,6.6,1,6.1,1
2014-12-18,26.3,-81.15,5.2,1,4.37,1
2014-12-18,26.5,-80.7,25.2,2,27.28,3
2014-12-18,27.45,-80.6,5.2,1,10.280000000000001,2
2014-12-18,27.55,-82.2,10.4,1,21.509999999999998,3
2014-12-18,30.55,-83.35,123.30000000000001,4,238.07999999999998,13
2014-12-18,30.75,-86.1,9.5,1,22.35,5
2014-12-20,28.3,-81.9,72.1,1,2.28,1
2014-12-20,28.3,-81.85,36.6,1,2.96,1
2014-12-29,27.6,-81.25,9.6,1,2.8,1
2014-12-31,30.15,-83.85,14.1,1,30.259999999999998,2
2014-12-31,30.35,-84.95,4.8,1,13.379999999999999,2
2014-12-31,30.35,-84.9,15.5,1,31.93,4
2015-01-03,26.6,-80.8,108.6,2,22.53,1
2015-01-04,26.0,-81.5,27.5,1,322.2,13
2015-01-04,26.85,-81.65,8.7,2,16.83,4
2015-01-04,27.1,-82.0,202.5,1,18.72,3
2015-01-05,26.55,-80.95,14.2,1,5.05,1
2015-01-06,26.85,-81.7,17.4,1,10.41,1
2015-01-06,29.0,-82.35,11.2,1,3.59,1
2015-01-06,29.45,-81.7,15.8,2,10.569999999999999,3
2015-01-06,29.55,-83.05,86.9,2,33.35,3
2015-01-06,30.25,-84.9,72.9,3,70.53,10
2015-01-07,26.75,-81.85,14.0,1,13.46,2
2015-01-07,26.85,-81.7,13.9,1,9.91,3
2015-01-07,26.85,-81.65,12.5,1,11.469999999999999,3
2015-01-07,26.9,-81.95,343.9,5,421.17,30
2015-01-07,27.55,-80.8,14.0,1,128.89,10
2015-01-07,27.65,-82.3,191.5,5,67.08,5
2015-01-07,27.7,-81.4,24.8,1,87.44,11
2015-01-07,28.9,-82.2,20.7,1,9.38,1
2015-01-07,29.0,-82.3,17.5,1,11.059999999999999,4
2015-01-07,29.15,-81.4,177.1,5,101.23,11
2015-01-07,29.5,-81.75,21.5,1,5.55,1
2015-01-07,29.8,-81.85,83.8,1,10.54,1
2015-01-07,30.15,-81.95,40.7,2,22.15,4
2015-01-07,30.2,-82.55,62.9,2,16.05,2
2015-01-07,30.8,-86.9,32.7,2,9.97,3
2015-01-08,26.85,-81.7,7.8,1,11.83,2
2015-01-08,28.7,-81.65,268.8,4,139.06,2
2015-01-08,28.85,-82.4,20.8,1,19.32,3
2015-01-08,29.1,-82.65,121.1,2,85.1,5
2015-01-08,29.1,-82.6,507.6,5,541.93,16
2015-01-08,29.5,-81.75,14.2,1,41.64,5
2015-01-08,29.55,-81.75,14.5,1,1.73,1
2015-01-08,30.25,-84.3,14.8,1,23.19,5
2015-01-08,30.5,-84.55,23.2,1,23.84,4
2015-01-08,30.55,-85.35,77.8,2,72.16,4
2015-01-08,30.65,-85.15,12.6,1,12.290000000000001,2
2015-01-08,30.85,-87.4,21.0,1,36.78,2
2015-01-08,30.85,-86.8,133.4,3,76.76,10
2015-01-08,30.85,-86.75,62.5,1,54.3,3
2015-01-08,30.9,-86.8,210.8,4,125.71000000000001,14
2015-01-10,26.5,-81.3,10.2,2,9.06,2
2015-01-10,26.7,-81.4,5.3,1,22.37,2
2015-01-10,27.8,-80.55,10.1,1,71.65,4
2015-01-10,29.5,-81.75,4.3,1,7.68,2
2015-01-10,29.95,-85.5,82.39999999999999,2,7.5,1
2015-01-10,29.95,-82.75,49.9,3,188.72,2
2015-01-10,30.05,-83.3,9.4,1,8.35,1
2015-01-10,30.2,-84.0,35.9,2,32.06,5
2015-01-10,30.25,-85.95,87.9,3,37.480000000000004,7
2015-01-10,30.25,-85.2,96.2,2,136.62,4
2015-01-10,30.3,-86.1,20.3,1,9.59,1
2015-01-10,30.4,-83.9,13.5,1,7.85,1
2015-01-10,30.4,-83.35,14.5,2,8.5,1
2015-01-10,30.45,-87.05,216.5,1,67.52,2
2015-01-10,30.45,-87.0,164.7,1,180.93,18
2015-01-10,30.5,-83.35,38.8,2,9.32,1
2015-01-10,30.55,-87.35,106.30000000000001,2,7.3,1
2015-01-10,30.6,-85.25,7.4,1,11.440000000000001,2
2015-01-10,30.6,-85.2,21.8,1,19.810000000000002,3
2015-01-10,30.75,-87.25,46.7,3,28.64,2
2015-01-10,30.75,-86.05,44.0,2,14.27,1
2015-01-10,30.85,-85.1,22.9,3,16.009999999999998,2
2015-01-10,30.9,-86.95,118.7,2,162.93,11
2015-01-10,30.95,-86.6,21.2,2,24.759999999999998,3
2015-01-16,26.75,-80.65,216.5,2,59.15,1
2015-01-17,26.85,-81.75,15.2,1,4.51,1
2015-01-17,30.65,-86.65,25.4,2,265.35,10
2015-01-18,26.0,-81.6,5.9,1,40.97,4
2015-01-18,30.6,-86.75,532.1,4,375.17,11
2015-01-18,30.7,-86.95,228.4,3,229.15,7
2015-01-19,26.15,-81.4,16.1,2,9.79,2
2015-01-19,26.5,-81.35,42.4,2,31.61,3
2015-01-19,26.75,-81.75,202.0,4,3.05,1
2015-01-19,26.85,-81.7,7.6,1,6.98,2
2015-01-19,27.0,-80.25,7.1,1,4.39,1
2015-01-19,27.25,-81.75,5.6,1,4.8,1
2015-01-19,27.4,-81.85,11.9,1,76.78,4
2015-01-19,27.5,-81.4,6.5,1,4.55,1
2015-01-19,29.25,-81.9,5.1,1,8.98,1
2015-01-19,29.3,-83.1,19.7,2,9.73,1
2015-01-19,29.65,-82.9,23.3,2,17.22,2
2015-01-19,29.95,-85.5,31.7,2,34.019999999999996,2
2015-01-19,30.25,-82.9,9.5,2,4.02,1
2015-01-19,30.3,-82.6,212.1,4,77.33,12
2015-01-19,30.35,-83.1,5.1,1,2.28,1
2015-01-19,30.45,-83.1,5.1,1,2.64,1
2015-01-19,30.5,-85.25,7.0,1,10.78,1
2015-01-19,30.5,-84.95,20.8,2,2.5,1
2015-01-19,30.5,-83.75,5.6,1,5.65,2
2015-01-19,30.55,-85.25,38.9,2,3.52,1
2015-01-19,30.65,-85.55,24.5,2,10.879999999999999,2
2015-01-19,30.65,-85.0,18.8,1,22.83,3
2015-01-19,30.7,-86.95,420.7,7,160.79999999999998,8
2015-01-19,30.7,-85.15,10.3,1,14.72,4
2015-01-19,30.8,-85.2,7.2,1,4.44,1
2015-01-19,30.8,-85.15,16.2,1,4.44,1
2015-01-20,29.7,-85.15,51.2,2,39.52,4
2015-01-20,29.8,-84.9,36.6,2,3.89,1
2015-01-20,29.9,-83.7,71.1,2,4.65,1
2015-01-20,30.2,-84.9,42.5,1,83.71000000000001,10
2015-01-20,30.2,-84.85,14.2,1,21.18,4
2015-01-20,30.25,-84.85,145.4,4,42.57,7
2015-01-20,30.25,-83.3,19.1,1,3.4,1
2015-01-20,30.25,-82.4,133.0,2,50.89,10
2015-01-20,30.35,-83.1,4.0,1,2.99,1
2015-01-20,30.55,-84.3,7.0,1,2.75,1
2015-01-20,30.65,-85.15,36.0,2,7.71,1
2015-01-20,30.85,-86.65,22.0,2,7.94,1
2015-01-21,26.25,-80.95,7.8,1,18.12,1
2015-01-21,26.5,-81.5,16.1,1,21.84,3
2015-01-21,26.75,-81.75,13.4,1,17.27,3
2015-01-21,27.0,-80.15,21.3,2,29.139999999999997,4
2015-01-21,27.2,-81.8,17.3,1,62.72,3
2015-01-21,27.4,-82.4,7.8,1,4.91,1
2015-01-21,28.05,-81.15,30.8,2,27.490000000000002,2
2015-01-21,28.4,-81.95,24.1,2,74.35000000000001,5
2015-01-21,28.6,-80.9,56.4,2,31.630000000000003,2
2015-01-21,29.35,-82.6,44.400000000000006,2,47.04,3
2015-01-21,29.35,-82.55,21.7,1,35.92,1
2015-01-21,29.9,-84.7,42.0,2,30.880000000000003,4
2015-01-21,30.05,-82.05,69.80000000000001,2,23.83,2
2015-01-21,30.1,-82.6,19.6,1,17.94,3
2015-01-21,30.2,-84.85,49.6,2,85.00999999999999,6
2015-01-21,30.35,-82.6,8.9,1,11.850000000000001,3
2015-01-21,30.7,-87.5,255.70000000000002,5,26.1,6
2015-01-21,30.7,-85.1,16.6,2,4.34,1
2015-01-21,30.75,-86.85,204.5,4,76.09,9
2015-01-21,30.75,-85.45,11.2,1,2.22,1
2015-01-21,30.95,-85.1,55.4,1,23.74,1
2015-01-22,25.6,-80.6,23.9,1,15.94,2
2015-01-22,27.2,-81.45,9.9,1,65.67,7
2015-01-22,27.25,-81.45,11.5,1,34.07,3
2015-01-22,27.6,-82.5,245.8,2,11.35,1
2015-01-22,29.8,-81.95,39.7,2,13.67,4
2015-01-22,29.95,-82.0,30.8,1,22.9,4
2015-01-22,29.95,-81.95,26.5,2,5.43,1
2015-01-22,30.05,-84.6,95.9,2,60.830000000000005,6
2015-01-22,30.3,-83.3,8.1,1,18.14,4
2015-01-25,30.45,-86.8,25.9,1,10.09,2
2015-01-26,26.5,-80.6,5.4,1,1.24,2
2015-01-26,26.6,-80.85,20.4,2,47.66,2
2015-01-26,26.65,-80.65,50.2,2,92.64,6
2015-01-26,26.8,-80.6,6.8,1,55.4,4
2015-01-26,30.0,-84.5,24.2,2,20.700000000000003,3
2015-01-26,30.65,-86.4,12.0,1,16.02,3
2015-01-26,30.8,-86.8,54.5,2,32.05,6
2015-01-26,30.8,-86.75,17.5,1,10.38,1
2015-01-26,30.85,-87.0,19.2,1,13.399999999999999,2
2015-01-26,30.85,-86.95,197.7,4,39.089999999999996,3
2015-01-26,30.9,-86.7,11.1,1,9.7,1
2015-01-26,30.9,-86.65,40.4,1,15.39,2
2015-01-27,26.05,-81.8,5.9,1,2.81,1
2015-01-27,26.9,-81.95,19.7,2,81.02,8
2015-01-27,27.1,-82.05,9.7,1,11.6,2
2015-01-27,27.1,-80.3,5.5,1,9.93,2
2015-01-27,27.5,-82.2,276.3,4,46.08,7
2015-01-27,28.75,-82.45,67.4,2,16.5,2
2015-01-27,28.8,-82.45,4.7,1,25.86,2
2015-01-27,29.1,-82.6,84.0,1,47.81,5
2015-01-27,29.65,-83.1,14.5,1,20.8,4
2015-01-27,29.9,-84.4,18.1,1,34.59,7
2015-01-27,30.0,-84.5,62.2,3,126.65,11
2015-01-27,30.15,-83.95,19.1,1,16.89,4
2015-01-27,30.15,-81.95,27.4,2,5.54,1
2015-01-27,30.2,-82.55,199.10000000000002,2,15.65,1
2015-01-27,30.2,-82.5,19.2,2,42.83,5
2015-01-27,30.3,-86.1,16.9,1,14.76,2
2015-01-27,30.4,-83.4,101.5,3,112.12,4
2015-01-27,30.4,-83.35,41.3,2,2.37,1
2015-01-27,30.5,-86.85,124.80000000000001,3,38.17,4
2015-01-27,30.55,-85.35,29.9,1,19.5,2
2015-01-27,30.8,-87.55,11.0,1,14.07,1
2015-01-27,30.8,-87.0,153.7,4,16.64,2
2015-01-27,30.85,-87.2,41.8,2,11.92,2
2015-01-27,30.85,-86.7,19.5,1,136.10999999999999,7
2015-01-27,30.85,-86.65,15.3,1,276.15999999999997,9
2015-01-28,26.0,-81.5,30.700000000000003,2,57.53,7
2015-01-28,26.0,-81.45,25.1,1,16.8,2
2015-01-28,26.05,-80.8,977.9,5,355.51,15
2015-01-28,26.05,-80.75,289.7,3,662.14,14
2015-01-28,26.25,-81.4,5.7,1,3.95,1
2015-01-28,26.85,-81.9,69.6,1,986.79,35
2015-01-28,26.9,-81.7,29.1,2,25.86,4
2015-01-28,26.95,-82.3,24.4,2,31.050000000000004,4
2015-01-28,26.95,-80.3,17.5,1,72.2,9
2015-01-28,27.0,-80.3,48.6,1,64.14,8
2015-01-28,27.55,-81.25,12.0,2,27.28,7
2015-01-28,27.6,-82.25,9.8,1,5.55,1
2015-01-28,27.65,-81.0,14.3,1,3.55,1
2015-01-28,27.7,-81.6,5.9,1,8.56,1
2015-01-28,27.8,-81.55,6.4,1,9.98,3
2015-01-28,27.95,-81.4,11.0,1,25.51,4
2015-01-28,28.4,-82.05,31.8,1,68.79,11
2015-01-28,28.45,-81.65,5.0,1,4.1,1
2015-01-28,28.6,-81.05,4.4,1,45.5,6
2015-01-28,29.1,-82.6,58.2,3,20.28,4
2015-01-28,29.1,-81.5,100.8,3,134.78,12
2015-01-28,29.1,-81.45,454.3,5,275.8,15
2015-01-28,29.15,-82.65,356.0,7,81.84,16
2015-01-28,29.2,-82.6,26.4,1,18.95,2
2015-01-28,29.2,-82.0,8.9,1,4.78,1
2015-01-28,29.2,-81.25,5.8,1,11.49,2
2015-01-28,29.2,-81.2,7.1,1,5.43,1
2015-01-28,29.25,-81.4,21.1,2,57.09,6
2015-01-28,29.5,-81.65,8.3,1,5.7,1
2015-01-28,29.7,-82.75,29.9,1,11.56,1
2015-01-28,29.75,-82.75,17.2,1,61.22,6
2015-01-28,29.85,-82.0,268.0,4,84.27,7
2015-01-28,29.95,-82.75,7.1,1,10.66,2
2015-01-28,30.05,-84.4,69.1,2,15.149999999999999,3
2015-01-28,30.05,-82.05,81.0,3,11.010000000000002,2
2015-01-28,30.05,-82.0,38.800000000000004,2,7.55,1
2015-01-28,30.1,-84.5,67.80000000000001,2,5.76,1
2015-01-28,30.1,-84.45,54.300000000000004,2,174.03,13
2015-01-28,30.1,-82.85,55.3,3,137.34,5
2015-01-28,30.15,-81.95,15.4,1,2.85,1
2015-01-28,30.15,-81.9,33.9,2,4.41,1
2015-01-28,30.2,-81.95,12.9,2,2.44,1
2015-01-28,30.25,-83.25,58.099999999999994,2,17.46,2
2015-01-28,30.35,-84.0,9.0,1,8.51,2
2015-01-28,30.35,-82.3,252.4,4,59.96,9
2015-01-28,30.6,-83.35,14.8,2,3.86,1
2015-01-28,30.65,-85.4,27.700000000000003,2,33.12,2
2015-01-28,30.7,-87.15,44.0,3,29.69,5
2015-01-28,30.75,-87.55,53.4,3,2.61,1
2015-01-28,30.85,-85.4,24.700000000000003,2,31.349999999999998,3
2015-01-28,30.9,-87.0,24.3,1,23.2,2
2015-01-28,30.9,-86.45,11.7,1,3.85,1
2015-01-28,30.9,-85.15,14.5,1,34.12,4
2015-01-28,30.95,-86.95,90.6,4,17.86,2
2015-01-29,26.75,-81.8,20.3,2,4.4,1
2015-01-29,26.75,-81.6,57.6,1,80.28,9
2015-01-29,26.85,-81.85,469.8,4,206.94,12
2015-01-29,26.85,-81.8,54.8,1,21.02,1
2015-01-29,26.85,-81.7,6.6,1,35.82,4
2015-01-29,26.95,-82.3,16.0,1,23.0,4
2015-01-29,28.45,-81.65,7.9,1,3.24,1
2015-01-29,28.65,-81.15,12.2,1,5.49,1
2015-01-29,28.75,-82.35,25.1,2,17.32,2
2015-01-29,29.85,-84.75,11.7,1,8.92,1
2015-01-29,29.9,-83.7,18.2,1,23.25,3
2015-01-29,30.2,-84.8,115.9,1,11.23,2
2015-01-29,30.25,-84.8,38.5,1,463.52000000000004,12
2015-01-29,30.3,-86.1,16.0,1,4.23,1
2015-01-29,30.55,-85.25,19.5,1,31.82,2
2015-01-29,30.55,-83.35,10.9,1,10.58,1
2015-01-29,30.6,-85.25,13.0,1,14.96,1
2015-01-29,30.7,-87.5,6.0,1,45.04,2
2015-01-29,30.7,-86.9,93.3,2,255.78,25
2015-01-29,30.8,-85.1,50.0,1,51.57000000000001,3
2015-01-29,30.85,-87.55,33.8,2,53.82,5
2015-01-29,30.85,-86.65,37.0,2,36.9,4
2015-01-29,30.95,-87.1,106.1,5,28.619999999999997,7
2015-01-29,30.95,-87.05,97.0,2,25.43,3
2015-01-30,26.0,-81.55,9.9,1,35.78,4
2015-01-30,26.75,-81.6,153.6,3,50.29,6
2015-01-30,26.8,-81.6,54.6,2,13.73,3
2015-01-30,26.85,-81.95,306.2,4,73.86,9
2015-01-30,26.85,-81.9,312.6,5,186.07,12
2015-01-30,27.0,-81.7,9.2,1,5.96,1
2015-01-30,27.6,-81.65,8.4,1,62.12,7
2015-01-30,27.65,-81.65,57.6,3,5.14,2
2015-01-30,27.65,-81.0,12.8,1,11.18,3
2015-01-30,28.65,-82.45,57.800000000000004,2,48.39,8
2015-01-30,28.75,-81.55,14.6,1,60.870000000000005,3
2015-01-30,28.95,-82.4,36.3,1,18.24,2
2015-01-30,29.9,-84.75,68.4,2,90.31,22
2015-01-30,30.1,-81.4,35.7,2,12.870000000000001,2
2015-01-30,30.15,-84.45,200.2,3,23.1,4
2015-01-30,30.15,-83.95,16.5,1,4.66,2
2015-01-30,30.2,-84.5,80.5,1,225.38,13
2015-01-30,30.2,-84.45,78.4,1,77.73,10
2015-01-30,30.2,-82.45,66.9,2,104.68,7
2015-01-30,30.2,-82.4,74.0,2,33.09,8
2015-01-30,30.2,-81.95,61.7,4,16.919999999999998,3
2015-01-30,30.45,-85.95,324.2,3,29.97,4
2015-01-30,30.5,-86.75,69.6,2,8.49,2
2015-01-30,30.8,-86.85,525.1,7,744.99,26
2015-01-31,27.55,-81.75,73.6,2,19.15,2
2015-01-31,27.7,-81.35,11.8,1,24.38,4
2015-01-31,28.6,-82.6,26.0,1,19.52,5
2015-01-31,29.0,-81.4,67.0,2,42.86,2
2015-01-31,29.9,-84.65,6.0,1,2.58,1
2015-01-31,30.05,-83.3,22.4,2,6.69,1
2015-01-31,30.15,-85.3,133.1,3,17.65,2
2015-01-31,30.4,-82.3,63.0,3,136.18,15
2015-01-31,30.45,-83.35,8.8,1,5.34,1
2015-01-31,30.55,-86.6,496.6,6,310.01,14
2015-01-31,30.6,-86.6,27.3,1,150.7,2
2015-01-31,30.6,-85.2,4.1,1,2.22,1
2015-01-31,30.6,-84.35,19.1,2,43.089999999999996,4
2015-01-31,30.7,-87.5,14.2,1,15.149999999999999,2
2015-01-31,30.7,-85.25,4.9,1,4.82,1
2015-01-31,30.9,-85.9,19.4,2,27.040000000000003,3
2015-01-31,30.9,-85.3,15.899999999999999,2,121.2,7
2015-01-31,30.95,-86.75,7.9,1,8.61,2
2015-01-31,30.95,-86.5,11.9,2,8.96,1
2015-01-31,30.95,-86.2,5.5,1,2.09,1
2015-01-31,30.95,-86.15,30.3,2,15.16,2
2015-02-01,27.2,-81.7,107.1,3,27.63,4
2015-02-01,29.0,-81.45,96.6,4,30.07,4
2015-02-01,30.25,-82.55,87.4,3,63.519999999999996,11
2015-02-03,25.75,-80.95,860.5999999999999,4,34.95,3
2015-02-03,26.25,-80.9,51.4,3,11.0,1
2015-02-03,26.45,-80.9,50.5,2,210.31,2
2015-02-03,26.85,-81.8,492.0,4,435.21999999999997,18
2015-02-03,26.85,-81.65,6.3,1,18.28,2
2015-02-03,26.95,-80.35,533.9,3,83.35,8
2015-02-03,27.0,-81.3,20.3,1,13.14,2
2015-02-03,27.0,-80.15,18.8,1,81.47999999999999,8
2015-02-03,27.6,-81.2,5.9,1,244.94,9
2015-02-03,27.65,-81.95,195.29999999999998,3,38.769999999999996,2
2015-02-03,28.05,-81.05,82.1,2,49.61,7
2015-02-04,26.0,-81.55,214.9,3,78.59,5
2015-02-04,26.55,-81.25,14.4,1,48.04,7
2015-02-04,26.85,-81.65,37.8,2,4.43,1
2015-02-04,27.0,-81.3,20.5,2,3.67,1
2015-02-04,27.0,-80.65,123.2,1,238.21,4
2015-02-06,26.85,-81.65,12.7,1,14.68,2
2015-02-06,28.7,-82.45,14.9,1,14.91,2
2015-02-06,28.7,-82.4,9.0,1,3.97,1
2015-02-06,29.75,-81.85,9.5,1,36.629999999999995,3
2015-02-06,30.45,-83.2,12.4,1,1.54,1
2015-02-06,30.45,-83.15,9.0,1,6.33,1
2015-02-06,30.6,-86.6,92.9,3,11.21,3
2015-02-07,26.7,-81.4,21.3,2,27.73,1
2015-02-07,27.1,-81.75,76.2,1,98.2,6
2015-02-07,30.1,-82.8,11.0,1,19.15,5
2015-02-07,30.3,-83.3,13.7,1,4.86,1
2015-02-07,30.35,-84.45,17.8,1,84.55,9
2015-02-07,30.5,-86.85,34.6,2,417.83,17
2015-02-07,30.55,-83.35,37.0,2,7.8100000000000005,2
2015-02-07,30.7,-87.5,306.5,3,67.3,5
2015-02-07,30.85,-87.4,92.0,2,18.23,1
2015-02-07,30.85,-87.35,242.2,2,251.64,5
2015-02-07,30.85,-87.2,7.5,1,8.4,1
2015-02-07,30.85,-86.9,90.8,5,68.2,5
2015-02-08,26.2,-80.9,77.9,2,50.79,3
2015-02-08,27.75,-81.65,9.9,1,27.23,4
2015-02-08,29.25,-81.95,101.8,2,42.3,4
2015-02-08,30.6,-86.75,41.0,1,71.22,2
2015-02-08,30.85,-87.25,24.0,2,105.66,2
2015-02-10,26.0,-80.8,464.5,2,52.78,3
2015-02-10,26.0,-80.75,218.70000000000002,3,55.790000000000006,7
2015-02-10,26.05,-80.8,110.0,1,503.42,12
2015-02-10,26.85,-81.65,57.7,1,11.38,3
2015-02-10,30.5,-87.45,48.0,1,13.16,2
2015-02-10,30.55,-86.1,4.5,1,71.29,4
2015-02-10,30.75,-86.9,698.8,6,113.8,7
2015-02-10,30.8,-86.8,624.8,6,47.58,7
2015-02-11,26.4,-81.65,18.2,2,3.86,1
2015-02-11,26.6,-81.25,44.7,2,89.87,6
2015-02-11,26.7,-81.4,9.1,1,5.93,1
2015-02-11,26.85,-81.9,30.5,2,152.55,12
2015-02-11,26.85,-81.65,11.5,2,16.84,4
2015-02-11,27.0,-81.75,18.200000000000003,2,21.25,2
2015-02-11,27.0,-81.35,4.5,1,10.52,3
2015-02-11,27.05,-82.05,5.7,1,2.12,1
2015-02-11,27.05,-81.1,67.8,2,14.14,2
2015-02-11,27.05,-81.05,5.1,1,8.87,1
2015-02-11,27.3,-81.5,5.8,1,7.28,1
2015-02-11,27.6,-81.2,218.8,2,28.15,3
2015-02-11,27.65,-82.5,5.0,1,2.57,1
2015-02-11,28.4,-81.65,5.0,1,5.31,1
2015-02-11,28.45,-81.65,4.2,1,8.2,2
2015-02-11,28.6,-82.0,4.4,1,4.41,2
2015-02-11,28.7,-82.5,182.4,3,194.28,7
2015-02-11,28.8,-82.45,31.299999999999997,2,15.18,2
2015-02-11,28.9,-82.35,20.3,2,5.98,1
2015-02-11,28.9,-82.2,12.8,1,13.46,1
2015-02-11,28.9,-82.15,7.8,1,7.38,1
2015-02-11,28.95,-81.5,67.6,2,48.56,1
2015-02-11,29.4,-81.7,7.8,1,5.1,1
2015-02-11,29.5,-81.8,4.0,1,15.25,3
2015-02-11,30.0,-82.9,22.700000000000003,2,19.48,2
2015-02-11,30.1,-83.2,19.5,1,3.34,1
2015-02-11,30.1,-83.0,23.5,2,81.0,3
2015-02-11,30.15,-82.05,6.7,2,12.89,2
2015-02-11,30.15,-81.45,11.0,1,20.29,1
2015-02-11,30.3,-82.6,18.2,1,60.41,9
2015-02-11,30.35,-85.9,54.199999999999996,2,39.03,3
2015-02-11,30.4,-83.25,10.1,1,13.1,1
2015-02-11,30.45,-85.0,11.7,2,7.64,2
2015-02-11,30.45,-83.1,7.0,1,2.63,1
2015-02-11,30.45,-82.4,25.2,2,60.84,2
2015-02-11,30.5,-83.7,10.8,2,8.76,1
2015-02-11,30.55,-83.35,7.1,1,5.84,1
2015-02-11,30.6,-84.4,3.7,1,3.28,1
2015-02-11,30.75,-85.0,14.9,2,19.169999999999998,3
2015-02-12,26.05,-81.8,18.5,1,8.58,3
2015-02-12,26.4,-81.75,14.8,1,3.44,2
2015-02-12,26.5,-80.7,32.8,1,14.05,1
2015-02-12,26.6,-81.6,40.7,1,50.92,4
2015-02-12,26.6,-81.55,17.4,1,44.269999999999996,3
2015-02-12,26.7,-81.4,24.5,1,9.12,1
2015-02-12,26.7,-80.5,324.7,2,7.57,2
2015-02-12,26.85,-81.9,65.7,3,5.83,2
2015-02-12,26.85,-81.65,4.7,1,10.56,1
2015-02-12,27.0,-81.75,12.6,1,34.44,4
2015-02-12,27.1,-81.75,5.3,1,21.22,3
2015-02-12,27.4,-82.4,3.0,1,3.52,2
2015-02-12,28.3,-81.15,8.6,1,34.87,3
2015-02-12,28.45,-81.65,7.7,1,3.41,1
2015-02-12,28.65,-82.55,25.7,2,17.47,4
2015-02-12,29.35,-81.5,4.4,1,3.19,1
2015-02-12,29.95,-82.0,5.4,1,11.75,2
2015-02-12,30.0,-85.0,26.7,1,66.58,11
2015-02-12,30.0,-84.6,87.19999999999999,2,5.54,1
2015-02-12,30.0,-82.9,13.0,2,21.28,3
2015-02-12,30.05,-83.3,80.80000000000001,2,63.08,7
2015-02-12,30.25,-81.95,4.3,1,4.77,1
2015-02-12,30.3,-85.15,18.0,1,17.26,2
2015-02-12,30.3,-85.1,21.8,1,33.63,4
2015-02-12,30.35,-85.1,19.2,1,37.97,3
2015-02-12,30.4,-83.4,107.4,3,140.64,10
2015-02-12,30.4,-83.35,11.4,1,4.35,1
2015-02-12,30.45,-86.05,272.9,2,121.69999999999999,6
2015-02-12,30.45,-83.15,14.5,1,8.620000000000001,3
2015-02-12,30.45,-83.1,8.1,1,3.52,1
2015-02-12,30.5,-87.1,278.0,4,367.04,30
2015-02-12,30.5,-85.95,36.4,2,3.14,1
2015-02-12,30.5,-83.75,5.5,1,3.7,2
2015-02-12,30.55,-84.35,42.099999999999994,3,27.71,5
2015-02-12,30.6,-86.95,158.8,4,37.07,4
2015-02-12,30.6,-86.9,181.7,2,170.20000000000002,10
2015-02-12,30.75,-86.8,89.7,1,31.009999999999998,3
2015-02-12,30.75,-86.75,103.0,2,24.46,3
2015-02-12,30.8,-85.2,20.1,1,24.28,6
2015-02-12,30.85,-87.0,164.0,5,104.51,10
2015-02-12,30.9,-86.85,1316.5,12,499.25,32
2015-02-12,30.9,-85.9,5.6,1,41.82,7
2015-02-12,30.95,-86.85,32.3,1,4.91,1
2015-02-12,30.95,-85.5,7.2,1,2.01,1
2015-02-13,25.85,-80.5,39.400000000000006,2,59.33,6
2015-02-13,26.0,-81.6,419.2,3,325.98,7
2015-02-13,26.0,-81.55,480.6,3,628.13,12
2015-02-13,26.45,-81.3,16.9,2,12.61,2
2015-02-13,26.6,-81.55,13.3,1,17.07,2
2015-02-13,26.85,-81.65,10.0,1,77.36,14
2015-02-13,26.95,-81.65,16.4,2,3.37,1
2015-02-13,27.2,-80.55,144.9,2,136.77,7
2015-02-13,27.4,-81.2,7.4,1,3.63,1
2015-02-13,27.7,-81.8,22.1,1,54.349999999999994,7
2015-02-13,27.85,-80.6,90.7,3,31.919999999999998,4
2015-02-13,28.3,-81.95,6.8,1,33.87,4
2015-02-13,28.7,-81.55,100.30000000000001,2,12.28,1
2015-02-13,28.7,-81.5,13.1,1,10.81,1
2015-02-13,29.15,-81.95,73.4,2,55.42,6
2015-02-13,29.35,-81.6,5.3,1,4.78,1
2015-02-13,29.55,-83.0,19.8,1,3.21,1
2015-02-13,29.6,-83.4,34.6,2,40.28,4
2015-02-13,29.7,-81.85,74.7,2,130.57,8
2015-02-13,29.7,-81.3,13.0,1,5.61,1
2015-02-13,29.75,-82.75,106.5,2,67.6,6
2015-02-13,29.95,-82.0,20.6,2,3.55,1
2015-02-13,30.0,-85.3,12.8,1,7.92,1
2015-02-13,30.1,-84.2,27.5,1,83.39,5
2015-02-13,30.15,-85.25,233.2,5,239.79000000000002,6
2015-02-13,30.15,-83.2,12.9,1,2.68,1
2015-02-13,30.35,-85.15,77.0,4,5.1,1
2015-02-13,30.35,-84.3,173.4,4,90.0,15
2015-02-13,30.45,-82.4,63.5,1,380.6,8
2015-02-13,30.5,-86.0,69.2,2,54.66,4
2015-02-13,30.5,-82.4,14.5,1,14.6,1
2015-02-13,30.5,-82.35,39.7,2,13.82,3
2015-02-13,30.55,-84.4,31.5,3,3.15,1
2015-02-13,30.6,-86.3,357.5,5,163.47,17
2015-02-13,30.6,-86.25,96.5,2,47.010000000000005,6
2015-02-13,30.65,-85.45,60.4,3,12.0,1
2015-02-13,30.7,-86.0,12.7,1,6.81,1
2015-02-13,30.75,-85.0,22.4,2,25.14,4
2015-02-13,30.95,-86.8,300.7,5,5.98,1
2015-02-13,30.95,-85.7,26.3,1,7.24,1
2015-02-13,30.95,-85.4,81.3,4,20.02,2
2015-02-14,26.7,-81.4,24.299999999999997,2,12.84,2
2015-02-14,29.75,-81.9,109.2,2,76.5,13
2015-02-14,29.9,-82.75,12.9,1,14.6,2
2015-02-14,29.95,-82.35,41.3,2,14.62,1
2015-02-14,30.1,-85.25,9.8,1,12.17,1
2015-02-14,30.15,-83.3,19.6,2,3.7,1
2015-02-14,30.25,-85.95,20.6,2,12.28,3
2015-02-14,30.25,-83.9,40.1,1,26.4,3
2015-02-14,30.35,-83.0,12.3,1,7.31,1
2015-02-14,30.45,-85.95,93.1,3,43.559999999999995,3
2015-02-14,30.5,-85.3,223.1,4,131.01,3
2015-02-14,30.55,-86.4,95.69999999999999,3,26.63,7
2015-02-14,30.6,-84.35,33.0,2,44.53,4
2015-02-14,30.75,-87.25,34.0,3,23.45,5
2015-02-14,30.8,-86.15,25.1,1,10.56,1
2015-02-14,30.95,-85.95,30.6,2,49.96,2
2015-02-15,26.95,-81.85,112.8,3,9.26,2
2015-02-15,29.75,-81.85,11.7,1,191.91,4
2015-02-15,30.15,-85.25,432.7,5,133.59,7
2015-02-15,30.15,-82.3,29.400000000000002,2,5.08,2
2015-02-15,30.2,-83.05,31.7,2,4.56,1
2015-02-15,30.7,-87.15,7.8,1,7.54,1
2015-02-16,26.55,-81.35,9.3,1,7.17,2
2015-02-16,27.0,-81.75,20.0,1,36.16,3
2015-02-16,27.65,-81.3,78.2,2,10.57,2
2015-02-16,29.8,-84.85,444.2,4,50.23,5
2015-02-18,26.6,-80.9,18.5,2,179.34,10
2015-02-18,26.8,-81.1,7.5,1,50.190000000000005,2
2015-02-18,28.8,-82.05,18.2,1,8.46,2
2015-02-19,30.4,-86.05,43.2,1,46.76,2
2015-02-19,30.6,-86.5,109.69999999999999,2,112.66,4
2015-02-19,30.85,-86.25,60.2,2,19.21,1
2015-02-20,26.0,-80.8,540.0,4,406.5,7
2015-02-20,26.05,-80.8,89.6,3,167.68,6
2015-02-20,26.65,-81.5,7.3,1,6.64,2
2015-02-20,27.4,-82.4,3.4,1,2.4,1
2015-02-20,27.45,-81.15,28.4,2,49.38,3
2015-02-20,27.55,-80.9,19.8,1,13.88,2
2015-02-20,27.6,-81.2,380.20000000000005,4,301.32,14
2015-02-20,27.65,-82.05,6.0,1,2.83,1
2015-02-20,27.7,-82.05,8.8,2,3.66,1
2015-02-20,27.75,-81.55,7.6,1,3.57,1
2015-02-20,28.55,-82.6,6.8,1,15.830000000000002,2
2015-02-20,28.55,-82.3,45.7,3,28.89,5
2015-02-20,28.95,-82.35,6.6,1,22.06,3
2015-02-20,29.0,-82.4,12.3,1,29.08,6
2015-02-20,29.25,-81.35,5.5,1,15.36,1
2015-02-20,29.3,-82.35,17.5,2,9.190000000000001,2
2015-02-20,29.45,-81.65,4.3,1,3.83,1
2015-02-20,29.75,-82.75,10.0,1,20.1,2
2015-02-20,29.8,-82.45,11.8,2,5.36,1
2015-02-20,29.9,-81.95,4.4,1,7.51,1
2015-02-20,29.95,-82.7,4.1,1,6.14,1
2015-02-20,30.0,-84.65,8.2,1,14.4,3
2015-02-20,30.0,-82.9,26.1,2,22.41,2
2015-02-20,30.05,-83.0,200.4,3,11.120000000000001,2
2015-02-20,30.3,-83.1,6.6,1,4.06,1
2015-02-20,30.4,-86.05,57.7,1,27.45,3
2015-02-20,30.4,-86.0,212.2,2,25.92,4
2015-02-20,30.45,-86.0,25.3,1,52.739999999999995,3
2015-02-20,30.45,-82.4,10.1,1,29.16,7
2015-02-20,30.45,-82.35,97.6,3,20.08,3
2015-02-20,30.5,-85.7,12.6,1,11.43,3
2015-02-20,30.5,-82.75,11.6,1,9.29,1
2015-02-20,30.5,-82.35,84.3,2,3.18,1
2015-02-20,30.55,-86.65,31.7,2,1.65,1
2015-02-20,30.6,-83.35,11.5,1,8.05,2
2015-02-20,30.65,-84.15,11.6,1,11.1,2
2015-02-20,30.7,-87.25,9.3,1,9.370000000000001,3
2015-02-20,30.7,-86.55,10.1,1,4.35,1
2015-02-20,30.7,-86.5,53.4,2,7.58,1
2015-02-20,30.75,-85.0,16.799999999999997,2,4.16,1
2015-02-20,30.8,-86.7,7.0,1,3.12,1
2015-02-20,30.8,-85.2,30.3,2,34.629999999999995,5
2015-02-20,30.85,-86.95,25.7,1,13.12,1
2015-02-20,30.85,-86.9,26.2,1,28.57,2
2015-02-20,30.9,-86.95,122.3,1,2.0,1
2015-02-20,30.9,-86.9,172.8,2,35.370000000000005,3
2015-02-21,26.8,-81.65,6.1,1,2.57,1
2015-02-21,29.3,-82.35,10.9,1,7.62,2
2015-02-21,29.65,-82.0,40.6,1,193.38,7
2015-02-21,30.15,-83.2,7.7,1,0.59,1
2015-02-21,30.25,-82.8,13.7,1,28.32,4
2015-02-21,30.4,-83.3,6.7,1,2.96,1
2015-02-22,29.65,-82.05,14.8,1,5.91,1
2015-02-22,29.65,-81.95,98.2,1,4.53,1
2015-02-23,25.9,-81.35,28.700000000000003,2,2.67,1
2015-02-23,26.05,-81.8,16.9,2,6.74,2
2015-02-23,27.35,-82.3,18.6,1,12.26,2
2015-02-23,27.55,-81.15,54.8,1,387.87,4
2015-02-23,27.6,-81.2,131.6,1,28.5,4
2015-02-23,27.6,-81.15,170.2,1,96.63,3
2015-02-23,27.85,-81.15,53.1,1,39.32,5
2015-02-24,26.0,-81.5,29.2,1,7.29,1
2015-02-24,26.25,-80.95,73.0,2,88.5,8
2015-02-24,27.65,-80.6,121.7,1,29.14,2
2015-02-24,27.7,-80.6,106.4,1,42.39,3
2015-02-25,26.0,-81.55,13.0,1,16.38,2
2015-02-25,26.2,-81.65,11.9,1,14.25,1
2015-02-25,26.8,-81.6,30.0,2,26.66,3
2015-03-02,29.95,-82.3,76.3,2,7.99,1
2015-03-02,30.4,-83.4,12.5,1,7.13,1
2015-03-03,26.45,-81.3,114.4,3,36.57,4
2015-03-03,27.25,-81.95,83.2,3,87.71000000000001,7
2015-03-03,28.45,-81.7,16.8,1,24.76,1
2015-03-03,28.5,-82.3,117.3,2,88.28,4
2015-03-03,28.65,-82.6,25.4,1,3.13,1
2015-03-03,29.95,-84.8,15.6,1,8.290000000000001,2
2015-03-03,30.15,-84.9,60.9,3,8.47,2
2015-03-03,30.35,-83.9,87.1,2,32.0,3
2015-03-04,25.95,-81.2,9.8,1,40.51,6
2015-03-04,26.0,-81.25,24.8,1,6.61,1
2015-03-04,26.8,-81.6,20.1,1,14.54,3
2015-03-04,26.95,-82.3,48.6,3,33.97,2
2015-03-04,27.3,-81.95,70.4,2,16.919999999999998,3
2015-03-04,27.55,-81.3,36.1,1,10.34,4
2015-03-04,27.55,-81.25,40.9,1,16.71,3
2015-03-04,28.6,-82.35,9.9,1,10.03,1
2015-03-04,28.7,-82.45,181.5,4,46.980000000000004,5
2015-03-04,28.95,-82.3,51.8,2,19.82,2
2015-03-04,29.35,-83.15,13.4,1,72.99000000000001,5
2015-03-04,29.5,-81.75,98.1,1,100.1,6
2015-03-04,30.0,-83.9,7.1,1,7.68,2
2015-03-04,30.15,-84.8,67.1,3,139.84,12
2015-03-04,30.4,-83.4,90.3,4,58.19,3
2015-03-04,30.65,-84.7,16.5,1,47.8,4
2015-03-05,25.95,-81.2,55.6,2,32.98,3
2015-03-05,26.0,-81.2,14.5,1,38.379999999999995,8
2015-03-05,26.6,-81.0,67.0,2,56.56,1
2015-03-05,27.0,-81.55,669.8,2,114.65,5
2015-03-05,27.2,-80.75,23.7,1,22.52,2
2015-03-05,27.3,-81.9,79.0,2,18.84,3
2015-03-05,27.5,-81.3,376.3,2,99.0,3
2015-03-05,27.55,-81.3,50.4,1,74.85,1
2015-03-05,27.8,-81.15,148.1,3,114.22,5
2015-03-05,28.0,-81.0,137.2,3,7.140000000000001,2
2015-03-05,28.1,-81.05,56.3,1,77.45,3
2015-03-05,28.55,-82.4,21.4,1,6.06,1
2015-03-06,26.9,-81.45,30.6,2,82.36,3
2015-03-06,27.15,-81.15,9.6,1,18.92,4
2015-03-06,27.7,-81.35,13.0,1,25.71,3
2015-03-07,29.7,-82.6,16.4,2,9.42,2
2015-03-07,30.55,-86.25,279.2,3,137.18,12
2015-03-07,30.6,-86.3,369.20000000000005,2,133.57999999999998,13
2015-03-07,30.6,-86.25,259.1,1,50.660000000000004,5
2015-03-07,30.65,-87.4,78.0,3,24.54,3
2015-03-07,30.8,-86.4,51.8,4,4.13,1
2015-03-07,30.85,-86.25,146.8,2,3.25,1
2015-03-07,30.9,-87.05,28.6,2,25.770000000000003,2
2015-03-08,30.3,-83.85,6.0,1,11.16,2
2015-03-08,30.45,-83.2,5.9,1,5.75,2
2015-03-08,30.5,-84.85,165.29999999999998,5,44.519999999999996,6
2015-03-08,30.55,-86.65,61.900000000000006,3,16.28,4
2015-03-08,30.6,-83.55,13.5,1,6.16,1
2015-03-08,30.8,-87.0,62.5,2,72.0,8
2015-03-08,30.85,-86.55,36.3,2,17.65,2
2015-03-08,30.9,-86.25,102.4,3,20.380000000000003,6
2015-03-08,30.9,-85.2,7.6,1,6.58,1
2015-03-08,30.95,-85.3,136.1,5,19.66,2
2015-03-08,30.95,-85.25,73.6,1,35.879999999999995,4
2015-03-09,26.8,-81.8,10.1,1,35.7,1
2015-03-09,27.55,-81.9,18.8,2,5.51,1
2015-03-09,29.5,-81.8,4.0,1,19.19,3
2015-03-09,30.0,-82.9,10.2,1,76.27000000000001,3
2015-03-09,30.3,-83.3,11.2,1,3.52,1
2015-03-09,30.6,-84.1,23.6,1,23.830000000000002,4
2015-03-09,30.65,-84.0,27.9,1,20.68,2
2015-03-10,26.7,-81.7,148.4,2,46.26,5
2015-03-10,26.75,-82.0,21.5,1,38.34,2
2015-03-10,26.8,-81.9,419.09999999999997,6,80.5,9
2015-03-10,27.0,-81.15,7.3,1,6.25,1
2015-03-10,27.45,-80.7,146.5,4,11.29,2
2015-03-10,28.25,-82.05,98.1,3,51.709999999999994,3
2015-03-10,28.25,-81.8,39.8,2,15.22,2
2015-03-10,29.35,-82.95,30.3,1,3.23,1
2015-03-10,29.55,-82.25,37.4,1,3.82,1
2015-03-10,29.9,-81.95,15.0,1,32.1,2
2015-03-10,29.95,-82.8,71.8,3,24.64,2
2015-03-10,29.95,-81.4,7.0,1,3.47,1
2015-03-10,30.15,-84.85,120.1,2,177.79999999999998,8
2015-03-10,30.3,-82.7,40.6,1,86.5,2
2015-03-10,30.4,-83.4,217.3,4,9.09,1
2015-03-10,30.55,-84.1,40.8,2,9.03,1
2015-03-10,30.6,-86.5,258.5,3,227.32,11
2015-03-10,30.6,-84.4,25.8,1,12.07,2
2015-03-10,30.6,-84.35,24.8,1,20.5,2
2015-03-10,30.6,-84.1,13.5,1,6.65,1
2015-03-11,26.8,-81.35,40.3,2,11.2,1
2015-03-11,26.85,-81.5,274.90000000000003,2,31.009999999999998,2
2015-03-11,26.85,-81.45,671.0999999999999,3,62.86,2
2015-03-11,27.35,-81.2,19.8,1,4.22,2
2015-03-11,30.1,-84.85,71.2,2,96.88,10
2015-03-11,30.15,-85.55,177.7,4,13.34,3
2015-03-11,30.15,-84.85,166.4,3,105.57000000000001,10
2015-03-12,26.8,-81.8,347.8,5,204.15,7
2015-03-12,27.1,-81.2,720.0,5,156.66,8
2015-03-12,27.1,-81.1,18.8,1,13.55,2
2015-03-12,27.55,-81.15,48.0,2,157.09,9
2015-03-12,27.65,-81.7,13.7,1,3.88,1
2015-03-12,27.95,-81.5,45.9,2,2.67,1
2015-03-12,28.1,-81.0,285.4,4,62.28,5
2015-03-13,27.55,-81.3,14.7,1,16.57,3
2015-03-13,28.7,-82.4,157.4,5,58.269999999999996,3
2015-03-14,29.2,-81.95,40.7,2,4.15,1
2015-03-15,27.65,-80.5,28.299999999999997,2,17.2,2
2015-03-15,27.7,-81.35,25.599999999999998,2,45.91,5
2015-03-15,27.75,-81.8,9.4,1,24.03,2
2015-03-15,30.25,-84.25,18.6,1,2.16,1
2015-03-15,30.7,-86.35,46.8,2,296.55,11
2015-03-15,30.7,-86.3,34.8,2,159.68,6
2015-03-16,27.4,-81.65,9.4,1,13.19,1
2015-03-16,27.45,-80.55,5.3,1,10.48,2
2015-03-16,27.65,-81.25,62.7,2,20.240000000000002,2
2015-03-16,27.7,-81.15,7.6,1,11.47,1
2015-03-16,27.7,-81.1,24.7,2,5.78,1
2015-03-16,28.55,-80.9,76.4,2,26.400000000000002,3
2015-03-16,29.55,-82.9,6.3,1,6.96,2
2015-03-16,29.7,-82.75,19.4,2,3.37,1
2015-03-16,29.95,-82.7,11.9,1,3.21,1
2015-03-16,30.0,-82.85,17.3,1,60.25,4
2015-03-16,30.35,-83.9,8.7,2,16.26,3
2015-03-16,30.4,-83.4,12.0,1,7.3,1
2015-03-16,30.5,-84.2,32.9,3,5.85,1
2015-03-16,30.55,-84.15,17.6,1,6.03,1
2015-03-16,30.55,-84.05,156.6,4,309.88,42
2015-03-16,30.55,-83.3,11.2,1,3.55,1
2015-03-16,30.6,-84.65,74.9,3,44.22,5
2015-03-16,30.6,-84.6,9.5,1,2.87,1
2015-03-16,30.6,-84.1,80.8,3,55.59,9
2015-03-16,30.6,-83.25,12.6,2,3.93,1
2015-03-16,30.65,-84.5,16.0,1,3.15,1
2015-03-16,30.65,-83.7,5.7,1,6.52,2
2015-03-16,30.75,-85.0,8.2,1,11.8,2
2015-03-16,30.8,-85.2,239.2,2,83.84,4
2015-03-16,30.95,-86.15,6.5,1,2.61,1
2015-03-16,30.95,-85.15,12.8,1,7.26,4
2015-03-17,26.3,-81.75,10.0,1,23.12,3
2015-03-17,26.8,-81.95,224.20000000000002,2,6.13,2
2015-03-17,26.8,-81.8,35.2,1,62.9,5
2015-03-17,26.85,-82.0,399.3,4,48.8,5
2015-03-17,26.85,-81.95,31.7,2,39.05,3
2015-03-17,26.9,-81.8,20.8,1,11.18,2
2015-03-17,27.3,-82.0,212.29999999999998,5,9.45,2
2015-03-17,27.35,-81.65,6.3,1,9.83,1
2015-03-17,27.8,-82.2,14.2,1,50.67,6
2015-03-17,27.8,-81.2,293.2,4,32.51,3
2015-03-17,27.8,-81.15,287.5,2,27.150000000000002,2
2015-03-17,27.95,-81.5,11.6,1,20.48,3
2015-03-17,28.0,-80.95,35.9,2,31.729999999999997,5
2015-03-17,28.1,-81.25,16.4,1,7.86,1
2015-03-17,28.25,-81.15,107.0,4,26.83,5
2015-03-17,28.5,-81.0,8.1,1,5.54,1
2015-03-17,28.65,-81.05,47.3,3,27.580000000000002,4
2015-03-17,29.65,-83.4,18.5,1,10.98,3
2015-03-17,29.9,-82.15,11.3,1,18.08,3
2015-03-17,29.95,-84.95,300.9,7,150.91,6
2015-03-17,30.0,-83.65,10.7,1,15.530000000000001,2
2015-03-17,30.0,-83.6,9.2,1,9.86,1
2015-03-17,30.0,-81.6,16.1,1,20.64,4
2015-03-17,30.05,-84.65,586.3000000000001,2,258.37,19
2015-03-17,30.1,-84.65,528.6,7,193.42,19
2015-03-17,30.2,-84.05,363.2,5,42.21,11
2015-03-17,30.25,-85.95,146.1,3,4.83,1
2015-03-17,30.3,-82.7,31.0,2,19.2,4
2015-03-17,30.35,-83.95,283.7,4,27.78,1
2015-03-17,30.35,-83.85,20.0,2,7.88,2
2015-03-17,30.4,-84.85,141.6,5,60.17,5
2015-03-17,30.4,-83.95,69.9,2,57.03,2
2015-03-17,30.4,-83.4,242.7,2,12.38,3
2015-03-17,30.5,-84.15,21.1,1,1.38,1
2015-03-17,30.5,-84.0,11.4,1,18.48,4
2015-03-17,30.55,-84.1,29.9,1,17.22,3
2015-03-17,30.55,-84.05,120.7,4,143.51,23
2015-03-17,30.55,-84.0,42.4,1,11.8,2
2015-03-17,30.55,-83.3,59.3,3,5.41,1
2015-03-17,30.6,-84.95,88.1,3,26.48,4
2015-03-17,30.6,-84.7,22.8,1,9.8,2
2015-03-17,30.6,-84.65,47.5,3,27.71,2
2015-03-17,30.6,-84.35,47.4,3,13.58,3
2015-03-17,30.6,-84.05,14.0,1,3.62,1
2015-03-17,30.6,-83.8,33.599999999999994,2,47.62,6
2015-03-17,30.6,-83.7,14.0,2,11.17,3
2015-03-17,30.65,-85.85,48.2,3,20.84,2
2015-03-17,30.65,-84.2,15.0,1,18.18,3
2015-03-17,30.75,-85.0,102.0,4,25.34,2
2015-03-17,30.85,-86.7,88.30000000000001,3,6.58,1
2015-03-17,30.9,-85.1,112.80000000000001,4,39.7,4
2015-03-18,26.4,-81.0,7.5,1,15.73,1
2015-03-18,26.85,-81.45,258.3,4,16.34,2
2015-03-18,27.1,-80.25,5.8,1,13.05,2
2015-03-18,27.75,-80.95,25.4,2,69.65,3
2015-03-18,27.8,-82.2,47.7,3,39.41,5
2015-03-18,28.0,-81.0,51.800000000000004,3,69.84,4
2015-03-18,28.45,-80.9,8.7,1,5.68,1
2015-03-18,28.5,-81.0,37.5,2,23.22,2
2015-03-18,28.6,-80.9,260.1,4,19.52,2
2015-03-18,29.8,-85.0,252.2,3,328.28,21
2015-03-18,30.0,-82.85,170.5,4,17.16,3
2015-03-18,30.0,-82.8,32.7,2,14.239999999999998,2
2015-03-18,30.55,-83.45,41.1,1,10.780000000000001,2
2015-03-18,30.55,-83.4,45.5,1,10.33,2
2015-03-18,30.6,-84.05,11.8,1,6.81,1
2015-03-18,30.65,-84.05,24.2,1,9.76,1
2015-03-19,27.3,-82.0,187.79999999999998,4,27.96,4
2015-03-19,27.45,-82.35,66.3,1,18.79,3
2015-03-19,30.4,-84.85,73.9,3,32.48,7
2015-03-20,27.1,-81.2,26.0,2,16.29,3
2015-03-20,27.15,-82.5,69.7,3,215.56,6
2015-03-20,27.6,-80.65,19.1,1,6.42,1
2015-03-20,27.8,-81.15,33.5,2,21.900000000000002,5
2015-03-20,28.75,-81.55,20.3,1,7.62,1
2015-03-20,28.8,-82.5,23.9,1,212.89999999999998,10
2015-03-20,28.9,-82.25,16.4,1,6.12,1
2015-03-20,29.6,-83.1,24.7,1,13.83,1
2015-03-20,29.65,-82.95,84.6,3,70.94999999999999,3
2015-03-20,29.8,-82.9,47.900000000000006,2,8.2,1
2015-03-20,30.0,-82.85,139.9,3,66.1,8
2015-03-20,30.25,-85.95,18.5,1,4.45,1
2015-03-20,30.5,-86.15,24.2,1,6.67,1
2015-03-20,30.6,-83.8,11.7,1,15.83,1
2015-03-20,30.65,-84.2,10.6,1,6.85,1
2015-03-21,30.9,-86.8,24.0,1,9.08,1
2015-03-21,30.9,-86.75,25.4,2,34.24,3
2015-03-24,26.75,-81.45,7.4,1,6.72,1
2015-03-24,30.7,-86.65,17.4,1,6.65,1
2015-03-24,30.9,-86.75,68.69999999999999,2,4.16,1
2015-03-25,26.3,-81.75,8.6,1,3.93,1
2015-03-25,26.35,-81.0,7.1,1,30.11,3
2015-03-25,26.75,-81.45,7.5,1,4.26,1
2015-03-25,26.8,-80.4,131.10000000000002,2,102.66,12
2015-03-25,27.7,-81.0,50.4,1,3.3,1
2015-03-25,29.75,-81.35,7.2,1,4.3,1
2015-03-25,29.95,-82.85,89.19999999999999,3,44.04,4
2015-03-25,30.05,-83.05,10.3,1,6.48,1
2015-03-25,30.3,-83.3,12.1,1,8.79,1
2015-03-25,30.4,-83.4,15.0,1,9.58,2
2015-03-25,30.6,-86.7,91.8,3,357.59,18
2015-03-26,27.1,-82.35,67.3,2,14.8,2
2015-03-26,27.1,-80.45,27.4,1,22.810000000000002,3
2015-03-27,30.55,-86.45,5.7,1,5.49,2
2015-03-28,28.55,-81.85,20.6,2,10.2,3
2015-03-28,30.8,-86.3,4.3,1,3.08,1
2015-03-29,26.05,-81.8,49.8,2,9.21,1
2015-03-29,27.7,-81.3,309.6,6,206.76,15
2015-03-29,30.45,-83.6,10.2,2,3.05,1
2015-03-29,30.6,-84.05,6.2,1,12.25,2
2015-03-29,30.6,-84.0,21.6,1,45.5,11
2015-03-29,30.6,-83.75,16.7,2,11.18,2
2015-03-29,30.65,-84.2,5.9,1,22.95,6
2015-03-29,30.85,-85.2,9.5,1,14.73,1
2015-03-30,26.3,-81.75,13.1,1,4.65,1
2015-03-30,26.9,-81.9,198.5,5,2.58,1
2015-03-30,26.9,-81.85,47.5,1,43.79,8
2015-03-30,27.2,-80.55,120.1,4,15.96,2
2015-03-30,27.45,-81.15,19.6,1,19.15,5
2015-03-30,27.65,-81.25,13.0,1,21.810000000000002,3
2015-03-30,28.05,-81.05,51.7,1,50.55,4
2015-03-30,28.1,-81.25,11.7,1,22.39,4
2015-03-30,28.45,-80.6,6.9,1,36.07,3
2015-03-30,28.8,-82.5,396.5,4,15.04,3
2015-03-30,29.5,-82.65,33.1,2,39.69,2
2015-03-30,29.5,-81.75,49.5,2,8.74,2
2015-03-30,29.65,-82.75,7.7,1,3.9,1
2015-03-30,29.65,-81.3,19.6,1,3.86,1
2015-03-30,29.7,-83.1,54.8,2,16.47,4
2015-03-30,30.0,-82.85,138.8,1,118.89,9
2015-03-30,30.15,-83.05,20.3,1,10.54,1
2015-03-30,30.4,-84.55,12.0,1,12.4,2
2015-03-30,30.4,-83.4,28.7,1,9.04,2
2015-03-30,30.6,-86.8,255.7,2,15.75,3
2015-03-31,27.95,-81.15,79.7,2,88.64,7
2015-03-31,28.35,-81.95,56.7,3,126.34,8
2015-03-31,28.55,-80.7,12.1,1,99.6,8
2015-03-31,28.7,-81.5,197.9,2,42.93,3
2015-03-31,29.7,-85.3,10.9,1,25.02,4
2015-03-31,30.4,-84.0,13.2,1,11.5,2
2015-03-31,30.4,-83.9,161.7,4,287.02,9
2015-03-31,30.45,-83.05,8.4,1,16.310000000000002,3
2015-03-31,30.45,-83.0,11.3,1,5.29,1
2015-03-31,30.6,-86.8,172.39999999999998,4,132.85,17
2015-03-31,30.6,-83.7,8.6,1,10.85,2
2015-03-31,30.9,-86.8,136.89999999999998,2,62.690000000000005,5
2015-04-01,26.3,-81.75,10.9,1,7.319999999999999,2
2015-04-01,26.4,-81.3,13.8,1,3.43,1
2015-04-01,27.35,-81.2,8.8,1,27.16,1
2015-04-01,27.65,-82.45,37.900000000000006,2,13.97,3
2015-04-01,27.75,-82.3,193.6,3,11.82,2
2015-04-01,27.8,-80.9,14.2,1,9.89,1
2015-04-01,28.0,-81.0,25.2,1,32.69,4
2015-04-01,28.1,-81.05,95.2,3,116.98,5
2015-04-01,29.95,-82.0,45.7,1,53.68,4
2015-04-01,30.35,-83.3,24.7,1,2.83,1
2015-04-01,30.55,-84.15,6.8,1,51.7,8
2015-04-01,30.55,-83.95,35.8,1,9.68,2
2015-04-01,30.6,-84.1,8.2,1,9.879999999999999,2
2015-04-01,30.6,-84.0,7.6,1,24.93,2
2015-04-01,30.6,-83.95,12.1,1,16.77,4
2015-04-01,30.6,-83.25,5.8,1,8.2,3
2015-04-01,30.8,-85.95,192.5,2,187.71,4
2015-04-01,30.9,-86.2,160.1,5,113.17,9
2015-04-02,26.9,-81.8,112.8,4,11.620000000000001,2
2015-04-02,27.0,-81.85,16.6,1,34.03,2
2015-04-02,27.45,-81.15,33.4,1,44.32,2
2015-04-02,27.5,-81.15,34.0,2,135.43,9
2015-04-02,27.55,-81.15,77.6,3,33.959999999999994,6
2015-04-02,29.85,-85.05,24.8,1,41.44,2
2015-04-03,26.3,-81.75,9.9,1,3.99,1
2015-04-03,30.0,-83.0,56.2,2,67.23,2
2015-04-03,30.15,-83.05,15.6,1,4.41,1
2015-04-03,30.5,-84.85,53.1,1,13.14,1
2015-04-03,30.55,-84.5,77.6,2,21.04,4
2015-04-03,30.55,-84.0,20.9,1,36.08,4
2015-04-03,30.6,-84.15,21.5,1,17.59,2
2015-04-03,30.6,-84.0,54.6,1,85.95,9
2015-04-03,30.65,-87.15,73.5,2,44.449999999999996,3
2015-04-03,30.65,-84.2,30.8,1,51.9,7
2015-04-05,30.45,-86.7,56.400000000000006,4,332.73,13
2015-04-06,27.15,-82.3,322.8,3,213.28,9
2015-04-06,27.15,-82.05,10.2,1,12.72,1
2015-04-06,28.6,-82.3,66.9,1,44.92,4
2015-04-07,26.95,-80.15,42.1,1,7.14,1
2015-04-07,27.0,-80.15,11.6,1,322.15999999999997,6
2015-04-07,27.65,-81.0,38.7,2,35.39,5
2015-04-07,27.8,-81.15,74.8,4,3.18,1
2015-04-07,27.8,-80.95,14.6,2,9.86,2
2015-04-07,29.1,-81.05,100.6,3,9.61,1
2015-04-07,29.55,-83.4,92.6,3,33.06,3
2015-04-07,29.55,-83.35,7.2,1,52.32,2
2015-04-07,30.25,-85.75,144.2,4,43.510000000000005,4
2015-04-08,26.6,-81.8,21.1,2,6.12,1
2015-04-08,26.9,-81.8,201.5,5,14.99,2
2015-04-08,27.0,-80.15,111.3,2,113.94,8
2015-04-08,27.15,-81.7,33.3,1,152.72,6
2015-04-08,27.5,-81.0,12.0,1,7.49,1
2015-04-08,27.8,-80.95,31.3,2,32.8,2
2015-04-08,27.95,-81.15,55.8,2,41.34,2
2015-04-08,28.05,-81.4,8.3,1,7.67,1
2015-04-08,28.6,-82.3,17.7,1,5.41,1
2015-04-08,29.75,-84.9,5.9,1,55.42,5
2015-04-08,30.15,-83.05,21.5,2,6.39,1
2015-04-08,30.3,-86.0,16.1,2,2.54,1
2015-04-08,30.3,-83.3,10.0,1,10.67,2
2015-04-08,30.35,-86.0,102.8,2,5.57,1
2015-04-08,30.4,-84.75,99.7,2,12.580000000000002,4
2015-04-08,30.4,-84.0,8.0,1,5.42,1
2015-04-08,30.55,-83.95,62.9,2,25.42,5
2015-04-08,30.6,-84.05,18.2,2,18.84,3
2015-04-08,30.6,-83.7,10.5,1,11.36,2
2015-04-08,30.9,-85.05,47.8,3,12.23,1
2015-04-09,26.95,-80.35,117.69999999999999,2,61.28,7
2015-04-09,27.0,-80.15,55.1,1,51.07,3
2015-04-09,27.05,-81.65,41.0,2,16.84,1
2015-04-09,27.15,-82.3,89.0,3,401.12,9
2015-04-09,27.25,-81.15,12.3,1,49.199999999999996,3
2015-04-09,27.35,-81.7,19.3,1,16.46,1
2015-04-09,27.7,-82.45,36.6,1,88.28,8
2015-04-09,28.0,-81.15,170.5,4,148.01,7
2015-04-09,28.1,-82.2,25.7,1,14.4,2
2015-04-09,28.4,-81.0,80.10000000000001,3,67.0,3
2015-04-09,28.75,-82.4,15.2,1,5.36,1
2015-04-09,29.8,-82.05,203.9,3,55.64,5
2015-04-09,29.9,-81.5,7.4,1,3.11,1
2015-04-09,30.1,-82.85,45.8,3,52.32,2
2015-04-10,26.35,-81.25,11.1,1,36.24,5
2015-04-10,27.1,-82.3,30.4,1,3.09,1
2015-04-10,27.5,-81.2,51.9,2,24.16,4
2015-04-10,27.6,-81.35,9.7,1,3.93,1
2015-04-10,27.95,-81.1,134.8,4,390.21,17
2015-04-14,26.95,-80.4,15.3,1,4.79,1
2015-04-14,27.15,-82.35,292.40000000000003,2,195.98000000000002,5
2015-04-14,27.15,-82.3,22.2,1,37.730000000000004,3
2015-04-14,27.2,-81.1,13.4,1,20.21,2
2015-04-14,28.2,-82.6,73.3,2,102.52000000000001,4
2015-04-15,26.4,-81.65,34.1,1,15.98,2
2015-04-15,26.5,-80.3,188.3,3,11.74,2
2015-04-15,26.55,-80.3,86.5,1,56.33,9
2015-04-15,26.85,-81.35,271.59999999999997,6,14.7,3
2015-04-15,26.9,-82.3,229.0,1,55.7,2
2015-04-15,26.95,-82.3,265.7,4,191.83,10
2015-04-15,27.6,-82.1,18.5,1,4.55,2
2015-04-16,26.05,-81.7,7.0,1,2.4,1
2015-04-16,26.4,-80.3,20.4,1,29.21,5
2015-04-16,26.4,-80.25,57.3,3,207.66,17
2015-04-16,26.45,-80.25,22.3,1,55.78,11
2015-04-16,26.5,-81.0,32.5,2,53.16,2
2015-04-16,26.65,-80.95,14.9,2,17.76,3
2015-04-19,26.15,-81.6,112.9,2,48.589999999999996,5
2015-04-21,30.35,-86.0,15.8,1,9.57,3
2015-04-22,27.6,-82.1,12.9,1,4.43,1
2015-04-22,28.3,-82.1,36.7,1,57.87,5
2015-04-22,30.05,-82.65,11.3,1,3.48,1
2015-04-22,30.15,-83.05,8.1,1,12.28,1
2015-04-22,30.35,-84.1,14.0,1,7.87,1
2015-04-22,30.4,-83.4,12.8,1,6.49,1
2015-04-22,30.75,-87.5,47.599999999999994,2,6.47,1
2015-04-22,30.9,-86.95,64.2,4,8.53,2
2015-04-23,29.65,-82.8,134.4,2,15.26,2
2015-04-23,29.65,-82.75,207.79999999999998,3,448.19,19
2015-04-23,29.8,-81.95,10.7,1,48.72,7
2015-04-23,30.3,-83.95,33.0,2,15.07,2
2015-04-23,30.3,-82.75,83.19999999999999,3,26.91,2
2015-04-23,30.3,-82.1,25.200000000000003,2,21.22,2
2015-04-23,30.4,-84.0,8.2,1,3.84,1
2015-04-23,30.5,-84.85,22.7,1,12.66,4
2015-04-24,26.85,-81.45,249.0,3,38.73,3
2015-04-24,27.05,-80.7,20.7,1,1.89,1
2015-04-24,29.65,-82.8,8.7,1,5.97,1
2015-04-24,29.65,-82.75,29.8,2,5.97,1
2015-04-24,30.3,-84.5,226.9,6,58.010000000000005,7
2015-04-24,30.3,-82.75,6.8,1,4.7,1
2015-04-24,30.4,-84.05,28.3,2,4.9,1
2015-04-24,30.4,-84.0,7.0,1,5.720000000000001,3
2015-04-24,30.5,-84.85,21.0,1,4.68,1
2015-04-26,26.2,-80.85,16.0,2,23.91,4
2015-04-26,26.85,-81.3,172.1,1,52.05,4
2015-04-26,26.85,-81.25,64.5,1,16.75,1
2015-04-27,27.1,-80.45,37.5,2,20.4,3
2015-04-30,28.55,-81.05,18.9,1,12.03,1
2015-04-30,28.55,-80.9,57.8,2,77.84,8
2015-04-30,28.8,-82.45,39.5,2,30.04,3
2015-04-30,29.3,-82.6,21.9,1,31.55,5
2015-04-30,30.15,-81.95,51.800000000000004,2,27.64,4
2015-04-30,30.7,-86.5,10.7,1,17.08,3
2015-04-30,30.7,-85.5,58.2,4,45.980000000000004,4
2015-04-30,30.8,-86.85,113.8,2,3.51,1
2015-04-30,30.8,-86.8,87.6,2,55.419999999999995,3
2015-05-01,27.05,-80.45,92.2,2,8.97,1
2015-05-01,27.65,-81.35,61.7,3,3.1,1
2015-05-01,27.7,-81.45,258.1,1,284.96999999999997,11
2015-05-01,27.8,-81.0,107.8,3,77.31,6
2015-05-01,27.9,-81.15,279.5,4,6.84,1
2015-05-01,27.95,-81.4,15.7,1,7.08,1
2015-05-01,28.0,-80.95,451.9,5,4.9,1
2015-05-01,28.3,-81.75,17.3,1,5.84,1
2015-05-01,29.7,-85.3,16.200000000000003,2,47.75,2
2015-05-01,30.3,-84.7,53.900000000000006,2,5.61,1
2015-05-01,30.3,-84.65,365.2,10,123.72,10
2015-05-01,30.45,-84.55,11.8,1,52.46,2
2015-05-01,30.65,-84.2,7.0,1,14.74,9
2015-05-01,30.65,-84.15,5.2,1,3.05,2
2015-05-02,26.9,-81.65,9.6,1,26.599999999999998,3
2015-05-02,27.5,-81.45,78.2,2,214.9,2
2015-05-02,29.45,-81.85,489.29999999999995,5,176.46,3
2015-05-02,30.1,-83.95,9.0,1,18.09,3
2015-05-02,30.4,-86.85,24.8,1,207.73999999999998,10
2015-05-03,29.45,-81.85,192.3,4,40.28,4
2015-05-03,30.85,-86.9,9.2,1,94.34,8
2015-05-04,27.6,-81.3,76.7,1,37.01,5
2015-05-04,28.75,-82.4,242.5,2,9.71,1
2015-05-04,30.25,-85.5,83.10000000000001,3,15.81,2
2015-05-04,30.35,-84.5,267.0,4,74.64,6
2015-05-04,30.35,-84.45,325.4,4,61.53,6
2015-05-05,30.3,-85.75,17.3,1,5.72,1
2015-05-05,30.45,-85.55,23.5,1,9.13,1
2015-05-05,30.65,-84.15,77.9,2,2.33,2
2015-05-05,30.9,-87.0,332.5,2,21.349999999999998,3
2015-05-05,30.9,-86.95,28.1,1,17.22,3
2015-05-05,30.95,-87.0,650.9,5,81.28999999999999,5
2015-05-05,30.95,-86.95,125.19999999999999,2,165.74,3
2015-05-06,27.15,-82.25,70.8,2,128.09,4
2015-05-06,27.15,-82.0,70.2,2,18.29,3
2015-05-06,27.15,-81.4,34.3,1,23.67,2
2015-05-06,27.55,-81.3,116.1,3,16.91,3
2015-05-06,27.9,-81.15,26.9,1,32.19,3
2015-05-06,28.9,-82.35,108.0,1,4.82,1
2015-05-06,29.9,-84.6,14.7,1,58.31,8
2015-05-06,30.9,-86.95,162.9,3,39.71,2
2015-05-07,27.55,-81.3,306.8,3,16.57,3
2015-05-07,27.6,-81.3,205.7,5,35.21,5
2015-05-07,27.95,-81.15,13.6,1,9.26,2
2015-05-07,28.1,-81.05,139.5,6,47.18000000000001,3
2015-05-07,28.9,-82.35,20.3,1,20.92,1
2015-05-07,28.9,-82.3,40.0,2,35.4,3
2015-05-07,28.9,-82.25,24.2,1,21.91,1
2015-05-07,29.75,-83.6,14.3,1,15.72,1
2015-05-07,30.05,-82.55,11.9,1,5.61,1
2015-05-07,30.35,-82.9,10.5,1,21.41,2
2015-05-07,30.4,-83.35,265.1,4,51.04,1
2015-05-07,30.5,-82.8,9.6,1,5.08,2
2015-05-07,30.55,-84.5,7.0,1,17.14,2
2015-05-07,30.55,-84.2,10.4,1,5.06,1
2015-05-07,30.55,-83.45,19.3,1,5.56,2
2015-05-07,30.6,-83.85,14.6,1,27.06,4
2015-05-07,30.65,-84.25,11.5,1,9.08,1
2015-05-07,30.75,-86.85,148.6,2,110.02000000000001,5
2015-05-08,27.35,-81.35,25.7,1,103.4,8
2015-05-08,27.4,-81.6,210.2,4,23.14,4
2015-05-08,27.6,-81.3,201.1,2,57.36,1
2015-05-08,27.6,-81.25,136.1,2,211.64000000000001,3
2015-05-08,27.8,-80.6,98.30000000000001,2,6.54,1
2015-05-08,27.8,-80.55,59.5,1,8.42,1
2015-05-08,27.85,-80.6,158.39999999999998,2,21.5,2
2015-05-08,27.85,-80.55,141.1,2,36.25,5
2015-05-08,28.0,-80.95,505.5,6,16.41,2
2015-05-08,28.05,-80.95,222.6,2,11.87,1
2015-05-08,28.55,-80.9,86.0,2,63.22,2
2015-05-08,29.5,-82.6,8.9,1,16.09,2
2015-05-08,29.5,-81.6,127.2,1,17.0,2
2015-05-08,30.25,-82.8,44.3,1,11.81,1
2015-05-08,30.4,-83.4,14.0,1,3.96,1
2015-05-08,30.5,-83.9,15.5,1,21.45,1
2015-05-08,30.75,-86.85,45.6,2,14.420000000000002,2
2015-05-08,30.85,-86.4,85.0,2,25.2,3
2015-05-09,26.05,-81.15,17.0,2,85.19,8
2015-05-09,26.1,-81.65,307.20000000000005,3,441.02,4
2015-05-09,26.1,-81.6,161.6,1,281.53000000000003,2
2015-05-09,26.9,-80.6,209.10000000000002,5,26.869999999999997,2
2015-05-09,26.95,-80.6,273.3,4,69.99,10
2015-05-10,26.05,-81.15,149.0,5,181.82999999999998,16
2015-05-10,30.6,-86.25,125.8,3,37.19,6
2015-05-10,30.65,-86.3,125.6,2,35.55,6
2015-05-10,30.65,-86.25,60.7,3,23.689999999999998,4
2015-05-11,26.05,-81.15,221.4,5,233.54,14
2015-05-11,27.1,-80.45,33.5,3,29.770000000000003,4
2015-05-11,27.5,-81.3,264.7,3,62.519999999999996,2
2015-05-11,27.5,-81.05,9.9,1,20.46,4
2015-05-11,27.55,-81.3,48.6,1,44.29,3
2015-05-11,27.55,-81.05,167.9,4,219.06,9
2015-05-11,27.85,-81.35,31.3,2,28.0,4
2015-05-11,30.1,-82.85,418.5,6,28.76,1
2015-05-11,30.4,-84.1,24.3,2,5.38,1
2015-05-11,30.45,-85.0,225.0,2,57.69,4
2015-05-11,30.5,-83.9,9.0,1,7.85,1
2015-05-11,30.6,-83.75,33.0,2,45.08,4
2015-05-12,26.85,-80.45,7.2,1,12.84,3
2015-05-12,26.95,-80.2,129.0,1,6.44,2
2015-05-12,27.0,-80.2,57.2,1,95.73,8
2015-05-12,30.3,-82.5,207.6,4,6.46,1
2015-05-12,30.35,-82.5,78.30000000000001,3,6.86,1
2015-05-12,30.6,-83.75,208.29999999999998,6,6.09,4
2015-05-13,26.0,-81.15,124.4,3,20.169999999999998,6
2015-05-13,26.85,-80.4,16.6,1,38.21,4
2015-05-13,26.95,-80.2,16.2,1,29.66,5
2015-05-13,27.75,-81.05,30.9,2,16.03,1
2015-05-13,30.15,-83.05,17.2,1,12.43,2
2015-05-13,30.6,-83.75,6.3,1,5.61,3
2015-05-14,26.05,-81.15,40.199999999999996,2,23.73,6
2015-05-14,26.85,-80.4,203.3,5,80.11,11
2015-05-14,26.9,-81.15,58.0,2,51.269999999999996,6
2015-05-14,28.1,-81.15,72.3,2,28.39,2
2015-05-14,28.45,-80.95,42.7,1,5.1,2
2015-05-14,29.85,-81.95,25.1,1,15.07,2
2015-05-14,30.35,-82.5,342.0,3,2.67,1
2015-05-14,30.35,-82.45,205.89999999999998,2,5.37,1
2015-05-15,26.0,-81.15,65.2,3,73.12,15
2015-05-15,26.0,-81.1,29.5,1,13.07,1
2015-05-15,26.2,-81.15,74.5,2,6.300000000000001,5
2015-05-15,27.1,-81.65,969.7,8,8.78,1
2015-05-15,27.15,-82.3,322.1,3,18.37,2
2015-05-15,30.35,-82.5,85.8,1,9.35,1
2015-05-16,26.0,-81.15,27.6,3,11.34,6
2015-05-16,26.0,-81.1,50.9,2,13.469999999999999,5
2015-05-16,26.05,-81.1,104.6,5,9.93,5
2015-05-16,26.2,-81.15,12.0,2,9.26,4
2015-05-16,27.6,-81.7,16.1,1,11.87,2
2015-05-16,27.6,-81.25,52.1,2,13.11,2
2015-05-16,30.4,-86.75,56.699999999999996,2,45.41,10
2015-05-17,26.0,-81.15,127.5,5,64.32,17
2015-05-17,26.0,-81.1,13.5,2,161.93,22
2015-05-17,26.05,-81.1,6.4,1,76.96,14
2015-05-17,26.15,-81.15,31.2,1,7.74,5
2015-05-17,26.2,-81.15,5.0,1,14.55,13
2015-05-17,30.25,-85.95,101.1,4,46.82,6
2015-05-17,30.3,-85.95,229.6,3,297.61,12
2015-05-18,26.0,-81.2,33.2,2,9.729999999999999,5
2015-05-18,26.0,-81.15,26.2,3,20.75,7
2015-05-18,26.0,-81.1,280.6,6,46.17,11
2015-05-18,26.05,-81.1,5.3,1,6.05,4
2015-05-18,26.25,-81.35,8.7,1,7.0,1
2015-05-18,27.75,-81.05,99.89999999999999,2,74.65,4
2015-05-18,28.2,-80.8,21.2,1,39.08,3
2015-05-18,29.45,-83.2,21.2,1,8.67,1
2015-05-18,29.5,-83.2,110.0,2,135.24,4
2015-05-18,29.5,-83.05,16.9,1,14.05,1
2015-05-18,30.5,-83.9,10.3,1,17.58,2
2015-05-18,30.6,-83.75,11.4,1,9.8,2
2015-05-19,26.0,-81.15,488.5,8,606.83,31
2015-05-19,26.15,-81.15,16.5,1,5.54,1
2015-05-19,26.2,-81.15,33.2,1,33.02,8
2015-05-19,29.55,-82.85,18.6,1,3.62,1
2015-05-19,30.3,-83.3,16.1,1,2.47,1
2015-05-19,30.4,-83.4,17.0,1,11.899999999999999,2
2015-05-19,30.4,-83.35,13.3,1,2.36,1
2015-05-19,30.45,-86.0,25.3,1,20.619999999999997,3
2015-05-19,30.55,-84.9,47.3,1,43.7,6
2015-05-20,25.95,-81.2,64.1,1,2.61,3
2015-05-20,25.95,-81.15,21.6,1,223.79,17
2015-05-20,26.05,-81.1,9.1,1,11.219999999999999,2
2015-05-20,26.15,-81.15,20.5,1,4.96,5
2015-05-20,26.2,-81.15,9.8,1,14.18,6
2015-05-20,28.35,-82.5,11.8,1,9.09,2
2015-05-20,30.3,-85.75,103.7,3,31.43,2
2015-05-20,30.55,-84.05,10.4,1,6.87,2
2015-05-21,25.95,-81.15,212.10000000000002,2,95.67,14
2015-05-21,26.2,-81.15,48.400000000000006,2,37.589999999999996,4
2015-05-21,27.1,-82.4,65.9,2,3.6,1
2015-05-21,27.5,-82.3,56.5,1,60.099999999999994,4
2015-05-21,27.6,-82.55,11.4,1,32.14,4
2015-05-21,27.9,-81.15,8.5,1,32.91,3
2015-05-21,28.0,-81.0,40.7,1,291.81,12
2015-05-21,28.3,-81.75,9.1,1,17.92,2
2015-05-21,28.35,-81.5,80.80000000000001,2,34.11,3
2015-05-21,28.6,-82.6,17.4,1,15.86,1
2015-05-21,29.3,-82.6,62.199999999999996,2,24.21,2
2015-05-21,30.5,-84.9,20.1,1,12.25,3
2015-05-21,30.55,-83.2,6.9,1,13.219999999999999,2
2015-05-22,26.05,-81.05,6.3,1,2.96,1
2015-05-22,26.2,-81.15,32.2,3,48.410000000000004,9
2015-05-22,26.4,-80.45,87.5,1,7.859999999999999,6
2015-05-22,30.35,-83.9,104.6,3,140.22,8
2015-05-22,30.35,-81.9,18.2,1,36.29,3
2015-05-22,30.45,-85.0,119.8,3,8.62,2
2015-05-22,30.5,-82.8,14.1,1,36.28,8
2015-05-22,30.55,-83.45,16.4,1,9.25,2
2015-05-22,30.55,-83.3,56.7,1,25.76,4
2015-05-23,26.35,-80.5,144.29999999999998,4,64.7,8
2015-05-23,26.4,-80.5,242.1,5,124.52,13
2015-05-23,27.5,-82.25,93.2,3,14.83,4
2015-05-24,26.35,-80.55,5.1,1,6.27,1
2015-05-24,26.75,-82.05,332.8,2,21.18,3
2015-05-24,30.55,-86.9,49.5,1,183.49,16
2015-05-24,30.6,-86.85,53.7,1,74.52,6
2015-05-27,28.65,-80.9,8.2,1,67.89,3
2015-05-27,29.7,-82.85,13.4,1,7.09,1
2015-05-27,30.4,-81.8,25.0,1,5.97,1
2015-05-28,29.9,-82.0,309.9,8,10.11,1
2015-05-29,29.35,-83.05,115.9,2,8.56,1
2015-05-29,29.55,-82.9,39.1,1,34.55,3
2015-05-30,30.5,-86.7,93.4,1,201.7,11
2015-05-30,30.55,-86.7,233.0,5,128.71,11
2015-05-31,27.15,-82.05,26.1,1,24.84,2
2015-05-31,27.5,-81.35,8.7,1,7.539999999999999,3
2015-06-01,26.45,-80.2,15.7,1,8.8,1
2015-06-01,28.15,-82.25,41.2,1,43.82,2
2015-06-01,28.55,-82.5,494.4,2,2.17,2
2015-06-01,28.6,-82.5,100.2,1,1.58,1
2015-06-03,29.95,-84.75,134.29999999999998,3,28.66,6
2015-06-03,30.15,-83.05,14.5,1,6.57,1
2015-06-03,30.55,-84.05,27.1,2,21.55,2
2015-06-04,29.55,-82.9,8.6,1,1.61,1
2015-06-04,30.25,-83.2,13.5,1,8.15,2
2015-06-05,30.5,-84.9,29.2,1,63.2,6
2015-06-06,27.6,-81.05,16.1,1,88.05,10
2015-06-06,30.65,-86.3,78.9,2,40.660000000000004,8
2015-06-07,26.05,-80.7,8.2,1,62.43,5
2015-06-07,26.1,-80.7,34.5,1,0.45,2
2015-06-07,30.4,-83.15,41.3,2,62.69,4
2015-06-08,30.7,-86.5,10.7,1,9.82,1
2015-06-09,27.6,-81.8,33.4,1,33.75,2
2015-06-09,27.95,-82.25,11.4,1,2.2,1
2015-06-09,30.55,-84.05,6.6,1,4.9,2
2015-06-12,28.2,-82.05,83.0,2,102.71000000000001,5
2015-06-13,29.75,-81.85,13.0,2,0.37,1
2015-06-13,30.5,-84.9,39.9,1,11.54,2
2015-06-14,30.5,-86.65,1335.8,5,6.37,1
2015-06-14,30.5,-84.9,32.4,1,29.01,7
2015-06-15,26.95,-80.6,26.0,1,80.59,12
2015-06-15,26.95,-80.55,27.8,1,768.61,43
2015-06-15,27.85,-80.65,7.9,1,4.17,1
2015-06-15,28.6,-80.95,85.0,3,10.66,2
2015-06-15,29.7,-85.3,20.2,1,8.72,1
2015-06-15,30.4,-82.35,131.7,7,11.35,7
2015-06-16,27.2,-82.2,64.7,2,176.57,17
2015-06-16,27.6,-80.6,15.3,1,96.72,8
2015-06-16,27.9,-81.05,66.6,2,48.78,3
2015-06-16,27.95,-81.05,88.9,1,35.03,2
2015-06-16,27.95,-81.0,33.0,1,16.6,2
2015-06-16,28.0,-81.0,132.5,1,71.77,8
2015-06-16,30.5,-84.85,38.7,2,3.0,1
2015-06-16,30.5,-84.8,16.7,1,10.93,1
2015-06-17,26.75,-82.0,53.9,1,139.26,4
2015-06-17,27.65,-81.45,169.5,2,150.62,13
2015-06-17,27.8,-81.0,158.1,4,16.54,3
2015-06-17,27.9,-81.15,181.8,1,87.22,4
2015-06-17,27.9,-81.1,75.4,1,259.71999999999997,10
2015-06-17,28.0,-80.6,45.3,1,5.33,1
2015-06-17,28.55,-81.0,71.6,2,97.32,10
2015-06-17,29.65,-85.3,19.0,1,7.460000000000001,2
2015-06-17,29.7,-85.3,49.1,2,61.5,4
2015-06-17,30.2,-85.8,17.9,1,41.379999999999995,3
2015-06-17,30.25,-85.95,25.7,1,38.67,3
2015-06-18,28.55,-81.0,38.599999999999994,2,9.98,3
2015-06-18,30.25,-85.95,66.0,2,35.5,2
2015-06-18,30.3,-85.75,38.1,2,12.149999999999999,2
2015-06-19,29.2,-81.4,8.4,1,4.38,1
2015-06-19,30.0,-84.95,32.7,2,0.67,1
2015-06-19,30.4,-83.4,62.9,2,6.19,1
2015-06-20,28.6,-81.95,16.9,1,13.700000000000001,2
2015-06-22,26.55,-80.65,12.4,1,11.04,1
2015-06-22,26.75,-81.25,6.2,1,4.49,1
2015-06-22,27.65,-82.2,39.5,1,60.099999999999994,6
2015-06-23,27.0,-80.15,24.4,1,52.24,5
2015-06-23,28.2,-81.95,10.2,1,26.76,1
2015-06-23,28.6,-80.7,56.0,1,50.13,3
2015-06-24,26.4,-80.45,63.599999999999994,2,36.72,3
2015-06-24,27.9,-81.15,220.8,3,112.94,4
2015-06-24,28.2,-80.85,40.6,3,0.61,1
2015-06-25,26.75,-81.1,64.9,1,65.4,4
2015-06-25,27.0,-81.6,96.6,1,111.47,6
2015-06-25,27.5,-80.6,134.2,3,19.4,2
2015-06-25,30.4,-84.9,66.8,1,28.82,4
2015-06-26,27.5,-80.6,52.7,3,20.42,4
2015-06-27,26.75,-80.4,79.2,2,144.32,16
2015-06-27,27.5,-80.6,16.6,1,8.35,2
2015-06-28,26.75,-80.4,60.1,1,0.49,1
2015-06-30,27.45,-82.25,174.39999999999998,2,33.8,5
2015-06-30,27.5,-82.25,488.70000000000005,2,51.3,8
2015-06-30,27.65,-82.45,18.9,1,3.57,1
2015-06-30,27.65,-82.4,20.3,1,21.18,1
2015-06-30,27.65,-80.85,24.700000000000003,2,21.19,2
2015-06-30,27.7,-81.0,96.30000000000001,2,77.69999999999999,4
2015-06-30,27.8,-80.9,314.0,9,157.17,4
2015-06-30,30.85,-86.9,18.7,1,19.02,5
2015-06-30,30.85,-86.85,20.8,1,20.08,3
2015-07-01,26.45,-81.05,22.1,1,9.13,1
2015-07-01,27.7,-81.0,36.6,1,22.520000000000003,6
2015-07-01,27.95,-81.15,146.2,5,32.6,6
2015-07-01,27.95,-81.1,11.1,1,6.88,1
2015-07-02,26.35,-80.8,749.5,4,84.07,13
2015-07-02,27.6,-81.0,88.8,3,29.47,4
2015-07-02,27.95,-81.1,258.1,5,55.019999999999996,8
2015-07-02,27.95,-81.05,302.3,5,66.61,7
2015-07-02,28.45,-80.95,19.7,1,11.59,1
2015-07-03,26.3,-80.45,48.400000000000006,2,2.23,1
2015-07-03,26.35,-80.75,205.6,5,58.51,11
2015-07-03,26.4,-80.8,149.2,3,10.86,3
2015-07-03,30.5,-86.7,17.4,1,14.33,3
2015-07-04,26.35,-80.45,13.5,1,39.839999999999996,9
2015-07-05,26.0,-81.0,26.8,1,36.25,5
2015-07-05,26.35,-80.45,87.2,3,46.1,6
2015-07-05,26.35,-80.4,39.0,2,52.239999999999995,6
2015-07-07,26.45,-80.7,53.199999999999996,3,47.79,14
2015-07-07,30.1,-83.8,13.0,1,14.25,3
2015-07-07,30.15,-83.8,24.9,1,4.97,1
2015-07-08,26.45,-80.7,319.7,8,176.27,23
2015-07-08,27.0,-80.45,12.2,1,9.15,1
2015-07-08,27.0,-80.15,13.6,2,14.03,2
2015-07-08,27.05,-81.1,29.6,1,14.09,3
2015-07-08,27.2,-80.65,33.1,2,3.62,1
2015-07-08,28.05,-81.0,102.2,2,43.61,5
2015-07-08,30.5,-85.75,30.0,1,27.439999999999998,2
2015-07-09,26.35,-80.8,47.9,1,8.42,1
2015-07-09,26.45,-80.7,487.5,14,256.76,19
2015-07-09,26.6,-80.45,74.9,2,132.05,10
2015-07-09,26.95,-80.15,25.5,1,36.4,3
2015-07-09,27.2,-80.65,16.6,1,8.2,2
2015-07-09,27.35,-81.35,31.8,2,59.54,5
2015-07-09,27.5,-80.6,26.799999999999997,2,16.81,3
2015-07-09,27.6,-80.6,19.7,1,21.48,3
2015-07-09,27.65,-81.45,101.5,2,73.67999999999999,4
2015-07-09,27.8,-81.0,36.1,1,15.42,2
2015-07-09,27.8,-80.95,47.5,1,3.6,1
2015-07-09,28.3,-81.95,31.4,1,54.790000000000006,5
2015-07-09,30.1,-83.05,38.8,2,18.52,2
2015-07-10,26.45,-80.7,391.4,7,155.62,15
2015-07-10,26.55,-80.45,240.2,7,71.24000000000001,8
2015-07-10,26.6,-80.45,70.0,2,25.01,4
2015-07-11,25.55,-80.95,18.4,2,57.379999999999995,3
2015-07-11,25.55,-80.9,28.5,2,11.66,2
2015-07-11,26.45,-81.05,27.2,1,12.31,2
2015-07-11,26.45,-80.7,330.2,9,235.99,18
2015-07-11,26.45,-80.45,301.2,2,158.59,6
2015-07-11,26.5,-80.45,756.4000000000001,4,767.88,45
2015-07-11,26.55,-80.5,121.0,1,9.39,1
2015-07-11,26.55,-80.45,739.3,5,652.91,32
2015-07-11,30.25,-84.45,18.9,1,7.85,1
2015-07-11,30.3,-84.45,105.5,4,210.95,18
2015-07-12,25.95,-81.1,18.7,1,64.37,5
2015-07-12,26.0,-81.1,4.9,1,45.769999999999996,6
2015-07-12,26.45,-80.7,297.5,8,219.96,21
2015-07-12,26.45,-80.45,43.9,3,62.480000000000004,8
2015-07-12,26.5,-80.45,369.1,9,161.88,26
2015-07-13,26.45,-80.7,126.3,5,29.84,11
2015-07-13,26.95,-80.6,79.7,2,16.1,3
2015-07-13,27.65,-80.95,39.1,3,133.47,22
2015-07-13,30.45,-83.9,7.5,1,3.96,1
2015-07-14,26.45,-80.7,98.2,5,50.18,9
2015-07-14,26.5,-80.45,26.700000000000003,2,28.35,1
2015-07-14,26.5,-80.4,10.2,1,21.5,2
2015-07-14,27.5,-80.6,15.3,1,18.47,2
2015-07-15,26.45,-80.7,78.2,3,35.44,15
2015-07-15,27.0,-81.0,118.19999999999999,2,3.5599999999999996,3
2015-07-15,30.6,-86.6,30.1,1,17.13,3
2015-07-17,26.45,-80.7,31.2,3,56.34,14
2015-07-17,26.5,-80.25,8.9,1,23.4,2
2015-07-17,30.0,-84.45,25.0,1,9.56,2
2015-07-18,30.5,-86.85,197.89999999999998,2,14.19,2
2015-07-20,27.3,-80.7,27.7,2,10.08,2
2015-07-20,30.55,-83.5,27.2,2,3.33,1
2015-07-21,26.45,-80.7,14.8,1,5.1,5
2015-07-22,26.45,-80.7,10.1,1,17.7,5
2015-07-22,30.0,-84.7,312.20000000000005,2,9.44,2
2015-07-22,30.2,-82.05,19.5,2,9.9,2
2015-07-22,30.55,-83.7,6.2,1,6.84,2
2015-07-23,29.6,-82.7,10.4,1,7.94,1
2015-07-23,30.45,-83.75,7.5,1,2.89,1
2015-07-26,30.6,-86.3,637.5,8,106.58,7
2015-07-26,30.65,-86.3,125.3,3,47.17,3
2015-07-26,30.9,-86.95,179.0,4,28.29,3
2015-07-27,30.25,-84.85,255.8,3,107.68,10
2015-07-27,30.3,-84.85,557.7,5,546.1800000000001,37
2015-07-27,30.3,-84.8,167.3,3,56.15,8
2015-07-27,30.45,-84.85,54.0,1,52.89,3
2015-07-27,30.7,-85.1,9.2,1,2.9,1
2015-07-29,30.45,-84.9,29.5,2,5.85,1
2015-07-29,30.45,-83.8,9.9,1,4.06,1
2015-08-01,30.55,-86.3,225.2,2,29.810000000000002,3
2015-08-01,30.55,-86.25,328.79999999999995,4,16.919999999999998,3
2015-08-02,30.5,-86.85,547.0,4,33.36,6
2015-08-02,30.55,-86.85,380.3,5,7.68,2
2015-08-04,26.75,-81.55,18.8,1,19.5,2
2015-08-04,27.2,-82.4,12.8,1,7.91,1
2015-08-04,27.3,-81.15,10.2,1,22.53,3
2015-08-05,27.9,-81.05,68.1,2,26.03,5
2015-08-05,29.0,-81.6,130.5,2,11.9,3
2015-08-06,27.3,-81.15,93.0,3,96.08,2
2015-08-07,27.6,-80.6,9.6,1,15.19,1
2015-08-07,28.65,-80.95,18.2,1,15.29,2
2015-08-09,30.4,-86.85,72.3,2,48.730000000000004,7
2015-08-10,29.3,-81.8,97.2,2,3.64,1
2015-08-10,30.05,-84.45,20.3,1,9.48,1
2015-08-10,30.3,-83.35,23.3,1,2.4,1
2015-08-10,30.3,-83.3,14.3,1,9.41,1
2015-08-10,30.4,-83.4,29.6,1,19.64,4
2015-08-10,30.4,-83.2,129.4,2,86.98,7
2015-08-12,29.5,-81.65,54.8,1,8.68,2
2015-08-12,30.9,-85.25,12.7,1,3.79,1
2015-08-13,30.3,-83.3,12.7,1,10.04,1
2015-08-13,30.7,-87.25,912.0,6,633.36,16
2015-08-13,30.8,-85.15,47.8,1,20.35,2
2015-08-14,30.45,-82.8,6.3,1,5.93,1
2015-08-15,30.5,-83.25,15.2,1,17.85,2
2015-08-18,28.0,-80.6,10.2,1,9.89,1
2015-08-19,25.95,-80.55,359.0,6,183.28,24
2015-08-19,30.1,-82.75,17.6,1,7.5,1
2015-08-20,25.95,-80.55,35.9,2,90.12,6
2015-08-21,26.0,-80.55,46.2,4,6.14,2
2015-08-21,30.4,-83.4,9.4,1,7.95,1
2015-08-22,27.25,-80.6,20.7,1,7.69,1
2015-08-23,30.6,-86.5,88.4,2,44.82,6
2015-08-23,30.6,-86.45,40.7,1,36.32,5
2015-08-23,30.65,-86.45,49.1,1,119.93,12
2015-08-24,26.95,-80.55,77.0,1,67.22,9
2015-08-24,27.1,-80.25,35.5,1,25.72,1
2015-08-24,27.1,-80.2,69.3,1,58.94,4
2015-08-25,30.25,-85.75,31.099999999999998,2,5.71,1
2015-08-25,30.45,-84.95,22.6,1,14.68,1
2015-08-26,29.0,-81.85,57.5,1,22.509999999999998,4
2015-08-26,30.85,-87.15,17.0,1,35.78,3
2015-08-26,30.95,-86.85,792.2,10,69.92,11
2015-08-27,30.2,-84.75,23.200000000000003,2,9.25,1
2015-08-27,30.7,-87.3,407.1,3,40.11,3
2015-08-27,30.7,-87.25,473.1,6,305.8,8
2015-08-27,30.75,-85.35,17.3,1,23.85,2
2015-08-27,30.85,-85.7,9.5,1,6.21,1
2015-08-28,26.25,-80.95,22.9,1,14.94,2
2015-08-28,30.6,-86.5,28.299999999999997,2,11.18,2
2015-08-31,30.45,-86.15,106.9,3,6.68,1
2015-09-01,30.8,-87.35,252.0,4,65.17,4
2015-09-09,29.75,-85.25,154.6,2,21.65,2
2015-09-14,30.3,-85.75,29.4,3,36.67,4
2015-09-14,30.45,-85.6,742.0,5,114.91000000000001,5
2015-09-14,30.75,-85.45,19.1,2,24.4,4
2015-09-14,30.95,-85.6,6.0,1,5.0600000000000005,2
2015-09-14,30.95,-85.3,37.9,2,19.61,3
2015-09-15,30.4,-84.15,8.9,1,39.56,2
2015-09-18,30.4,-84.9,62.7,2,222.9,8
2015-09-18,30.85,-87.05,71.4,3,75.22,9
2015-09-18,30.85,-87.0,199.5,3,28.02,3
2015-09-18,30.9,-86.9,140.9,4,6.12,1
2015-09-19,30.55,-84.5,12.8,1,4.88,1
2015-09-19,30.85,-85.95,93.6,3,6.62,1
2015-09-20,30.55,-84.75,24.7,1,3.9,1
2015-09-20,30.65,-85.0,16.0,1,10.260000000000002,2
2015-09-20,30.85,-85.95,48.099999999999994,2,3.82,1
2015-09-21,26.7,-81.25,21.7,2,12.629999999999999,3
2015-09-24,29.4,-82.95,25.0,2,7.67,1
2015-09-24,30.1,-85.4,56.0,1,17.65,2
2015-09-24,30.95,-86.8,217.6,5,82.89,12
2015-09-25,30.95,-86.15,217.1,3,64.12,3
2015-09-26,30.95,-86.15,24.4,1,9.61,3
2015-09-30,28.25,-82.25,57.5,2,56.04,6
2015-10-07,29.65,-83.1,10.2,1,7.96,2
2015-10-07,30.1,-84.55,4.8,1,4.84,1
2015-10-07,30.2,-84.6,73.8,3,69.69,7
2015-10-08,29.7,-83.05,10.7,1,87.27,5
2015-10-08,29.85,-82.55,6.9,1,3.08,1
2015-10-08,30.1,-84.6,23.8,2,15.129999999999999,3
2015-10-08,30.4,-85.4,16.6,1,66.46000000000001,4
2015-10-08,30.55,-86.85,10.1,1,12.43,4
2015-10-08,30.55,-83.7,27.200000000000003,2,3.05,1
2015-10-08,30.8,-87.2,664.5,4,287.53999999999996,7
2015-10-08,30.8,-87.15,15.4,1,35.28,1
2015-10-08,30.8,-86.35,188.8,2,110.3,7
2015-10-09,30.7,-87.3,172.8,4,53.540000000000006,3
2015-10-10,26.65,-80.4,15.6,1,7.72,2
2015-10-10,29.7,-83.05,7.3,1,4.83,1
2015-10-12,29.3,-82.55,20.5,1,33.839999999999996,6
2015-10-12,29.4,-82.5,16.1,2,2.85,1
2015-10-12,30.1,-85.4,49.8,2,26.53,2
2015-10-12,30.4,-83.15,22.4,1,10.059999999999999,2
2015-10-12,30.6,-84.5,235.8,3,95.55,2
2015-10-12,30.75,-87.0,552.7,4,7.97,1
2015-10-13,26.7,-81.15,96.4,1,15.56,1
2015-10-13,26.7,-81.1,54.2,1,15.56,1
2015-10-13,29.2,-81.75,338.6,5,250.42,6
2015-10-13,30.05,-83.55,23.6,2,15.64,2
2015-10-13,30.1,-85.4,70.19999999999999,3,12.5,2
2015-10-13,30.3,-85.3,80.0,2,29.459999999999997,4
2015-10-13,30.3,-83.3,39.0,2,8.3,1
2015-10-13,30.35,-83.6,32.5,2,14.690000000000001,3
2015-10-13,30.45,-85.55,1338.5,11,274.0,12
2015-10-13,30.45,-85.35,42.3,2,7.42,2
2015-10-13,30.6,-84.85,76.1,2,5.49,1
2015-10-13,30.6,-84.8,131.4,2,8.23,2
2015-10-13,30.65,-84.8,91.8,1,2.74,1
2015-10-14,30.15,-81.95,74.1,3,46.32,5
2015-10-14,30.2,-84.55,8.9,1,22.71,3
2015-10-14,30.45,-85.6,15.0,1,33.14,3
2015-10-14,30.45,-83.95,13.1,1,8.21,2
2015-10-14,30.55,-85.4,314.9,4,472.49,6
2015-10-14,30.55,-84.5,9.9,1,4.32,1
2015-10-14,30.55,-83.5,27.4,2,26.03,1
2015-10-14,30.65,-86.95,183.0,3,119.31,3
2015-10-15,27.25,-81.6,20.0,1,28.88,2
2015-10-15,28.25,-82.0,121.69999999999999,3,141.12,5
2015-10-15,28.95,-81.5,61.099999999999994,3,12.24,2
2015-10-15,29.0,-82.3,103.9,4,25.26,4
2015-10-15,29.1,-81.85,362.5,3,48.47,3
2015-10-15,30.25,-84.6,182.4,3,137.88,12
2015-10-15,30.25,-84.55,106.7,2,251.44,21
2015-10-15,30.3,-83.65,50.599999999999994,2,34.11,3
2015-10-15,30.45,-82.75,378.09999999999997,4,164.78,3
2015-10-15,30.55,-83.35,9.8,1,20.64,2
2015-10-16,30.35,-83.6,5.7,1,4.3,1
2015-10-16,30.4,-83.15,17.3,1,6.3,1
2015-10-16,30.55,-83.35,30.2,2,28.96,4
2015-10-16,30.65,-81.95,7.6,1,10.8,2
2015-10-17,30.35,-85.0,18.5,1,27.96,2
2015-10-17,30.35,-83.1,5.5,1,1.4,1
2015-10-17,30.45,-82.75,8.6,1,17.93,2
2015-10-18,30.6,-83.5,5.6,1,2.98,1
2015-10-19,30.1,-85.4,72.6,3,19.220000000000002,3
2015-10-19,30.2,-84.3,138.1,2,37.81,2
2015-10-19,30.25,-84.3,107.69999999999999,2,122.17999999999999,4
2015-10-19,30.4,-83.9,7.1,1,4.31,2
2015-10-20,26.8,-81.75,22.1,2,11.34,2
2015-10-20,30.1,-85.4,59.6,4,5.13,1
2015-10-20,30.3,-82.4,63.1,3,17.63,5
2015-10-20,30.35,-82.4,199.3,4,57.72,9
2015-10-20,30.4,-83.4,95.2,3,17.28,1
2015-10-20,30.4,-83.15,11.1,1,4.68,1
2015-10-20,30.55,-84.45,445.5,6,154.38,3
2015-10-21,26.8,-81.7,31.3,1,3.28,1
2015-10-21,28.3,-82.5,8.7,1,9.24,3
2015-10-21,29.7,-83.1,25.5,1,7.5600000000000005,2
2015-10-21,30.2,-84.4,10.6,1,26.14,3
2015-10-21,30.4,-84.95,426.4,7,374.69,9
2015-10-21,30.65,-84.85,102.7,3,15.86,2
2015-10-21,30.9,-86.7,192.0,3,11.43,1
2015-10-23,27.0,-80.6,34.8,2,17.009999999999998,2
2015-10-23,27.55,-80.65,28.0,2,12.66,2
2015-10-23,30.25,-83.1,14.3,1,10.64,2
2015-10-24,30.9,-85.7,3.1,1,8.58,1
2015-10-29,28.2,-81.7,9.1,1,0.63,1
2015-10-29,28.25,-80.7,8.6,1,8.85,1
2015-10-29,29.35,-82.95,15.6,1,3.82,2
2015-10-29,30.4,-83.9,15.8,1,8.88,2
2015-10-29,30.5,-84.45,110.2,1,236.34,4
2015-10-30,27.6,-82.1,9.0,1,2.39,1
2015-10-30,27.65,-81.15,49.2,1,3.09,1
2015-10-30,27.85,-80.95,76.4,4,16.44,3
2015-10-30,28.2,-81.7,10.4,1,1.08,1
2015-10-30,28.7,-81.85,12.0,1,5.49,1
2015-10-30,30.4,-83.4,478.7,7,273.56,5
2015-10-30,30.5,-84.8,4.7,1,5.94,1
2015-10-30,30.5,-83.35,56.3,3,13.68,2
2015-10-30,30.55,-84.5,10.9,1,23.09,5
2015-10-30,30.55,-83.85,19.1,1,6.32,2
2015-10-31,26.2,-81.45,15.4,1,5.65,1
2015-10-31,29.65,-83.1,133.9,2,45.92,2
2015-11-02,26.5,-81.1,130.2,2,18.240000000000002,2
2015-11-02,27.5,-81.15,6.6,1,110.60999999999999,4
2015-11-02,27.55,-81.2,103.9,1,153.58,1
2015-11-02,27.55,-81.15,121.3,2,577.86,7
2015-11-02,27.95,-80.6,15.6,1,46.49,1
2015-11-02,28.0,-80.6,9.0,1,55.74,1
2015-11-02,28.85,-81.1,16.7,1,5.92,1
2015-11-03,26.8,-80.45,20.5,1,105.54,8
2015-11-03,26.95,-80.2,27.9,2,15.53,2
2015-11-03,27.3,-81.95,7.9,1,40.2,2
2015-11-03,28.0,-80.6,8.5,1,4.83,1
2015-11-03,28.95,-81.3,6.1,1,5.55,1
2015-11-03,29.85,-82.25,5.3,1,3.39,1
2015-11-04,26.95,-80.2,31.3,2,19.79,3
2015-11-04,28.25,-82.0,34.0,1,145.23000000000002,5
2015-11-04,28.8,-82.6,8.1,1,7.68,1
2015-11-05,26.8,-80.4,253.20000000000002,3,143.69,8
2015-11-05,27.45,-81.55,10.7,1,7.92,1
2015-11-05,27.65,-82.3,18.8,1,5.47,1
2015-11-05,28.0,-80.6,7.3,1,12.58,1
2015-11-05,28.2,-80.85,723.5,9,78.67,12
2015-11-05,28.65,-82.55,286.9,5,286.58,7
2015-11-06,28.8,-82.6,25.3,1,9.89,2
2015-11-06,28.8,-82.55,17.7,1,5.55,1
2015-11-06,28.8,-81.45,158.6,2,6.4,1
2015-11-06,30.4,-83.4,39.3,3,17.05,2
2015-11-07,30.45,-82.7,18.1,2,23.259999999999998,2
2015-11-10,27.25,-80.3,186.0,3,529.31,10
2015-11-11,26.65,-82.0,5.7,1,2.64,1
2015-11-11,27.55,-82.1,10.5,1,3.77,1
2015-11-11,27.75,-81.15,7.2,1,4.06,1
2015-11-11,28.45,-81.65,7.2,1,7.39,1
2015-11-12,29.35,-82.95,13.6,1,15.79,3
2015-11-12,29.7,-82.95,21.9,2,22.86,3
2015-11-12,30.45,-83.3,25.6,2,17.56,2
2015-11-12,30.5,-83.1,6.3,1,6.93,2
2015-11-13,29.65,-83.1,71.5,3,24.0,2
2015-11-13,30.05,-82.05,12.399999999999999,2,8.18,1
2015-11-13,30.35,-84.4,45.7,2,22.33,2
2015-11-13,30.4,-84.4,62.4,2,92.78999999999999,12
2015-11-13,30.45,-83.3,43.7,2,9.83,2
2015-11-13,30.55,-84.85,25.5,2,17.57,2
2015-11-13,30.65,-86.85,8.1,1,7.02,1
2015-11-15,30.75,-87.45,30.599999999999998,2,91.67,3
2015-11-16,27.8,-82.15,53.3,1,51.7,3
2015-11-16,27.8,-81.3,139.1,2,107.96000000000001,8
2015-11-16,28.8,-82.55,35.1,1,36.92,5
2015-11-16,29.7,-82.95,33.2,2,9.55,1
2015-11-16,29.75,-82.9,54.0,2,34.949999999999996,3
2015-11-16,30.0,-82.4,16.1,2,4.21,1
2015-11-16,30.1,-85.4,7.0,1,7.5600000000000005,3
2015-11-16,30.35,-84.9,113.0,4,60.74,8
2015-11-16,30.4,-83.4,13.8,1,8.809999999999999,2
2015-11-16,30.45,-85.35,5.0,1,7.050000000000001,3
2015-11-16,30.45,-83.3,39.900000000000006,2,10.63,1
2015-11-16,30.55,-84.8,285.3,2,89.41,2
2015-11-16,30.7,-86.2,6.0,1,4.26,1
2015-11-16,30.8,-87.35,24.3,2,178.62,8
2015-11-16,30.85,-85.05,6.4,1,4.96,2
2015-11-17,28.2,-81.75,6.6,1,17.55,2
2015-11-17,30.25,-82.4,21.7,1,7.51,1
2015-11-17,30.3,-82.4,7.2,1,7.28,2
2015-11-18,27.5,-81.95,4.1,1,1.21,1
2015-11-23,29.3,-82.1,30.4,2,21.04,4
2015-11-23,29.65,-82.95,69.8,1,73.1,7
2015-11-23,30.55,-85.4,182.3,3,27.810000000000002,6
2015-11-23,30.85,-87.4,72.8,1,55.09,3
2015-11-23,30.95,-86.85,435.1,3,96.64,9
2015-11-24,30.0,-82.6,9.3,1,6.35,1
2015-11-24,30.45,-84.85,104.1,3,6.38,1
2015-11-25,29.65,-83.1,324.7,4,6.26,1
2015-11-25,30.0,-82.8,7.1,1,4.02,1
2015-11-25,30.3,-84.85,279.5,4,180.36,5
2015-11-26,30.6,-85.65,76.3,3,12.2,2
2015-11-27,30.45,-84.85,70.5,4,218.63,20
2015-11-27,30.45,-83.3,6.2,1,1.96,1
2015-11-27,30.85,-85.05,13.799999999999999,2,4.02,2
2015-11-28,26.85,-81.3,6.4,1,97.69,5
2015-11-28,27.3,-81.6,9.4,1,18.21,2
2015-11-28,30.45,-84.9,23.9,2,9.43,1
2015-11-28,30.45,-84.85,52.0,1,45.230000000000004,5
2015-11-29,30.45,-84.85,68.8,2,29.87,7
2015-11-30,27.15,-82.05,35.3,1,85.39,3
2015-11-30,27.3,-81.75,25.5,1,1.98,1
2015-11-30,29.7,-83.05,11.1,1,1.98,1
2015-11-30,30.15,-84.7,198.8,4,57.93000000000001,2
2015-11-30,30.45,-84.9,16.2,1,9.86,2
2015-11-30,30.45,-84.85,13.4,1,7.28,2
2015-11-30,30.85,-87.4,89.0,2,28.8,2
2015-12-01,27.05,-81.7,9.9,1,3.41,1
2015-12-01,30.25,-82.55,51.3,2,105.05,6
2015-12-01,30.25,-82.5,26.6,1,144.22,9
2015-12-01,30.4,-85.15,8.1,1,18.61,1
2015-12-01,30.45,-85.15,62.2,2,18.61,1
2015-12-01,30.45,-84.9,135.3,5,130.45,8
2015-12-01,30.5,-85.75,34.0,2,14.149999999999999,2
2015-12-01,30.65,-84.95,50.5,2,14.370000000000001,2
2015-12-01,30.65,-84.9,42.3,2,133.43,4
2015-12-01,30.75,-85.45,4.2,1,5.46,1
2015-12-03,28.8,-82.4,158.5,5,74.27000000000001,7
2015-12-04,30.9,-87.0,81.8,3,9.92,2
2015-12-05,30.2,-84.65,8.6,1,19.37,3
2015-12-05,30.45,-84.9,97.7,2,33.4,2
2015-12-05,30.55,-85.25,31.0,2,29.04,3
2015-12-05,30.65,-86.45,30.5,2,11.6,2
2015-12-05,30.9,-86.95,233.3,5,40.71,8
2015-12-05,30.9,-86.9,126.3,4,82.58,13
2015-12-05,30.95,-86.5,29.8,1,30.76,4
2015-12-06,30.45,-84.75,84.5,3,26.61,6
2015-12-07,28.0,-81.85,24.0,1,8.89,1
2015-12-07,28.55,-82.6,62.900000000000006,2,12.81,2
2015-12-07,28.8,-82.55,50.599999999999994,2,64.59,6
2015-12-07,29.65,-82.9,83.1,1,23.77,2
2015-12-07,29.7,-82.9,77.39999999999999,2,35.86,1
2015-12-07,30.2,-82.4,33.400000000000006,2,10.98,2
2015-12-07,30.3,-86.0,53.2,2,42.71,6
2015-12-07,30.35,-84.85,105.6,3,24.34,3
2015-12-07,30.4,-83.5,101.5,4,57.22,3
2015-12-07,30.4,-83.4,12.9,1,9.86,2
2015-12-07,30.45,-83.25,13.8,1,11.280000000000001,2
2015-12-07,30.45,-83.05,8.0,1,6.3,1
2015-12-07,30.5,-85.75,61.8,2,24.24,2
2015-12-07,30.5,-84.75,270.5,6,172.37,12
2015-12-07,30.55,-85.4,37.3,2,48.52,5
2015-12-07,30.55,-85.25,507.2,8,66.76,4
2015-12-07,30.95,-86.9,121.6,5,68.16,13
2015-12-08,26.95,-82.3,24.0,1,23.64,4
2015-12-08,27.75,-82.2,9.1,1,2.66,1
2015-12-08,28.3,-82.3,96.9,3,38.33,5
2015-12-08,28.65,-82.55,225.4,6,118.08,11
2015-12-08,28.8,-82.4,94.1,3,43.62,4
2015-12-08,29.35,-82.95,53.1,2,8.99,2
2015-12-08,29.45,-83.15,13.2,1,6.84,3
2015-12-08,29.6,-82.95,16.0,1,3.32,1
2015-12-08,29.65,-82.95,15.9,1,11.989999999999998,2
2015-12-08,29.7,-81.85,10.0,1,9.46,3
2015-12-08,29.85,-83.3,59.6,2,49.88,5
2015-12-08,30.4,-84.9,72.3,3,228.73000000000002,13
2015-12-08,30.45,-83.85,14.0,1,7.63,2
2015-12-08,30.45,-83.5,25.0,2,13.48,4
2015-12-08,30.5,-84.8,98.4,4,86.73,9
2015-12-08,30.5,-84.75,95.5,2,7.66,1
2015-12-08,30.6,-84.75,56.4,1,19.64,2
2015-12-08,30.65,-84.75,20.1,1,3.42,1
2015-12-08,30.85,-87.6,13.8,1,13.23,1
2015-12-09,29.9,-82.65,55.2,3,5.21,1
2015-12-09,30.15,-83.3,41.5,2,84.97,4
2015-12-09,30.35,-84.9,189.8,4,17.759999999999998,3
2015-12-09,30.4,-85.95,33.7,2,39.54,4
2015-12-09,30.4,-85.6,180.4,5,148.15,2
2015-12-09,30.45,-83.85,34.4,3,5.13,1
2015-12-09,30.55,-85.75,24.2,1,20.59,5
2015-12-09,30.85,-86.85,168.9,6,2.74,1
2015-12-10,29.35,-82.9,9.7,1,14.11,2
2015-12-10,29.6,-82.95,12.9,1,6.47,1
2015-12-10,29.6,-82.65,11.7,1,17.84,1
2015-12-10,30.0,-83.0,23.1,1,47.82,4
2015-12-10,30.3,-84.25,71.1,2,72.02,2
2015-12-10,30.4,-85.65,37.5,1,26.48,1
2015-12-10,30.4,-83.5,76.6,4,18.36,3
2015-12-10,30.55,-83.8,5.5,1,7.25,2
2015-12-10,30.85,-86.1,5.7,1,9.27,1
2015-12-11,26.8,-80.35,14.3,1,22.200000000000003,3
2015-12-11,27.5,-80.55,69.4,1,87.82,12
2015-12-11,27.7,-81.4,26.200000000000003,2,14.35,3
2015-12-11,28.45,-81.15,428.59999999999997,3,12.260000000000002,3
2015-12-11,28.6,-81.55,10.7,1,4.78,1
2015-12-11,29.35,-82.9,22.8,1,7.05,1
2015-12-11,30.1,-84.75,176.5,5,149.01,18
2015-12-11,30.1,-84.7,5.4,1,28.189999999999998,3
2015-12-11,30.3,-84.2,19.4,2,15.600000000000001,3
2015-12-11,30.35,-86.2,33.4,2,14.1,1
2015-12-11,30.55,-84.45,6.9,1,4.52,1
2015-12-11,30.85,-86.9,12.9,1,281.35,20
2015-12-11,30.85,-86.85,14.799999999999999,2,28.74,4
2015-12-11,30.85,-86.8,63.099999999999994,3,28.009999999999998,5
2015-12-11,30.9,-86.0,11.899999999999999,2,18.24,1
2015-12-11,30.95,-86.55,14.399999999999999,2,15.4,1
2015-12-12,27.6,-81.2,27.799999999999997,2,17.11,3
2015-12-12,28.55,-82.6,13.6,1,15.93,3
2015-12-12,30.3,-83.05,3.7,1,1.47,1
2015-12-12,30.35,-85.05,11.5,2,7.18,1
2015-12-12,30.4,-86.8,20.3,2,37.69,4
2015-12-12,30.9,-85.35,73.9,2,78.83,5
2015-12-15,30.6,-83.65,34.2,2,5.38,1
2015-12-16,28.35,-81.95,40.7,2,66.85000000000001,3
2015-12-17,26.3,-80.85,870.0,2,267.83,8
2015-12-17,26.3,-80.8,2061.4,3,60.910000000000004,5
2015-12-17,27.8,-81.4,84.6,1,42.95,3
2015-12-17,28.55,-82.3,48.5,2,22.759999999999998,3
2015-12-19,30.3,-82.8,12.4,2,3.79,1
2015-12-19,30.4,-84.1,5.1,1,4.24,1
2015-12-19,30.6,-86.2,34.4,1,19.17,4
2015-12-19,30.6,-86.15,71.5,1,11.72,3
2015-12-19,30.8,-86.5,7.6,1,5.74,1
2015-12-20,30.05,-82.6,5.8,1,3.22,1
2015-12-20,30.8,-86.5,58.8,1,4.15,1
2015-12-21,26.35,-81.5,5.6,1,2.68,1
2015-12-28,27.5,-80.6,7.0,1,7.34,2
2015-12-28,27.55,-81.4,7.7,1,14.64,1
2015-12-28,28.0,-82.05,7.0,1,4.58,1
2015-12-28,29.4,-82.5,6.5,1,3.71,1
2015-12-28,29.55,-82.7,7.6,1,1.48,1
2015-12-28,30.45,-82.7,7.8,1,5.17,1
2015-12-29,26.7,-80.3,12.2,1,12.469999999999999,2
2015-12-29,27.5,-80.6,8.1,1,5.18,1
2015-12-29,28.0,-81.85,19.799999999999997,2,5.06,1
2015-12-30,27.95,-81.4,28.3,1,5.5,1
2015-12-30,28.7,-82.45,480.5,4,45.37,3
2015-12-30,28.95,-81.75,7.0,1,7.58,2
2015-12-31,26.3,-81.4,7.2,1,3.36,1
2016-01-02,26.55,-80.8,488.9,4,4.03,1
2016-01-04,27.4,-82.65,3.3,1,9.29,3
2016-01-04,27.85,-81.55,19.200000000000003,2,4.66,1
2016-01-04,27.9,-80.95,122.69999999999999,4,109.81,5
2016-01-04,28.2,-82.55,4.8,1,3.24,1
2016-01-04,29.7,-82.9,36.7,2,54.879999999999995,8
2016-01-04,30.6,-86.3,61.099999999999994,2,11.39,2
2016-01-05,29.35,-82.85,12.9,1,7.28,1
2016-01-05,29.7,-82.9,11.3,1,1.53,1
2016-01-05,30.2,-83.95,8.0,1,20.7,1
2016-01-05,30.85,-86.85,152.8,3,90.66000000000001,8
2016-01-06,30.5,-85.75,29.5,3,14.89,3
2016-01-06,30.65,-85.55,21.6,1,12.09,1
2016-01-06,30.65,-85.5,31.9,1,48.510000000000005,3
2016-01-06,30.85,-87.6,61.3,2,24.259999999999998,4
2016-01-07,26.05,-81.8,8.6,1,1.83,1
2016-01-07,26.25,-81.65,9.0,1,3.12,1
2016-01-07,29.9,-82.85,6.4,1,3.68,1
2016-01-11,26.75,-80.6,26.9,1,26.24,1
2016-01-11,26.9,-81.95,25.6,2,37.52,4
2016-01-11,27.0,-80.2,12.600000000000001,2,15.82,2
2016-01-11,27.55,-82.1,15.9,1,10.64,1
2016-01-11,28.5,-81.7,26.200000000000003,2,4.93,1
2016-01-11,29.55,-83.1,11.7,1,19.41,3
2016-01-11,29.55,-83.05,21.8,1,17.200000000000003,3
2016-01-11,30.15,-81.95,9.0,1,5.39,1
2016-01-12,28.3,-82.5,11.600000000000001,2,4.66,2
2016-01-12,28.6,-81.55,6.3,1,1.67,1
2016-01-12,28.9,-82.2,11.7,2,17.490000000000002,5
2016-01-12,28.95,-81.9,5.8,1,6.15,2
2016-01-12,30.05,-82.05,7.4,1,67.67,1
2016-01-12,30.1,-85.1,7.6,1,212.65,19
2016-01-12,30.15,-82.9,19.2,1,4.26,1
2016-01-12,30.2,-84.2,8.6,1,9.219999999999999,3
2016-01-12,30.35,-86.2,19.8,2,28.740000000000002,5
2016-01-12,30.55,-86.1,72.6,1,4.51,1
2016-01-12,30.6,-83.4,31.099999999999998,2,45.98,5
2016-01-13,30.5,-86.1,139.2,2,41.55,7
2016-01-13,30.95,-87.0,15.100000000000001,2,24.419999999999998,2
2016-01-16,28.3,-82.3,8.1,1,2.74,1
2016-01-18,30.55,-86.05,5.8,1,21.57,4
2016-01-18,30.6,-86.3,81.1,2,8.02,2
2016-01-18,30.85,-87.6,32.8,2,21.38,1
2016-01-18,30.85,-86.7,75.8,3,22.39,2
2016-01-19,26.45,-80.85,297.6,2,4.43,1
2016-01-19,30.1,-85.35,12.3,1,24.310000000000002,5
2016-01-19,30.2,-84.35,9.6,1,6.83,1
2016-01-19,30.2,-81.45,20.7,1,11.22,2
2016-01-19,30.25,-84.7,121.19999999999999,2,207.43,25
2016-01-19,30.4,-84.9,8.2,1,1.56,1
2016-01-19,30.45,-84.95,46.1,1,20.68,1
2016-01-19,30.45,-84.9,115.80000000000001,3,80.69,11
2016-01-19,30.45,-84.65,11.6,1,3.85,1
2016-01-20,26.3,-80.95,31.7,1,13.92,2
2016-01-20,28.35,-82.1,8.5,1,4.06,1
2016-01-20,28.95,-82.7,8.6,1,5.84,2
2016-01-20,29.55,-82.55,9.4,1,3.68,1
2016-01-20,29.85,-82.05,9.8,2,8.25,2
2016-01-20,29.95,-82.4,61.599999999999994,2,12.42,2
2016-01-20,30.35,-83.55,59.9,2,8.809999999999999,2
2016-01-20,30.45,-84.95,226.60000000000002,3,113.57000000000001,5
2016-01-20,30.45,-84.9,82.0,2,151.64000000000001,6
2016-01-21,28.9,-82.25,125.89999999999999,4,4.04,1
2016-01-24,27.7,-81.3,99.99999999999999,4,59.349999999999994,3
2016-01-24,28.75,-82.4,7.6,1,12.11,1
2016-01-24,30.15,-85.05,170.6,5,128.65,17
2016-01-24,30.7,-87.15,48.900000000000006,2,16.77,3
2016-01-25,27.05,-80.45,21.2,1,1.77,1
2016-01-25,27.2,-82.1,29.5,1,47.9,3
2016-01-25,27.7,-81.25,30.0,2,172.61,13
2016-01-25,28.05,-81.05,5.0,1,32.19,3
2016-01-25,28.75,-81.6,6.0,1,3.31,1
2016-01-25,28.95,-81.65,135.2,3,34.87,5
2016-01-25,29.5,-82.0,11.0,1,3.84,1
2016-01-25,29.55,-82.45,18.6,2,7.37,2
2016-01-25,29.6,-82.85,11.3,1,1.4,1
2016-01-25,29.8,-83.35,25.299999999999997,2,75.48,9
2016-01-25,30.0,-82.0,47.6,3,11.5,2
2016-01-25,30.15,-83.35,33.9,2,10.35,2
2016-01-25,30.2,-84.2,21.1,2,17.33,2
2016-01-25,30.2,-83.1,22.3,1,21.53,4
2016-01-25,30.45,-84.9,203.5,5,43.32,6
2016-01-25,30.45,-82.3,245.8,2,381.06,29
2016-01-25,30.8,-85.1,10.9,1,17.880000000000003,2
2016-01-29,29.5,-82.75,5.8,1,6.0,1
2016-01-29,29.65,-82.1,9.0,2,7.29,1
2016-01-29,29.8,-83.0,6.7,1,4.76,1
2016-01-29,30.1,-84.25,10.1,1,340.36,24
2016-01-29,30.5,-86.8,181.8,4,8.48,2
2016-01-30,30.6,-86.35,225.4,2,58.260000000000005,5
2016-01-30,30.6,-86.3,40.2,1,26.41,3
2016-01-30,30.6,-83.4,29.599999999999998,2,67.09,7
2016-01-30,30.65,-86.35,172.3,2,96.36,8
2016-01-30,30.65,-86.3,57.1,1,37.89,5
2016-02-01,29.45,-83.2,13.5,1,3.26,1
2016-02-01,29.5,-82.9,23.1,1,11.45,1
2016-02-01,29.7,-82.95,13.399999999999999,2,4.55,1
2016-02-01,29.9,-85.0,151.9,2,375.28,26
2016-02-01,30.15,-81.85,5.2,1,2.67,1
2016-02-01,30.4,-84.15,44.8,3,13.84,1
2016-02-01,30.4,-83.45,17.8,1,18.09,3
2016-02-02,26.9,-81.85,30.4,1,60.169999999999995,8
2016-02-02,28.4,-82.0,9.1,1,39.129999999999995,3
2016-02-02,28.45,-81.1,64.1,2,3.14,1
2016-02-02,28.55,-82.6,181.9,3,33.71,3
2016-02-02,28.75,-81.5,28.700000000000003,2,2.0,1
2016-02-02,29.45,-82.15,8.8,1,20.49,3
2016-02-02,29.65,-83.1,11.6,1,2.24,1
2016-02-02,29.85,-81.55,40.8,3,7.83,1
2016-02-03,26.85,-81.9,9.9,1,1.61,1
2016-02-03,28.4,-82.0,22.0,1,25.51,4
2016-02-03,29.15,-81.7,51.7,3,8.63,2
2016-02-04,26.85,-81.8,92.1,1,10.44,2
2016-02-05,30.5,-85.2,13.6,2,7.9,2
2016-02-05,30.75,-87.25,6.8,1,20.12,2
2016-02-05,30.75,-86.85,41.7,1,29.62,3
2016-02-05,30.8,-86.85,314.4,4,97.21,9
2016-02-05,30.85,-87.0,18.6,1,9.32,2
2016-02-06,30.75,-86.9,12.0,1,5.1,1
2016-02-06,30.8,-86.85,42.1,2,74.94,10
2016-02-07,30.5,-85.25,8.3,1,3.97,1
2016-02-07,30.5,-83.95,6.6,1,7.7,1
2016-02-07,30.8,-86.95,13.6,1,9.969999999999999,3
2016-02-08,26.8,-80.5,15.6,2,9.14,2
2016-02-08,30.35,-82.35,36.0,1,129.54999999999998,15
2016-02-08,30.5,-86.75,175.8,5,162.03,8
2016-02-08,30.5,-83.75,9.2,1,26.740000000000002,2
2016-02-09,29.75,-81.85,12.2,1,10.44,2
2016-02-09,30.1,-84.3,11.6,1,82.94,8
2016-02-09,30.3,-84.2,79.0,4,37.4,5
2016-02-09,30.65,-84.6,41.3,3,16.57,3
2016-02-09,30.75,-86.8,81.0,3,15.01,2
2016-02-09,30.8,-86.9,42.3,2,6.7,1
2016-02-10,26.9,-81.85,27.1,1,14.059999999999999,3
2016-02-10,28.45,-82.15,27.4,1,22.979999999999997,3
2016-02-10,28.45,-82.1,28.2,1,45.82,8
2016-02-10,28.8,-82.25,27.6,1,41.24,7
2016-02-10,29.15,-82.65,60.8,2,42.86,6
2016-02-10,29.2,-82.65,97.80000000000001,2,90.94,8
2016-02-10,29.2,-82.6,10.2,1,16.54,3
2016-02-10,29.4,-82.9,7.4,1,3.12,1
2016-02-10,29.45,-81.65,22.4,1,23.74,2
2016-02-10,30.15,-84.1,15.5,1,10.190000000000001,2
2016-02-10,30.25,-84.05,192.4,5,42.449999999999996,6
2016-02-10,30.3,-84.2,69.8,2,35.87,3
2016-02-10,30.4,-85.9,25.7,1,41.35,5
2016-02-10,30.4,-83.9,13.5,1,5.33,1
2016-02-10,30.4,-82.5,71.9,2,10.379999999999999,2
2016-02-10,30.7,-87.5,11.5,1,12.77,1
2016-02-10,30.7,-86.85,848.4,8,292.81,24
2016-02-11,26.9,-81.85,50.0,2,7.91,1
2016-02-11,27.25,-81.8,101.5,3,48.33,3
2016-02-11,28.45,-82.05,81.39999999999999,3,23.82,4
2016-02-11,28.75,-81.6,48.8,3,26.479999999999997,3
2016-02-11,29.1,-81.9,19.0,1,26.87,4
2016-02-11,29.3,-81.45,12.0,1,6.109999999999999,2
2016-02-11,29.35,-82.85,29.0,2,9.98,2
2016-02-11,29.4,-81.75,30.3,2,69.25,9
2016-02-11,29.65,-83.05,41.5,2,35.36,4
2016-02-11,29.75,-83.0,65.3,3,20.03,3
2016-02-11,29.9,-82.5,60.8,4,16.42,3
2016-02-11,29.95,-84.85,157.8,2,75.84,7
2016-02-11,29.95,-84.8,957.3000000000001,4,258.40999999999997,21
2016-02-11,29.95,-81.95,75.2,4,84.38,9
2016-02-11,30.0,-81.8,82.8,3,27.67,4
2016-02-11,30.1,-82.0,86.9,2,8.54,2
2016-02-11,30.2,-82.65,21.1,1,5.5,2
2016-02-11,30.25,-82.4,725.0,5,175.88,20
2016-02-11,30.3,-83.85,9.8,1,5.77,1
2016-02-11,30.35,-85.9,48.5,2,2.74,1
2016-02-11,30.4,-85.9,89.2,2,2.02,1
2016-02-11,30.4,-83.45,237.5,5,97.96,9
2016-02-11,30.45,-84.55,5.7,1,8.76,2
2016-02-11,30.55,-81.9,26.200000000000003,2,5.49,2
2016-02-11,30.6,-81.9,18.9,1,6.07,1
2016-02-11,30.65,-84.1,46.1,1,11.93,2
2016-02-11,30.7,-86.85,112.6,1,78.12,7
2016-02-11,30.75,-87.15,5.4,1,4.44,1
2016-02-11,30.8,-87.25,49.699999999999996,3,11.829999999999998,2
2016-02-11,30.8,-86.8,100.4,4,5.140000000000001,2
2016-02-11,30.8,-85.85,32.8,1,6.7,1
2016-02-11,30.85,-85.1,51.5,3,20.98,2
2016-02-11,30.9,-86.75,484.29999999999995,2,33.0,4
2016-02-11,30.95,-86.8,197.4,1,7.5600000000000005,2
2016-02-11,30.95,-86.75,405.3,4,55.01,7
2016-02-12,26.6,-80.95,7.7,1,2.5,1
2016-02-12,27.0,-81.85,24.6,1,10.21,2
2016-02-12,27.65,-81.65,53.1,1,38.07,1
2016-02-12,27.65,-80.85,9.9,1,3.7,1
2016-02-12,27.75,-81.5,16.9,2,9.040000000000001,3
2016-02-12,27.75,-80.6,111.9,2,68.13,6
2016-02-12,27.8,-80.6,48.8,1,4.55,1
2016-02-12,28.05,-81.25,8.9,1,50.97,2
2016-02-12,28.5,-81.1,9.1,1,23.59,3
2016-02-12,29.2,-81.4,29.0,1,25.45,1
2016-02-12,29.25,-81.4,26.7,1,54.54,3
2016-02-12,29.6,-81.3,20.1,1,32.41,3
2016-02-12,29.65,-85.15,14.2,1,30.279999999999998,12
2016-02-12,29.95,-84.65,5.0,1,1.78,1
2016-02-12,30.15,-84.05,89.8,2,83.86,4
2016-02-12,30.2,-84.1,29.6,1,5.65,1
2016-02-12,30.2,-84.05,91.2,4,148.94,17
2016-02-12,30.3,-85.6,56.699999999999996,2,67.73,8
2016-02-12,30.3,-84.3,5.6,1,9.129999999999999,2
2016-02-12,30.4,-83.45,12.8,2,9.4,1
2016-02-12,30.4,-81.95,17.4,1,17.8,4
2016-02-12,30.45,-86.0,65.0,2,80.75,5
2016-02-12,30.55,-86.4,153.5,5,128.38,17
2016-02-12,30.55,-86.3,213.5,4,253.06,11
2016-02-12,30.55,-86.25,9.3,1,19.34,2
2016-02-12,30.55,-85.2,39.1,1,34.32,2
2016-02-12,30.55,-83.8,26.0,2,15.75,2
2016-02-12,30.6,-84.9,12.3,1,23.76,4
2016-02-12,30.6,-84.7,18.3,2,4.3,1
2016-02-12,30.65,-85.8,6.8,1,6.74,2
2016-02-12,30.65,-85.2,9.4,1,6.59,1
2016-02-12,30.7,-85.9,8.3,1,7.550000000000001,2
2016-02-12,30.75,-86.95,20.9,1,10.52,3
2016-02-12,30.75,-86.75,105.4,2,82.66,4
2016-02-12,30.75,-85.35,5.3,1,3.98,1
2016-02-12,30.9,-87.0,15.9,2,53.79,10
2016-02-12,30.9,-86.9,313.7,6,146.82,15
2016-02-12,30.95,-87.55,6.5,1,6.63,1
2016-02-12,30.95,-86.9,45.3,2,78.36,9
2016-02-12,30.95,-86.8,8.5,1,21.77,2
2016-02-13,29.2,-82.65,94.6,1,17.9,4
2016-02-13,29.35,-82.95,6.7,1,5.4,1
2016-02-13,29.4,-81.75,449.9,3,354.86,10
2016-02-13,29.45,-81.7,13.8,1,6.55,1
2016-02-13,29.6,-83.05,13.2,1,30.7,1
2016-02-13,29.85,-81.85,6.6,1,5.05,2
2016-02-13,29.9,-81.85,12.0,2,6.45,1
2016-02-13,30.1,-84.35,6.3,1,11.44,1
2016-02-13,30.15,-84.15,9.3,1,17.22,3
2016-02-13,30.2,-84.45,144.1,2,1009.62,29
2016-02-13,30.3,-85.1,8.8,1,21.75,5
2016-02-13,30.4,-84.05,4.8,1,4.18,2
2016-02-13,30.4,-83.45,21.3,2,8.56,1
2016-02-13,30.45,-83.5,8.4,1,66.86,11
2016-02-13,30.45,-83.15,40.5,3,10.33,1
2016-02-13,30.5,-85.2,4.6,1,1.37,1
2016-02-13,30.6,-86.4,41.2,1,132.12,10
2016-02-13,30.6,-86.35,33.1,1,389.61,19
2016-02-14,27.1,-80.5,41.4,2,70.94,1
2016-02-14,27.7,-81.25,45.2,2,117.03999999999999,9
2016-02-14,28.4,-81.75,23.4,2,10.24,1
2016-02-14,29.65,-82.05,25.5,1,5.3,1
2016-02-14,30.15,-83.55,7.6,1,3.86,1
2016-02-14,30.15,-82.9,5.7,1,2.68,1
2016-02-14,30.15,-82.05,197.7,3,9.71,3
2016-02-14,30.2,-84.4,22.8,2,15.89,3
2016-02-14,30.25,-84.5,405.79999999999995,2,29.72,4
2016-02-14,30.25,-84.45,80.1,3,34.23,6
2016-02-14,30.5,-85.2,58.5,2,27.0,3
2016-02-14,30.5,-83.95,8.0,1,5.92,1
2016-02-14,30.6,-83.5,15.100000000000001,2,9.07,1
2016-02-14,30.65,-85.4,16.0,2,4.17,1
2016-02-14,30.75,-85.45,4.8,1,7.53,1
2016-02-14,30.85,-87.25,92.19999999999999,2,34.1,3
2016-02-14,30.9,-86.05,6.0,1,9.54,2
2016-02-17,26.65,-81.55,4.9,1,4.68,1
2016-02-17,26.7,-81.45,5.8,1,2.82,1
2016-02-17,27.7,-82.25,10.1,1,7.9,1
2016-02-17,27.7,-81.8,12.6,2,12.89,1
2016-02-17,27.8,-82.3,5.1,1,4.49,1
2016-02-17,27.8,-81.75,4.2,1,8.26,1
2016-02-17,29.4,-82.95,8.8,1,1.98,1
2016-02-17,29.7,-82.75,35.6,2,6.779999999999999,2
2016-02-17,29.75,-82.75,25.3,1,46.07,4
2016-02-17,29.75,-82.45,48.6,2,7.41,1
2016-02-17,30.05,-85.1,363.70000000000005,6,245.96,31
2016-02-17,30.05,-84.35,47.6,1,227.48999999999998,9
2016-02-17,30.1,-82.0,63.6,3,92.12,8
2016-02-17,30.2,-83.1,51.400000000000006,2,12.38,3
2016-02-17,30.2,-81.5,81.8,3,80.56,4
2016-02-17,30.35,-83.9,29.0,2,7.91,1
2016-02-17,30.5,-87.45,6.7,1,5.96,1
2016-02-17,30.8,-87.55,5.0,1,2.63,1
2016-02-17,30.85,-85.0,14.0,1,49.29,6
2016-02-18,27.8,-81.2,51.4,2,17.21,3
2016-02-18,27.95,-81.5,10.0,1,8.76,1
2016-02-18,28.1,-82.35,77.2,2,40.79,4
2016-02-18,28.15,-81.6,10.6,1,11.74,2
2016-02-18,28.3,-81.85,11.2,1,6.26,1
2016-02-18,28.35,-82.1,17.8,1,85.34,6
2016-02-18,28.45,-82.1,32.8,2,24.669999999999998,8
2016-02-18,28.75,-81.5,45.5,2,207.85,8
2016-02-18,28.9,-82.3,23.0,2,271.12,3
2016-02-18,28.95,-81.6,14.6,1,11.55,2
2016-02-18,29.1,-81.55,12.1,1,9.64,2
2016-02-18,29.25,-81.35,13.5,1,14.5,2
2016-02-18,29.3,-82.65,8.8,1,16.96,5
2016-02-18,29.55,-82.2,10.0,1,20.48,3
2016-02-18,29.55,-82.15,8.1,1,75.05,8
2016-02-18,29.65,-82.1,9.1,1,16.54,2
2016-02-18,29.85,-82.4,16.0,2,3.36,1
2016-02-18,29.95,-81.9,96.60000000000001,4,41.160000000000004,3
2016-02-18,30.0,-84.75,105.30000000000001,2,148.23999999999998,24
2016-02-18,30.05,-84.45,129.7,2,10.0,1
2016-02-18,30.05,-84.4,25.6,1,127.94,8
2016-02-18,30.05,-83.05,39.3,2,13.1,3
2016-02-18,30.05,-82.0,21.2,2,71.97,5
2016-02-18,30.15,-83.8,27.1,1,19.39,3
2016-02-18,30.3,-84.65,31.7,1,84.22,9
2016-02-18,30.35,-84.6,32.9,1,36.43,4
2016-02-18,30.45,-84.45,48.8,2,24.79,3
2016-02-18,30.45,-83.1,11.7,1,3.93,1
2016-02-18,30.55,-83.45,34.9,2,24.88,1
2016-02-18,30.55,-81.8,7.8,1,11.66,3
2016-02-18,30.7,-87.5,41.5,1,52.34,2
2016-02-18,30.8,-85.1,59.4,2,8.49,2
2016-02-18,30.8,-85.05,98.30000000000001,2,13.26,3
2016-02-18,30.95,-86.0,121.3,2,69.9,2
2016-02-19,28.3,-82.4,12.3,1,17.97,3
2016-02-19,29.75,-82.75,19.1,1,6.12,1
2016-02-19,29.8,-84.95,50.900000000000006,2,195.28,8
2016-02-19,29.9,-84.55,189.5,4,151.87,9
2016-02-19,30.0,-82.0,473.49999999999994,5,17.869999999999997,5
2016-02-19,30.1,-83.0,8.4,1,2.4,1
2016-02-19,30.15,-83.8,18.6,2,12.66,3
2016-02-19,30.25,-82.95,9.6,1,102.17,2
2016-02-19,30.35,-84.6,7.3,1,7.59,3
2016-02-19,30.4,-83.95,13.600000000000001,2,21.060000000000002,2
2016-02-19,30.45,-84.4,47.7,2,74.28999999999999,3
2016-02-19,30.6,-85.2,12.2,1,7.94,2
2016-02-19,30.6,-83.75,24.5,2,9.64,1
2016-02-19,30.65,-86.95,11.9,2,2.77,1
2016-02-19,30.7,-86.85,101.80000000000001,3,37.08,3
2016-02-19,30.7,-86.75,9.7,1,67.85,7
2016-02-19,30.75,-86.45,5.4,1,6.3,2
2016-02-19,30.75,-85.15,4.1,1,9.94,2
2016-02-19,30.75,-85.1,15.7,2,12.17,3
2016-02-19,30.9,-85.2,30.599999999999998,2,5.53,1
2016-02-19,30.95,-86.85,60.3,2,53.89,2
2016-02-20,29.9,-82.75,22.5,1,16.02,1
2016-02-20,30.4,-83.15,148.4,3,4.59,1
2016-02-20,30.6,-83.5,126.8,2,154.03,5
2016-02-21,30.0,-85.55,489.6,3,400.78999999999996,26
2016-02-21,30.15,-83.55,17.7,2,3.19,1
2016-02-21,30.15,-83.2,4.3,1,124.45,1
2016-02-23,28.5,-81.95,10.7,2,6.23,1
2016-02-23,30.1,-83.1,15.8,2,5.27,1
2016-02-25,26.75,-80.5,19.2,1,10.99,3
2016-02-25,27.6,-80.55,7.0,1,6.01,1
2016-02-25,29.65,-83.1,19.9,2,7.14,1
2016-02-25,29.95,-84.7,12.8,1,13.440000000000001,2
2016-02-25,30.15,-84.75,109.5,2,63.97,8
2016-02-25,30.15,-83.3,26.5,2,14.92,2
2016-02-25,30.3,-85.15,51.2,2,40.85,5
2016-02-25,30.55,-83.7,86.3,2,46.95,3
2016-02-25,30.6,-83.25,27.2,3,11.6,4
2016-02-26,26.7,-80.5,30.2,1,9.9,2
2016-02-26,26.95,-80.5,120.7,2,3.82,1
2016-02-26,27.5,-82.3,599.1,5,28.21,7
2016-02-26,27.6,-81.65,12.4,1,70.24,5
2016-02-26,27.9,-82.2,60.0,2,13.3,4
2016-02-26,28.7,-81.65,33.7,1,128.48,8
2016-02-26,29.0,-82.4,22.6,1,109.03,7
2016-02-26,29.05,-81.95,9.3,1,7.59,3
2016-02-26,29.85,-82.0,16.2,1,28.86,2
2016-02-26,30.1,-84.1,45.2,2,9.85,2
2016-02-26,30.1,-81.4,17.2,1,52.16,4
2016-02-26,30.2,-84.2,13.0,1,15.72,3
2016-02-26,30.2,-82.25,10.3,1,4.24,1
2016-02-26,30.3,-84.05,8.4,1,26.12,4
2016-02-26,30.3,-82.9,13.6,1,18.82,4
2016-02-26,30.35,-86.2,8.9,1,17.86,2
2016-02-26,30.4,-86.0,6.6,1,3.0,1
2016-02-26,30.45,-83.35,10.8,1,5.0,1
2016-02-26,30.55,-84.9,8.3,1,7.83,1
2016-02-26,30.6,-85.3,55.1,3,20.71,4
2016-02-26,30.85,-87.0,38.5,3,84.22,5
2016-02-26,30.9,-86.9,37.4,2,20.9,4
2016-02-27,27.65,-81.95,83.5,2,30.29,6
2016-02-27,27.65,-81.9,59.6,1,24.16,4
2016-02-27,27.85,-80.55,167.5,3,35.339999999999996,7
2016-02-27,28.95,-82.2,17.2,1,31.55,8
2016-02-27,29.4,-81.75,20.6,2,61.46,8
2016-02-27,29.5,-82.25,36.400000000000006,2,40.49,5
2016-02-27,29.85,-81.85,35.6,1,40.3,4
2016-02-27,30.5,-86.1,94.30000000000001,2,5.85,1
2016-02-27,30.55,-86.05,59.3,1,10.66,3
2016-02-27,30.65,-86.5,946.0,3,243.42,32
2016-02-27,30.65,-86.45,650.6,3,16.060000000000002,3
2016-02-27,30.8,-85.0,17.3,1,22.62,2
2016-02-28,27.8,-80.7,23.8,2,8.72,2
2016-02-28,29.4,-81.75,25.9,1,36.46,4
2016-02-28,29.5,-82.6,8.6,1,6.91,1
2016-02-28,29.9,-81.95,37.1,2,18.279999999999998,4
2016-02-28,30.05,-85.55,64.6,1,152.95,9
2016-02-28,30.5,-86.85,65.7,3,114.04,8
2016-02-28,30.6,-84.3,16.7,1,24.56,4
2016-02-28,30.6,-83.5,90.19999999999999,4,53.77,3
2016-02-28,30.65,-86.95,173.8,4,39.18,5
2016-02-28,30.65,-84.5,13.7,2,4.6,2
2016-02-28,30.7,-87.25,5.5,1,4.49,1
2016-02-28,30.75,-87.0,3.8,1,7.41,2
2016-02-28,30.75,-85.3,5.4,1,4.53,1
2016-02-28,30.85,-86.9,105.60000000000001,3,9.4,2
2016-02-28,30.85,-85.2,7.5,1,9.18,3
2016-02-28,30.95,-85.05,32.6,1,16.06,2
2016-02-29,28.25,-80.8,12.2,1,6.51,2
2016-02-29,28.35,-81.15,48.3,1,2.65,1
2016-02-29,29.35,-82.95,19.3,2,10.26,2
2016-02-29,29.45,-82.8,9.1,1,5.43,1
2016-02-29,29.55,-82.9,153.4,2,24.450000000000003,3
2016-02-29,29.55,-82.7,9.3,1,3.09,1
2016-02-29,29.75,-85.1,17.4,1,17.03,3
2016-02-29,29.8,-84.85,177.0,1,24.29,4
2016-02-29,30.05,-83.3,9.5,1,4.83,1
2016-02-29,30.05,-82.65,10.5,1,12.64,4
2016-02-29,30.1,-84.5,101.7,4,187.84,10
2016-02-29,30.1,-84.45,22.0,2,4.33,1
2016-02-29,30.25,-83.05,10.4,2,3.57,1
2016-02-29,30.3,-85.15,6.8,1,7.82,2
2016-02-29,30.35,-82.2,11.7,1,13.31,1
2016-02-29,30.4,-83.4,11.5,1,4.21,1
2016-02-29,30.4,-83.2,5.8,1,17.34,3
2016-02-29,30.5,-83.3,6.1,1,3.46,1
2016-02-29,30.55,-84.55,14.1,1,26.02,2
2016-02-29,30.55,-84.2,7.9,1,37.36,6
2016-02-29,30.55,-82.25,15.0,2,68.92,5
2016-03-01,26.8,-81.1,74.8,2,144.25,2
2016-03-01,27.55,-81.35,138.9,2,16.26,1
2016-03-01,27.8,-82.3,7.1,1,0.47,1
2016-03-01,28.3,-82.05,98.0,3,8.84,2
2016-03-01,28.35,-81.15,35.3,1,186.60000000000002,7
2016-03-01,28.5,-81.1,24.3,1,3.95,1
2016-03-01,28.65,-81.0,24.2,1,186.01,5
2016-03-01,28.75,-81.6,5.7,1,5.34,2
2016-03-01,28.75,-81.5,127.6,2,161.0,7
2016-03-01,28.9,-81.35,170.9,2,107.56,4
2016-03-01,29.25,-83.1,6.5,1,45.15,7
2016-03-01,29.3,-82.3,40.099999999999994,2,2.63,1
2016-03-01,29.65,-83.1,12.8,1,13.8,2
2016-03-01,29.7,-82.15,10.9,1,28.52,2
2016-03-01,29.7,-81.85,414.8,3,67.3,6
2016-03-01,29.75,-82.75,37.0,2,2.66,1
2016-03-01,29.75,-82.65,7.5,1,3.86,1
2016-03-01,29.85,-83.25,5.8,1,19.04,2
2016-03-01,29.9,-84.95,92.4,2,17.85,2
2016-03-01,30.0,-81.45,16.1,1,121.81,4
2016-03-01,30.05,-83.3,18.3,1,5.41,1
2016-03-01,30.1,-82.8,18.9,2,11.41,1
2016-03-01,30.15,-84.65,757.3,7,152.5,13
2016-03-01,30.3,-82.75,5.2,1,12.44,1
2016-03-01,30.4,-83.85,10.3,2,6.21,1
2016-03-01,30.55,-83.85,14.5,2,3.87,1
2016-03-02,26.25,-81.4,4.0,1,5.89,1
2016-03-02,26.85,-81.95,10.0,1,17.3,3
2016-03-02,27.5,-80.55,453.0,2,6.69,1
2016-03-02,29.4,-83.15,131.6,1,78.75,3
2016-03-02,29.4,-83.1,75.5,1,100.66000000000001,2
2016-03-02,29.9,-84.85,87.1,2,20.27,2
2016-03-02,30.1,-85.4,9.6,1,7.76,2
2016-03-02,30.2,-81.5,39.900000000000006,2,14.82,3
2016-03-02,30.25,-84.75,9.7,1,2.35,1
2016-03-02,30.25,-83.1,3.6,1,1.41,1
2016-03-02,30.3,-84.05,115.0,2,64.41,5
2016-03-02,30.4,-83.45,12.2,1,10.969999999999999,2
2016-03-02,30.4,-82.0,8.7,1,7.470000000000001,4
2016-03-02,30.45,-85.95,30.8,1,10.48,2
2016-03-02,30.5,-85.95,122.30000000000001,2,117.28999999999999,11
2016-03-02,30.5,-85.9,50.6,1,87.64,6
2016-03-02,30.55,-84.55,77.2,3,2.97,1
2016-03-02,30.55,-83.5,42.8,3,5.99,1
2016-03-02,30.9,-86.95,286.3,3,104.13000000000001,12
2016-03-02,30.9,-86.9,83.1,2,70.49,5
2016-03-02,30.9,-86.35,11.4,1,2.97,1
2016-03-03,27.5,-81.15,92.6,2,70.09,6
2016-03-03,27.85,-81.2,39.7,1,20.590000000000003,4
2016-03-03,28.7,-82.0,26.8,1,31.909999999999997,5
2016-03-03,28.85,-82.2,79.5,2,11.59,2
2016-03-03,29.75,-84.85,91.0,2,193.42,7
2016-03-03,29.75,-82.7,11.9,1,34.0,5
2016-03-03,29.75,-82.65,6.4,1,19.77,2
2016-03-03,29.8,-84.95,18.3,1,180.91,6
2016-03-03,29.8,-84.85,188.5,2,150.22,4
2016-03-03,29.85,-83.3,182.7,4,4.31,1
2016-03-03,30.1,-84.9,128.8,3,120.64,6
2016-03-03,30.1,-84.85,666.2,5,324.04,17
2016-03-03,30.15,-85.25,15.4,1,15.36,2
2016-03-03,30.4,-85.7,11.7,1,47.83,2
2016-03-03,30.45,-83.4,11.8,1,24.67,2
2016-03-03,30.5,-83.45,58.0,3,37.92,5
2016-03-03,30.55,-84.5,8.0,1,7.57,1
2016-03-03,30.6,-84.35,66.5,3,46.15,8
2016-03-03,30.6,-83.7,83.4,2,129.64,5
2016-03-03,30.65,-84.35,13.3,1,1.72,1
2016-03-03,30.7,-85.7,22.7,1,4.27,1
2016-03-03,30.8,-81.95,23.2,1,25.25,3
2016-03-04,26.7,-82.05,76.8,1,16.939999999999998,3
2016-03-04,27.05,-81.75,73.1,2,47.96,2
2016-03-04,27.1,-81.75,61.6,1,87.0,2
2016-03-04,27.35,-82.1,344.9,3,124.34,2
2016-03-04,27.65,-81.5,4559.0,6,277.16,11
2016-03-04,27.7,-80.95,30.7,1,3.73,1
2016-03-04,28.1,-81.6,9.9,1,4.75,1
2016-03-04,28.65,-82.1,11.9,2,3.88,1
2016-03-04,28.8,-82.5,130.5,3,104.09,9
2016-03-04,28.85,-82.5,24.3,1,86.5,4
2016-03-04,28.95,-81.6,5.9,1,82.09,4
2016-03-04,30.35,-86.2,79.5,2,43.4,4
2016-03-05,29.9,-83.55,10.0,1,2.72,1
2016-03-05,30.0,-85.35,34.8,2,40.24,4
2016-03-05,30.15,-83.2,18.7,1,12.88,1
2016-03-05,30.15,-83.15,87.3,3,5.16,1
2016-03-05,30.6,-83.5,28.1,1,32.72,2
2016-03-05,30.9,-86.85,151.6,2,20.64,6
2016-03-06,27.65,-81.2,18.2,2,37.09,5
2016-03-06,28.1,-81.6,14.3,1,5.84,1
2016-03-06,29.6,-82.9,8.9,1,10.770000000000001,3
2016-03-06,29.85,-83.3,7.7,1,10.18,1
2016-03-06,30.1,-84.35,29.4,3,36.56,5
2016-03-06,30.2,-81.55,93.3,3,12.95,1
2016-03-06,30.2,-81.5,36.8,1,18.01,1
2016-03-06,30.25,-85.25,21.1,2,18.21,2
2016-03-06,30.3,-83.3,16.3,1,27.47,2
2016-03-06,30.55,-86.65,41.400000000000006,2,7.86,2
2016-03-06,30.6,-84.35,60.1,3,43.510000000000005,5
2016-03-06,30.6,-83.5,42.6,2,16.6,2
2016-03-06,30.9,-86.6,28.799999999999997,2,4.0,1
2016-03-07,26.25,-81.4,15.2,1,3.26,1
2016-03-07,27.1,-80.55,77.3,1,6.73,3
2016-03-07,27.5,-81.45,88.6,2,37.5,4
2016-03-07,27.85,-81.2,1485.2,3,234.9,7
2016-03-07,27.95,-81.5,108.6,2,272.32,5
2016-03-07,28.05,-81.1,27.2,1,2.45,1
2016-03-07,28.1,-81.2,31.9,1,60.82,2
2016-03-07,28.15,-80.8,13.0,1,10.55,1
2016-03-07,28.2,-81.55,226.3,1,29.14,2
2016-03-07,29.75,-84.9,9.3,1,121.22000000000001,6
2016-03-07,29.85,-83.25,9.6,1,27.15,2
2016-03-07,30.0,-83.05,64.9,2,141.6,6
2016-03-07,30.1,-84.35,10.4,1,27.64,4
2016-03-07,30.25,-83.05,6.1,1,1.95,1
2016-03-07,30.3,-83.9,280.0,3,46.7,2
2016-03-07,30.35,-83.9,78.4,4,108.20000000000002,3
2016-03-07,30.4,-84.7,10.2,1,2.04,1
2016-03-07,30.55,-86.65,255.3,2,142.24,4
2016-03-07,30.55,-84.7,31.2,1,16.53,2
2016-03-07,30.55,-81.55,13.5,1,15.44,3
2016-03-07,30.6,-86.65,860.9,2,239.51,9
2016-03-07,30.6,-84.6,24.1,1,15.37,1
2016-03-07,30.6,-84.35,12.5,1,38.81,5
2016-03-07,30.6,-84.05,6.9,1,12.6,2
2016-03-07,30.65,-84.5,25.0,1,11.8,2
2016-03-08,27.1,-82.3,12.5,1,215.78,6
2016-03-08,27.25,-81.15,35.4,2,72.28,4
2016-03-08,27.95,-81.5,17.4,1,65.22,6
2016-03-08,29.2,-83.0,32.8,1,23.3,4
2016-03-08,29.45,-82.6,54.900000000000006,2,32.05,4
2016-03-08,29.5,-82.05,9.9,1,7.8100000000000005,3
2016-03-08,29.65,-83.15,11.7,1,3.08,1
2016-03-08,29.75,-84.85,13.3,1,38.21,3
2016-03-08,29.75,-83.05,22.0,1,25.78,4
2016-03-08,29.8,-82.9,25.8,2,8.72,1
2016-03-08,29.85,-85.1,125.19999999999999,4,416.85,12
2016-03-08,29.85,-83.65,11.0,1,3.62,1
2016-03-08,29.95,-83.05,12.8,1,12.5,2
2016-03-08,29.95,-82.55,8.6,1,21.45,3
2016-03-08,30.0,-84.65,15.7,1,31.830000000000002,3
2016-03-08,30.3,-83.95,12.2,1,7.27,1
2016-03-08,30.3,-83.9,11.3,1,87.44,5
2016-03-08,30.4,-86.0,33.5,2,5.87,1
2016-03-08,30.4,-84.7,22.1,2,8.3,2
2016-03-08,30.4,-84.1,303.1,8,144.08,24
2016-03-08,30.4,-84.05,43.0,2,81.55,13
2016-03-08,30.45,-86.85,52.9,1,69.28,2
2016-03-08,30.45,-86.8,41.6,1,78.66,3
2016-03-08,30.45,-83.4,13.0,1,19.55,3
2016-03-08,30.55,-86.3,51.3,3,761.25,11
2016-03-08,30.55,-84.25,71.1,3,334.68,20
2016-03-08,30.55,-84.2,9.0,1,29.98,5
2016-03-08,30.55,-83.8,12.0,1,28.89,5
2016-03-08,30.6,-84.35,11.4,1,6.12,1
2016-03-08,30.6,-84.2,73.1,4,58.41,7
2016-03-08,30.6,-84.05,29.5,2,49.870000000000005,7
2016-03-08,30.6,-84.0,16.1,2,6.35,1
2016-03-08,30.6,-83.5,45.6,3,25.009999999999998,2
2016-03-08,30.6,-83.25,9.0,1,3.94,1
2016-03-08,30.65,-84.1,24.7,1,11.9,3
2016-03-08,30.8,-86.95,130.7,3,58.73,5
2016-03-09,29.85,-82.0,127.2,3,65.39,6
2016-03-09,30.35,-83.95,11.9,1,118.77000000000001,4
2016-03-09,30.4,-84.1,287.5,2,47.02,7
2016-03-09,30.45,-86.9,260.8,3,4.56,1
2016-03-09,30.45,-86.85,64.2,1,97.44,12
2016-03-09,30.45,-86.8,227.5,1,1271.68,47
2016-03-09,30.5,-86.9,80.6,2,8.54,2
2016-03-09,30.5,-83.3,13.6,1,0.71,1
2016-03-09,30.55,-84.55,14.2,1,9.12,2
2016-03-09,30.55,-84.5,83.6,3,4.56,1
2016-03-09,30.55,-84.2,49.2,1,37.71,7
2016-03-09,30.55,-84.15,93.9,2,177.91,11
2016-03-09,30.6,-84.0,12.5,2,7.63,1
2016-03-09,30.65,-84.35,20.1,1,2.61,1
2016-03-10,27.3,-81.95,51.9,2,60.17,2
2016-03-10,27.7,-80.9,34.400000000000006,2,70.91,4
2016-03-10,27.9,-81.05,598.1,7,259.33,15
2016-03-10,28.0,-81.3,9.8,1,3.35,1
2016-03-10,28.05,-81.35,37.2,2,49.370000000000005,5
2016-03-10,28.3,-82.1,21.1,1,101.86,7
2016-03-10,28.55,-81.75,5.5,1,8.559999999999999,2
2016-03-10,29.4,-83.15,71.5,3,91.15,12
2016-03-10,29.5,-81.8,11.5,1,21.23,1
2016-03-10,29.85,-83.3,16.1,1,3.14,1
2016-03-10,30.0,-82.85,19.5,1,28.86,3
2016-03-10,30.2,-83.1,6.1,1,6.63,1
2016-03-10,30.35,-83.95,139.3,2,167.98,10
2016-03-10,30.45,-83.3,15.9,1,11.78,2
2016-03-10,30.6,-83.8,62.199999999999996,2,61.43000000000001,5
2016-03-10,30.6,-83.3,18.3,1,2.19,1
2016-03-10,30.6,-83.25,84.39999999999999,2,69.54,7
2016-03-10,30.9,-86.0,10.4,1,2.97,1
2016-03-12,26.55,-80.9,64.8,1,14.559999999999999,2
2016-03-12,27.3,-81.55,57.2,3,18.28,3
2016-03-12,30.25,-83.3,100.6,1,3.63,1
2016-03-14,25.95,-81.05,97.6,1,10.71,2
2016-03-14,26.6,-80.55,19.7,1,5.57,1
2016-03-14,26.8,-81.5,54.4,2,12.67,2
2016-03-14,27.1,-80.2,255.9,2,52.370000000000005,7
2016-03-14,30.4,-84.05,196.7,3,5.02,1
2016-03-14,30.5,-84.05,28.7,1,130.93,11
2016-03-14,30.55,-84.15,31.6,1,48.53,4
2016-03-14,30.55,-84.1,96.9,3,38.64,3
2016-03-14,30.55,-84.05,8.4,1,12.7,1
2016-03-14,30.6,-84.1,42.599999999999994,2,15.38,2
2016-03-14,30.6,-83.75,43.6,1,12.24,2
2016-03-14,30.65,-84.8,7.6,1,26.72,3
2016-03-14,30.65,-84.25,11.4,1,36.83,3
2016-03-14,30.65,-84.05,14.5,1,14.260000000000002,3
2016-03-15,26.25,-80.85,23.3,1,20.33,2
2016-03-15,26.3,-81.3,17.3,1,26.46,2
2016-03-15,26.65,-81.7,22.4,2,21.74,2
2016-03-15,26.65,-80.9,243.8,4,149.34,2
2016-03-15,26.8,-81.95,7.4,1,38.89,4
2016-03-15,26.8,-81.55,58.6,4,24.61,2
2016-03-15,26.9,-81.7,36.8,2,9.81,1
2016-03-15,26.95,-80.2,238.8,4,34.08,2
2016-03-15,27.3,-82.0,15.0,1,25.55,3
2016-03-15,27.3,-81.55,131.1,2,18.73,1
2016-03-15,27.4,-81.2,59.3,2,7.17,1
2016-03-15,27.55,-81.6,20.2,1,7.86,1
2016-03-15,27.8,-81.1,158.7,5,78.22,6
2016-03-15,28.0,-81.2,476.1,4,149.1,7
2016-03-15,28.05,-81.15,42.3,2,14.62,3
2016-03-15,28.1,-81.45,26.6,1,17.52,3
2016-03-15,28.2,-82.0,112.9,1,10.79,1
2016-03-15,28.2,-81.95,83.5,1,30.38,1
2016-03-15,28.3,-81.2,61.5,1,70.48,3
2016-03-15,28.4,-82.15,311.3,5,116.9,6
2016-03-15,28.4,-82.1,37.3,2,303.52,15
2016-03-15,28.45,-80.95,282.5,4,214.02,8
2016-03-15,28.45,-80.7,143.5,3,206.88,17
2016-03-15,28.9,-82.3,23.3,1,11.93,2
2016-03-15,29.1,-81.9,11.1,1,6.46,1
2016-03-15,29.5,-81.75,48.5,2,28.479999999999997,3
2016-03-15,29.55,-82.9,47.199999999999996,2,16.32,2
2016-03-15,29.85,-82.8,20.299999999999997,2,20.88,4
2016-03-15,29.95,-82.0,17.2,1,43.870000000000005,2
2016-03-15,30.0,-84.8,27.0,2,88.14,8
2016-03-15,30.0,-82.9,47.8,2,81.27,4
2016-03-15,30.25,-85.75,37.2,1,28.39,5
2016-03-15,30.4,-84.05,154.2,3,26.18,2
2016-03-15,30.4,-84.0,157.9,6,178.19,12
2016-03-15,30.5,-84.15,31.4,2,4.27,1
2016-03-15,30.55,-84.55,7.0,1,20.669999999999998,3
2016-03-15,30.55,-84.35,31.200000000000003,2,26.72,4
2016-03-15,30.55,-84.1,12.8,1,26.15,4
2016-03-15,30.55,-84.05,81.0,4,78.80000000000001,13
2016-03-15,30.55,-84.0,44.6,2,20.54,4
2016-03-15,30.6,-84.6,26.0,1,23.13,2
2016-03-15,30.6,-84.2,89.8,3,139.46,12
2016-03-15,30.6,-84.15,17.5,1,6.109999999999999,2
2016-03-15,30.6,-83.8,47.7,2,45.4,4
2016-03-15,30.6,-83.75,14.3,1,18.69,3
2016-03-15,30.6,-83.7,17.2,2,8.3,1
2016-03-15,30.6,-83.6,10.1,1,6.69,1
2016-03-15,30.65,-85.95,14.4,1,8.34,1
2016-03-15,30.65,-84.3,9.6,1,16.81,2
2016-03-15,30.65,-84.25,44.3,3,17.93,3
2016-03-15,30.65,-84.15,6.8,1,48.54,8
2016-03-15,30.65,-83.95,174.4,4,5.32,1
2016-03-15,30.85,-85.55,18.4,1,6.33,1
2016-03-16,26.3,-81.3,15.2,1,17.47,2
2016-03-16,27.55,-81.6,18.4,2,7.72,1
2016-03-16,27.55,-81.4,37.5,2,6.03,1
2016-03-16,28.0,-81.0,275.8,5,53.989999999999995,6
2016-03-16,28.35,-82.15,39.0,2,104.38,14
2016-03-16,28.5,-81.0,27.5,2,23.03,1
2016-03-16,28.55,-82.3,172.9,2,71.9,5
2016-03-16,28.6,-82.3,63.9,2,106.79,7
2016-03-16,28.7,-81.5,18.7,1,53.68000000000001,6
2016-03-16,29.5,-81.75,24.4,1,4.69,1
2016-03-16,29.65,-83.1,42.400000000000006,2,8.7,2
2016-03-16,29.95,-82.0,50.7,2,34.17,3
2016-03-16,30.15,-85.2,31.7,1,22.11,5
2016-03-16,30.25,-85.75,6.3,1,5.01,1
2016-03-16,30.3,-85.75,16.9,1,5.01,1
2016-03-16,30.4,-83.05,18.5,1,50.09,5
2016-03-16,30.55,-84.05,65.4,2,20.91,4
2016-03-16,30.55,-84.0,6.7,1,10.43,1
2016-03-16,30.55,-83.95,20.6,2,13.46,3
2016-03-16,30.55,-81.55,10.3,1,5.47,1
2016-03-16,30.6,-84.25,6.1,1,18.5,2
2016-03-16,30.6,-84.2,31.7,2,27.09,3
2016-03-16,30.6,-83.95,16.8,1,92.19,5
2016-03-16,30.6,-83.65,4.9,1,2.32,1
2016-03-16,30.65,-84.2,10.5,1,29.93,5
2016-03-16,30.65,-84.1,7.4,1,37.45,5
2016-03-17,26.2,-80.4,30.2,1,17.16,4
2016-03-17,26.8,-81.5,69.0,3,22.66,2
2016-03-17,27.25,-82.0,22.6,1,5.67,1
2016-03-17,27.6,-81.7,64.9,1,137.29,6
2016-03-17,28.6,-82.35,6.5,1,15.91,2
2016-03-17,28.6,-80.75,15.1,1,26.58,5
2016-03-17,28.65,-80.75,25.6,1,16.310000000000002,3
2016-03-21,29.55,-82.5,8.1,1,7.720000000000001,2
2016-03-21,29.8,-85.0,20.7,1,5.72,2
2016-03-21,29.8,-84.95,362.6,6,61.29,11
2016-03-21,30.1,-85.45,15.600000000000001,2,6.49,2
2016-03-21,30.35,-86.2,8.3,1,5.64,2
2016-03-21,30.35,-85.15,8.0,1,21.77,1
2016-03-21,30.35,-85.0,15.8,2,7.71,3
2016-03-21,30.35,-83.9,56.0,2,19.200000000000003,4
2016-03-21,30.45,-84.65,55.2,3,2.42,1
2016-03-21,30.5,-85.95,69.30000000000001,2,9.61,2
2016-03-21,30.5,-85.9,74.5,3,24.720000000000002,5
2016-03-21,30.5,-84.1,12.9,1,1.72,1
2016-03-21,30.55,-84.75,11.7,1,6.6,2
2016-03-21,30.55,-84.15,11.6,1,33.9,7
2016-03-21,30.55,-83.95,42.8,2,8.08,2
2016-03-21,30.6,-84.4,37.4,2,27.54,4
2016-03-21,30.6,-84.25,12.8,1,4.68,1
2016-03-21,30.6,-83.95,81.30000000000001,4,24.36,7
2016-03-21,30.65,-85.65,51.9,3,5.45,1
2016-03-21,30.65,-84.2,32.5,2,39.11,9
2016-03-21,30.65,-83.85,19.9,1,20.64,5
2016-03-21,30.8,-85.2,14.0,1,9.01,1
2016-03-21,30.95,-87.55,25.8,1,25.349999999999998,3
2016-03-21,30.95,-86.7,11.7,2,20.94,2
2016-03-22,25.8,-81.25,512.7,5,65.4,10
2016-03-22,25.8,-81.2,94.0,2,1247.02,40
2016-03-22,25.85,-81.2,160.8,2,73.92,15
2016-03-22,26.3,-81.3,11.1,1,8.54,2
2016-03-22,26.85,-81.8,236.3,4,30.400000000000002,3
2016-03-22,27.0,-82.3,70.7,1,116.74000000000001,4
2016-03-22,27.15,-81.5,216.8,7,75.56,8
2016-03-22,27.25,-82.3,122.6,3,26.02,1
2016-03-22,27.25,-82.25,478.79999999999995,5,11.75,3
2016-03-22,27.3,-82.4,66.0,2,4.85,1
2016-03-22,27.35,-82.15,31.0,3,12.04,2
2016-03-22,27.45,-82.1,11.5,1,19.29,3
2016-03-22,27.45,-81.95,55.8,2,17.97,1
2016-03-22,27.5,-81.95,13.5,1,17.97,1
2016-03-22,27.5,-81.25,33.9,1,27.200000000000003,5
2016-03-22,27.55,-81.05,25.5,1,136.43,7
2016-03-22,27.6,-81.4,11.3,1,8.91,1
2016-03-22,27.65,-81.25,24.799999999999997,2,12.18,2
2016-03-22,27.75,-81.05,9.9,1,3.31,1
2016-03-22,27.75,-81.0,13.5,1,4.43,1
2016-03-22,27.85,-81.2,254.9,4,76.21000000000001,8
2016-03-22,27.85,-80.7,53.6,3,60.57,3
2016-03-22,27.9,-81.25,25.3,1,7.91,2
2016-03-22,27.9,-81.2,59.2,1,50.44,6
2016-03-22,28.3,-82.05,20.2,1,4.73,1
2016-03-22,29.25,-81.95,23.0,1,19.18,2
2016-03-22,29.4,-83.15,159.9,4,76.06,6
2016-03-22,29.65,-83.1,43.7,2,12.149999999999999,2
2016-03-22,30.0,-84.8,38.099999999999994,2,22.060000000000002,5
2016-03-22,30.0,-82.85,111.8,2,167.64000000000001,5
2016-03-22,30.05,-82.85,11.4,1,8.58,2
2016-03-22,30.35,-83.95,13.3,1,134.89,6
2016-03-22,30.35,-83.9,13.1,1,95.97999999999999,6
2016-03-22,30.35,-83.8,26.4,1,8.56,1
2016-03-22,30.4,-83.8,35.5,1,23.86,3
2016-03-22,30.55,-85.85,95.0,2,5.73,2
2016-03-22,30.55,-84.15,18.8,1,18.04,2
2016-03-22,30.55,-83.95,64.0,3,70.52,8
2016-03-22,30.55,-83.85,56.5,3,18.15,1
2016-03-22,30.55,-82.75,12.9,1,4.62,1
2016-03-22,30.6,-84.65,24.9,1,8.4,2
2016-03-22,30.6,-84.6,9.1,1,6.03,1
2016-03-22,30.6,-84.2,39.3,1,83.74,13
2016-03-22,30.6,-84.05,25.0,1,30.48,6
2016-03-22,30.6,-84.0,52.3,2,91.25,18
2016-03-22,30.6,-83.95,19.5,1,31.86,7
2016-03-22,30.6,-83.7,34.4,2,33.41,6
2016-03-22,30.65,-84.15,16.0,1,5.95,2
2016-03-22,30.65,-83.95,12.6,1,5.97,1
2016-03-22,30.65,-83.85,22.3,1,8.05,2
2016-03-22,30.7,-87.5,77.6,1,4.93,1
2016-03-22,30.9,-86.1,5.0,1,11.21,1
2016-03-22,30.95,-86.7,11.9,1,22.11,3
2016-03-23,27.1,-82.35,26.5,1,14.58,1
2016-03-23,27.3,-81.75,17.7,1,8.15,1
2016-03-23,27.35,-80.9,112.5,2,13.93,2
2016-03-23,27.6,-82.15,29.8,1,46.38,2
2016-03-23,27.75,-81.05,16.8,1,8.530000000000001,2
2016-03-23,27.8,-81.15,157.9,1,18.28,2
2016-03-23,29.3,-82.0,16.3,1,4.13,1
2016-03-23,29.55,-82.9,10.1,1,3.36,1
2016-03-23,29.6,-83.15,8.4,1,3.55,1
2016-03-23,29.7,-82.9,75.4,3,22.4,2
2016-03-23,29.7,-81.85,106.1,2,3.93,1
2016-03-23,29.75,-82.75,86.3,2,4.42,1
2016-03-23,29.8,-85.0,28.1,1,35.31,1
2016-03-23,29.85,-85.0,8.5,1,21.64,4
2016-03-23,29.85,-82.0,141.3,5,53.11,4
2016-03-23,29.95,-82.85,8.0,1,2.64,1
2016-03-23,30.0,-82.85,397.2,2,48.6,4
2016-03-23,30.0,-82.8,143.0,3,80.02,7
2016-03-23,30.1,-83.05,11.1,1,7.56,1
2016-03-23,30.5,-83.2,119.2,2,10.55,1
2016-03-23,30.55,-84.5,51.699999999999996,2,11.33,2
2016-03-23,30.6,-84.25,38.5,1,77.39,8
2016-03-23,30.6,-84.2,11.7,1,31.88,7
2016-03-23,30.6,-84.05,36.2,1,14.05,2
2016-03-23,30.6,-84.0,34.900000000000006,2,38.14,7
2016-03-23,30.6,-83.95,15.5,1,11.44,1
2016-03-30,30.0,-82.85,30.6,1,3.97,2
2016-03-31,27.1,-82.25,24.5,1,19.11,1
2016-03-31,27.2,-81.3,18.5,1,6.89,1
2016-03-31,27.3,-81.65,18.8,1,37.49,3
2016-03-31,28.6,-82.35,35.2,2,57.11,3
2016-04-01,27.1,-82.35,13.0,1,12.440000000000001,2
2016-04-01,27.2,-81.25,11.9,1,12.86,3
2016-04-01,27.75,-80.6,916.4,5,27.400000000000002,6
2016-04-02,26.7,-80.6,8.6,1,8.64,2
2016-04-03,30.55,-86.85,366.9,4,119.2,16
2016-04-04,26.3,-81.3,11.5,1,14.92,2
2016-04-04,27.3,-82.4,38.9,3,84.33,3
2016-04-04,27.6,-81.05,147.3,5,269.65999999999997,26
2016-04-04,27.6,-81.0,133.9,3,176.21,17
2016-04-04,27.65,-81.35,65.6,2,104.05,5
2016-04-04,27.7,-80.85,22.400000000000002,2,2.65,1
2016-04-04,27.8,-80.65,29.7,1,19.47,1
2016-04-04,27.85,-80.65,83.6,2,159.98,11
2016-04-04,28.1,-80.95,26.7,1,10.79,1
2016-04-04,28.75,-81.6,8.3,1,2.84,1
2016-04-04,28.9,-81.0,8.1,1,8.89,2
2016-04-04,30.0,-82.85,123.0,3,12.51,3
2016-04-04,30.1,-82.7,6.2,1,12.649999999999999,3
2016-04-04,30.15,-83.1,5.0,1,4.63,2
2016-04-04,30.4,-83.95,33.8,1,50.79,3
2016-04-04,30.4,-83.9,127.0,1,11.32,2
2016-04-04,30.4,-83.8,11.7,1,4.16,2
2016-04-04,30.65,-84.2,14.7,1,8.35,2
2016-04-04,30.7,-81.8,28.700000000000003,2,44.84,7
2016-04-05,25.35,-80.65,221.39999999999998,5,45.96,3
2016-04-05,25.75,-81.05,56.2,1,112.56,17
2016-04-05,26.6,-81.35,23.5,1,10.48,3
2016-04-05,26.65,-81.4,49.5,2,11.37,1
2016-04-05,26.85,-81.85,142.4,2,174.5,3
2016-04-05,27.1,-80.45,13.2,1,21.04,4
2016-04-05,27.1,-80.35,6.6,1,17.64,2
2016-04-05,27.15,-80.5,9.8,1,8.91,1
2016-04-05,27.35,-82.3,69.9,2,4.82,1
2016-04-05,27.35,-81.6,10.0,1,33.36,3
2016-04-05,27.5,-81.95,70.4,2,13.469999999999999,2
2016-04-05,27.6,-81.05,211.3,6,86.13000000000001,5
2016-04-05,27.7,-81.1,121.5,1,154.53,3
2016-04-05,27.7,-81.05,398.0,1,312.03000000000003,6
2016-04-05,27.7,-80.85,153.5,2,37.73,4
2016-04-05,27.75,-80.65,5.3,1,3.25,1
2016-04-05,28.2,-81.15,16.5,1,11.3,2
2016-04-05,28.2,-81.1,9.1,1,17.43,1
2016-04-05,28.3,-80.95,126.5,4,239.63,10
2016-04-05,28.35,-82.0,31.200000000000003,2,9.96,2
2016-04-05,28.4,-82.3,12.7,1,6.52,1
2016-04-05,28.6,-82.35,43.0,2,16.76,2
2016-04-05,28.65,-81.1,84.0,4,24.88,2
2016-04-05,28.75,-81.6,8.4,1,9.51,2
2016-04-05,29.2,-83.0,36.1,1,42.86,3
2016-04-05,29.7,-83.1,13.6,1,18.630000000000003,2
2016-04-05,29.85,-85.0,33.2,2,7.52,2
2016-04-05,29.85,-82.95,14.9,1,3.45,1
2016-04-05,29.9,-83.0,8.6,1,4.57,1
2016-04-05,30.05,-82.7,12.5,1,5.64,1
2016-04-05,30.25,-84.35,80.2,4,107.69999999999999,2
2016-04-05,30.3,-84.4,1166.1,7,13.92,2
2016-04-05,30.6,-84.1,11.1,1,7.03,1
2016-04-05,30.6,-83.95,102.39999999999999,2,100.06,9
2016-04-06,27.55,-81.0,71.0,2,150.58,13
2016-04-06,27.75,-82.15,19.4,1,15.419999999999998,3
2016-04-06,27.8,-81.5,114.3,2,5.11,1
2016-04-06,28.15,-82.1,15.7,1,10.98,1
2016-04-06,28.35,-82.0,22.7,1,35.650000000000006,8
2016-04-06,28.7,-82.05,37.7,1,24.58,2
2016-04-07,26.05,-81.55,28.1,2,140.76,3
2016-04-07,26.25,-80.95,27.7,1,7.67,1
2016-04-07,26.95,-82.3,12.7,1,45.87,3
2016-04-07,26.95,-80.2,34.9,2,17.73,3
2016-04-07,27.15,-82.45,29.5,1,14.440000000000001,4
2016-04-07,27.45,-81.15,65.4,2,16.25,4
2016-04-07,28.3,-81.2,313.0,1,168.66000000000003,2
2016-04-07,29.1,-81.7,378.4,3,37.5,3
2016-04-07,30.55,-84.9,105.5,3,161.46,11
2016-04-07,30.6,-84.2,16.1,1,15.400000000000002,4
2016-04-07,30.8,-86.9,37.5,2,20.12,3
2016-04-07,30.85,-86.9,7.1,1,3.8,1
2016-04-07,30.85,-86.65,141.29999999999998,4,13.559999999999999,2
2016-04-07,30.9,-86.65,117.0,3,74.59,5
2016-04-08,26.8,-82.25,57.6,1,25.58,2
2016-04-08,27.55,-81.45,88.6,2,16.98,2
2016-04-08,27.7,-80.9,39.7,2,11.64,2
2016-04-08,28.05,-81.15,106.0,2,6.5,1
2016-04-08,28.45,-81.0,27.9,1,4.22,1
2016-04-08,28.5,-81.0,28.2,1,4.3,1
2016-04-08,29.7,-83.1,19.3,1,6.85,1
2016-04-08,29.9,-83.0,20.8,1,24.4,4
2016-04-08,30.35,-84.65,40.7,3,11.84,2
2016-04-08,30.5,-84.9,13.4,1,7.87,2
2016-04-08,30.5,-83.3,9.4,1,4.83,1
2016-04-08,30.55,-86.45,1219.1,7,288.56,13
2016-04-08,30.55,-84.9,5.5,1,6.1899999999999995,2
2016-04-08,30.6,-84.2,18.2,1,35.36,6
2016-04-08,30.6,-84.1,16.3,2,5.31,1
2016-04-08,30.65,-86.95,42.900000000000006,2,12.06,2
2016-04-08,30.65,-86.85,136.9,2,95.09,11
2016-04-08,30.9,-86.9,40.5,1,60.86,7
2016-04-08,30.9,-86.85,219.4,4,280.58,16
2016-04-09,28.45,-81.1,56.0,2,51.65,6
2016-04-09,29.25,-81.3,71.0,2,38.85,4
2016-04-09,30.45,-84.9,106.5,2,19.27,3
2016-04-09,30.45,-84.85,112.4,2,8.37,1
2016-04-09,30.6,-86.5,263.9,1,5.96,2
2016-04-09,30.6,-84.2,15.7,2,11.41,7
2016-04-09,30.65,-86.5,1093.7,3,82.82000000000001,5
2016-04-09,30.65,-86.1,4.7,1,1.22,1
2016-04-09,30.9,-87.55,65.5,2,2.43,1
2016-04-10,25.35,-80.7,376.70000000000005,4,74.82,5
2016-04-10,30.65,-84.2,6.8,1,96.96000000000001,9
2016-04-11,25.4,-80.7,151.9,6,213.97,23
2016-04-11,29.95,-84.55,6.9,1,12.219999999999999,3
2016-04-11,30.25,-84.55,85.5,2,14.25,3
2016-04-11,30.3,-84.55,868.8,4,132.12,24
2016-04-11,30.4,-83.85,21.0,1,7.83,1
2016-04-11,30.4,-83.8,10.9,1,16.36,2
2016-04-11,30.6,-86.75,40.3,1,41.01,10
2016-04-11,30.6,-83.8,21.0,1,30.419999999999998,5
2016-04-11,30.65,-86.9,24.2,1,30.48,2
2016-04-11,30.65,-84.1,110.0,3,49.3,6
2016-04-12,28.05,-81.45,135.6,2,14.76,3
2016-04-12,28.2,-82.15,13.4,1,15.18,1
2016-04-12,29.5,-82.3,6.6,1,7.8,1
2016-04-15,27.15,-80.65,12.4,1,5.27,1
2016-04-16,27.3,-81.5,36.8,1,46.51,3
2016-04-17,30.6,-86.6,85.4,1,147.67000000000002,10
2016-04-17,30.65,-86.65,10.5,1,44.67,9
2016-04-18,29.7,-82.7,156.3,3,20.259999999999998,2
2016-04-18,29.95,-84.55,46.9,2,88.80000000000001,5
2016-04-18,30.15,-83.85,24.8,1,24.08,2
2016-04-18,30.25,-82.8,10.2,1,9.39,2
2016-04-18,30.4,-84.9,50.0,1,17.08,2
2016-04-18,30.4,-83.8,15.3,1,23.13,3
2016-04-18,30.4,-83.45,24.1,2,7.93,1
2016-04-18,30.45,-84.9,198.0,3,28.5,4
2016-04-18,30.5,-84.15,22.7,2,3.01,1
2016-04-18,30.6,-84.2,19.2,2,22.54,6
2016-04-18,30.6,-84.0,15.399999999999999,2,9.18,1
2016-04-18,30.65,-84.3,7.0,1,9.27,2
2016-04-18,30.65,-84.1,37.0,3,27.07,7
2016-04-19,26.05,-81.55,147.2,4,55.55,5
2016-04-19,26.85,-80.25,25.2,1,8.53,1
2016-04-19,27.05,-82.3,98.5,3,268.55,10
2016-04-19,27.55,-82.15,157.10000000000002,4,9.8,2
2016-04-19,27.8,-81.85,25.2,1,5.49,1
2016-04-19,28.1,-81.0,198.8,2,30.22,3
2016-04-19,28.55,-82.6,8.0,1,3.13,1
2016-04-19,29.1,-81.65,262.8,1,50.58,5
2016-04-19,29.35,-83.1,127.6,4,102.06,10
2016-04-19,29.6,-82.55,18.9,1,13.44,2
2016-04-19,29.7,-83.5,91.1,2,43.93,7
2016-04-19,29.75,-81.35,8.4,1,6.6,2
2016-04-19,29.9,-84.55,43.4,2,13.4,1
2016-04-19,29.95,-84.55,22.9,1,40.59,6
2016-04-19,29.95,-82.85,20.0,2,25.7,4
2016-04-19,30.25,-82.8,33.9,2,8.95,1
2016-04-19,30.3,-83.15,8.4,1,5.94,1
2016-04-19,30.45,-83.45,10.8,1,3.5,1
2016-04-19,30.45,-82.8,59.7,2,13.84,1
2016-04-19,30.5,-84.85,114.2,1,46.52,5
2016-04-19,30.5,-82.8,116.0,3,115.9,9
2016-04-19,30.6,-84.2,12.7,1,12.58,6
2016-04-20,26.95,-80.25,32.5,2,5.6,1
2016-04-20,26.95,-80.15,12.8,1,21.61,3
2016-04-20,28.35,-82.1,539.9,5,43.82,7
2016-04-20,28.75,-82.4,26.3,2,6.64,1
2016-04-20,30.4,-83.85,23.1,1,4.63,1
2016-04-20,30.5,-83.35,35.9,2,42.8,5
2016-04-20,30.65,-84.1,13.6,1,10.73,2
2016-04-21,26.3,-81.3,33.6,1,13.69,1
2016-04-21,28.3,-81.95,71.5,2,55.19,6
2016-04-21,29.8,-84.9,143.7,2,252.25,4
2016-04-21,29.85,-84.9,374.3,3,514.0500000000001,20
2016-04-21,29.85,-84.85,41.1,1,51.86,7
2016-04-22,27.6,-81.1,42.2,1,88.28999999999999,7
2016-04-22,28.05,-80.95,133.4,1,4.57,1
2016-04-23,27.1,-82.0,9.4,1,3.68,1
2016-04-23,27.55,-81.25,87.2,3,8.92,1
2016-04-23,30.5,-86.9,15.2,1,78.99,3
2016-04-24,25.9,-80.4,5.1,1,7.32,4
2016-04-24,27.65,-81.3,248.0,4,83.64,3
2016-04-24,30.5,-86.85,102.2,2,119.59,15
2016-04-24,30.5,-86.65,403.8,5,317.15,31
2016-04-24,30.5,-86.6,104.5,1,177.13,9
2016-04-24,30.65,-85.6,8.8,1,16.58,4
2016-04-25,27.1,-82.25,38.4,1,13.41,1
2016-04-25,30.0,-85.5,27.5,2,5.99,1
2016-04-25,30.2,-85.85,9.8,1,46.06,5
2016-04-26,27.35,-81.1,46.9,2,5.87,1
2016-04-26,27.95,-81.05,200.0,4,111.09,5
2016-04-26,28.7,-81.5,66.8,3,9.5,1
2016-04-26,30.2,-85.8,8.7,1,47.82000000000001,4
2016-04-27,26.65,-81.1,65.89999999999999,2,76.12,6
2016-04-27,27.45,-81.15,28.4,1,7.19,1
2016-04-27,28.05,-81.05,88.8,4,196.74,2
2016-04-27,29.45,-82.85,14.5,1,14.879999999999999,3
2016-04-27,29.85,-84.75,110.9,2,99.11,10
2016-04-27,29.9,-84.75,183.89999999999998,3,124.0,6
2016-04-27,30.6,-83.8,42.5,2,11.5,2
2016-04-28,26.9,-80.3,25.2,1,30.41,2
2016-04-28,26.95,-82.3,10.3,1,24.44,1
2016-04-28,26.95,-80.3,74.0,2,23.1,1
2016-04-28,27.0,-82.4,8.6,1,6.93,1
2016-04-28,27.1,-81.15,9.4,1,90.95,8
2016-04-28,27.1,-80.95,25.1,2,8.44,1
2016-04-28,27.15,-81.65,24.799999999999997,2,75.97,3
2016-04-28,29.2,-81.8,1338.0000000000002,4,33.989999999999995,2
2016-04-29,25.95,-81.35,55.7,2,12.540000000000001,3
2016-04-29,25.95,-81.3,22.9,1,6.17,2
2016-04-29,27.0,-80.25,5.4,1,7.22,1
2016-04-29,29.3,-81.85,388.9,3,21.36,2
2016-04-29,30.1,-85.35,18.1,1,11.69,1
2016-05-01,27.55,-81.2,475.0,7,211.66000000000003,9
2016-05-02,25.95,-81.3,21.6,2,0.41,1
2016-05-02,26.8,-81.85,10.0,1,16.240000000000002,2
2016-05-02,26.85,-80.3,44.7,1,17.71,2
2016-05-02,26.95,-81.8,9.5,1,18.16,2
2016-05-02,27.35,-81.1,61.699999999999996,2,16.14,3
2016-05-03,26.8,-81.85,56.7,1,61.199999999999996,3
2016-05-03,27.0,-81.45,66.3,1,25.299999999999997,2
2016-05-03,27.1,-82.35,422.5,2,118.74,1
2016-05-03,27.1,-82.3,193.9,2,118.14000000000001,8
2016-05-03,27.65,-81.2,159.9,2,15.1,3
2016-05-03,27.95,-82.05,26.1,1,9.8,2
2016-05-03,28.05,-82.1,14.0,1,45.59,5
2016-05-05,27.05,-82.35,10.3,1,6.93,2
2016-05-05,30.1,-84.1,101.1,2,175.81,27
2016-05-05,30.1,-84.05,166.3,4,53.230000000000004,11
2016-05-05,30.25,-85.75,42.2,1,23.67,4
2016-05-05,30.4,-85.9,9.5,1,4.89,1
2016-05-05,30.6,-83.95,22.5,1,21.259999999999998,5
2016-05-05,30.6,-83.7,7.0,1,20.39,5
2016-05-05,30.75,-86.9,130.8,4,5.83,2
2016-05-06,26.15,-81.45,72.6,1,5.71,1
2016-05-06,26.65,-80.9,144.5,2,3.48,1
2016-05-06,27.0,-81.3,7.3,1,8.26,1
2016-05-06,27.45,-80.55,6.3,1,6.91,2
2016-05-06,27.55,-81.1,8.3,1,6.13,1
2016-05-06,27.75,-80.7,5.5,1,4.51,1
2016-05-06,28.8,-82.5,539.7,7,422.43,21
2016-05-06,29.2,-82.1,123.6,5,104.11,14
2016-05-06,29.45,-82.6,101.2,4,8.25,3
2016-05-06,29.75,-81.9,158.4,2,93.25,7
2016-05-06,29.8,-82.0,77.0,1,437.75,13
2016-05-06,30.05,-83.3,12.0,1,29.88,3
2016-05-06,30.1,-83.3,12.1,1,26.94,1
2016-05-06,30.3,-84.0,58.0,2,517.69,9
2016-05-06,30.45,-84.95,135.4,3,44.37,3
2016-05-06,30.6,-83.7,60.6,3,45.03,10
2016-05-06,30.75,-86.9,29.5,2,48.57,5
2016-05-07,25.9,-81.35,365.6,7,110.58,9
2016-05-07,27.5,-80.4,61.1,1,11.88,1
2016-05-07,27.65,-81.35,55.1,2,6.32,1
2016-05-07,29.95,-84.45,291.6,1,54.32,2
2016-05-07,30.0,-84.45,574.9,3,380.24,6
2016-05-07,30.4,-84.15,12.9,1,5.5,1
2016-05-07,30.45,-83.3,61.400000000000006,2,15.149999999999999,3
2016-05-07,30.55,-86.9,22.9,1,11.64,2
2016-05-07,30.6,-85.3,13.0,1,4.59,1
2016-05-08,25.95,-81.35,609.6,6,288.39,21
2016-05-08,25.95,-81.3,386.79999999999995,4,154.85,8
2016-05-08,30.45,-86.9,210.3,3,178.11,11
2016-05-09,25.95,-81.3,11.0,1,10.049999999999999,2
2016-05-09,26.8,-81.9,71.5,2,52.22,3
2016-05-09,27.2,-82.4,26.7,2,14.6,2
2016-05-09,27.55,-81.3,275.5,4,100.27,1
2016-05-09,29.35,-83.1,413.5,8,122.89,7
2016-05-09,30.2,-85.85,22.7,2,14.75,3
2016-05-09,30.25,-85.95,76.7,2,2.66,1
2016-05-09,30.45,-82.65,33.599999999999994,2,79.46,4
2016-05-09,30.6,-83.7,14.8,1,25.83,3
2016-05-10,26.6,-80.6,95.8,2,81.75,2
2016-05-10,27.1,-81.7,209.6,2,27.36,2
2016-05-10,27.15,-81.7,51.3,2,93.91999999999999,5
2016-05-10,27.6,-81.1,63.1,2,149.94,9
2016-05-10,28.35,-81.95,194.39999999999998,4,337.24,14
2016-05-11,30.05,-82.45,46.1,2,42.370000000000005,6
2016-05-12,28.3,-82.1,127.2,2,192.60999999999999,7
2016-05-12,29.45,-82.6,7.8,1,5.11,1
2016-05-12,30.0,-82.85,7.8,1,8.17,1
2016-05-12,30.25,-83.15,10.5,1,7.46,1
2016-05-12,30.35,-84.0,305.9,1,65.94,4
2016-05-12,30.6,-83.95,31.5,2,6.59,1
2016-05-13,26.3,-81.3,13.3,1,3.89,1
2016-05-13,27.55,-82.05,39.0,3,57.050000000000004,6
2016-05-13,27.6,-81.35,347.5,4,82.03,6
2016-05-13,29.3,-82.9,6.1,1,3.57,1
2016-05-13,29.7,-81.85,70.2,2,45.39,2
2016-05-13,29.75,-85.45,8.4,1,3.02,1
2016-05-14,27.05,-80.2,17.4,1,9.67,2
2016-05-14,28.8,-81.0,10.1,1,9.05,2
2016-05-14,29.7,-82.2,43.4,3,0.54,1
2016-05-14,30.05,-84.4,49.7,2,13.11,3
2016-05-14,30.6,-86.9,20.4,1,25.93,3
2016-05-15,26.65,-81.4,23.5,1,16.04,1
2016-05-15,28.0,-81.05,96.7,1,16.86,1
2016-05-15,30.55,-86.85,74.0,3,22.29,3
2016-05-15,30.55,-86.8,301.7,8,102.69,18
2016-05-15,30.6,-85.25,120.30000000000001,3,41.58,3
2016-05-15,30.95,-86.3,173.1,3,52.03,4
2016-05-16,27.95,-81.15,15.7,1,10.18,2
2016-05-16,30.05,-85.05,50.3,1,121.88,15
2016-05-16,30.1,-85.05,290.0,3,288.82,17
2016-05-17,27.3,-81.1,11.5,1,16.91,2
2016-05-19,28.2,-82.3,53.8,2,54.57,2
2016-05-21,29.0,-82.15,6.6,1,77.22,1
2016-05-22,29.65,-81.3,36.7,1,8.0,1
2016-05-23,27.8,-80.9,30.6,1,47.79,3
2016-05-23,30.35,-85.7,67.7,3,17.8,1
2016-05-23,30.55,-84.85,24.3,1,26.26,2
2016-05-24,26.45,-81.0,17.1,1,11.51,1
2016-05-24,27.05,-80.4,19.5,1,18.91,2
2016-05-24,27.7,-81.95,13.4,1,9.38,1
2016-05-24,28.35,-81.95,44.0,1,17.23,3
2016-05-24,28.6,-80.95,29.6,1,45.64,2
2016-05-24,29.9,-82.0,40.7,1,57.79,6
2016-05-24,30.45,-85.0,87.8,2,13.879999999999999,3
2016-05-25,27.65,-81.2,26.3,1,3.8600000000000003,2
2016-05-25,27.8,-80.9,12.5,1,5.39,1
2016-05-25,27.9,-81.15,77.6,2,69.8,11
2016-05-25,28.1,-81.05,305.1,4,14.879999999999999,3
2016-05-25,28.15,-81.1,13.4,1,4.4,1
2016-05-25,28.35,-81.95,129.1,2,4.89,1
2016-05-25,28.5,-81.0,92.6,2,2.91,1
2016-05-25,29.0,-82.3,49.1,2,214.28,4
2016-05-25,29.7,-83.5,288.9,2,49.91,2
2016-05-25,29.75,-83.6,172.5,1,12.72,1
2016-05-25,29.75,-83.55,51.5,1,8.61,1
2016-05-25,30.15,-81.95,16.1,1,10.93,1
2016-05-25,30.5,-87.1,8.4,1,14.129999999999999,2
2016-05-26,26.6,-81.4,23.4,1,27.28,3
2016-05-26,27.05,-80.4,50.2,1,4.79,1
2016-05-26,27.8,-80.9,19.5,1,19.36,2
2016-05-26,27.95,-81.5,32.3,1,19.700000000000003,2
2016-05-26,27.95,-81.05,90.5,2,5.54,1
2016-05-26,28.0,-81.35,86.6,1,84.69,6
2016-05-26,28.0,-81.0,205.60000000000002,5,88.72999999999999,4
2016-05-26,28.1,-81.05,451.09999999999997,6,174.13,4
2016-05-26,28.3,-82.0,49.6,2,10.28,1
2016-05-26,29.25,-82.55,38.8,2,12.84,2
2016-05-26,30.0,-83.0,59.0,2,2.74,1
2016-05-26,30.25,-83.2,40.0,2,15.86,2
2016-05-26,30.25,-83.15,14.9,1,4.07,1
2016-05-26,30.85,-85.85,9.5,1,29.37,1
2016-05-27,30.5,-84.85,130.5,2,59.25,5
2016-05-27,30.95,-85.1,18.7,1,42.21,2
2016-05-30,27.5,-82.3,20.2,1,0.5,1
2016-05-30,29.65,-83.45,84.5,2,46.18,7
2016-05-31,30.4,-81.8,12.7,2,3.79,1
2016-06-01,27.35,-81.15,25.0,1,7.18,2
2016-06-01,27.65,-81.5,14.8,1,13.57,2
2016-06-01,27.85,-80.9,14.2,1,405.54,9
2016-06-01,28.05,-81.0,13.6,1,9.57,1
2016-06-01,28.15,-82.85,36.7,1,122.1,1
2016-06-01,28.3,-81.65,6.9,1,6.26,1
2016-06-01,29.7,-85.3,11.7,1,86.55,3
2016-06-01,30.25,-83.25,16.9,1,3.63,1
2016-06-02,26.7,-81.0,36.7,1,17.11,2
2016-06-02,27.05,-80.2,15.4,1,28.65,4
2016-06-02,27.3,-81.1,151.9,4,231.64,24
2016-06-02,27.55,-81.9,19.9,1,4.39,1
2016-06-02,28.1,-81.0,396.5,5,133.41,6
2016-06-02,28.75,-81.5,89.80000000000001,2,7.86,1
2016-06-02,28.95,-81.6,77.0,3,86.00999999999999,4
2016-06-02,29.4,-81.8,135.3,1,46.52,2
2016-06-02,29.85,-85.2,128.39999999999998,4,66.66,2
2016-06-03,26.75,-80.95,74.4,2,14.1,2
2016-06-03,27.05,-81.4,23.6,1,9.3,2
2016-06-03,27.15,-81.4,55.8,1,25.04,5
2016-06-03,27.85,-80.9,61.9,1,12.92,2
2016-06-03,28.3,-82.45,89.5,2,47.55,4
2016-06-03,29.4,-81.8,380.29999999999995,4,19.77,4
2016-06-03,29.85,-85.2,297.6,4,84.58,5
2016-06-05,28.45,-81.0,131.8,5,2.05,2
2016-06-08,29.3,-81.85,58.3,1,28.0,2
2016-06-08,29.3,-81.8,71.3,1,56.0,4
2016-06-08,30.15,-81.95,14.2,1,25.16,2
2016-06-09,30.15,-81.95,48.6,2,24.62,1
2016-06-09,30.45,-83.25,62.7,2,39.790000000000006,3
2016-06-09,30.5,-84.85,47.2,1,3.0700000000000003,4
2016-06-09,30.5,-83.25,20.5,1,17.24,4
2016-06-09,30.5,-83.05,36.6,1,13.62,1
2016-06-09,30.5,-83.0,20.0,1,28.14,2
2016-06-10,30.15,-85.0,320.2,6,28.43,4
2016-06-13,27.6,-80.65,9.7,1,12.32,3
2016-06-13,28.75,-82.05,9.0,1,5.71,1
2016-06-13,29.95,-82.8,5.6,1,3.09,1
2016-06-13,30.1,-85.45,12.8,1,13.64,2
2016-06-13,30.4,-83.9,7.4,1,5.43,1
2016-06-14,28.5,-80.9,16.3,2,0.66,1
2016-06-14,28.65,-82.45,10.1,1,2.21,1
2016-06-14,29.0,-81.45,16.7,1,8.26,1
2016-06-18,28.7,-81.85,20.8,1,5.0,1
2016-06-19,30.5,-85.7,22.6,2,28.7,6
2016-06-20,29.0,-82.25,23.6,1,20.14,5
2016-06-20,30.1,-85.45,24.0,2,7.76,1
2016-06-20,30.45,-85.0,30.0,1,21.44,2
2016-06-21,26.75,-82.0,11.2,1,104.98,4
2016-06-21,27.55,-82.05,9.6,1,19.87,3
2016-06-21,28.25,-82.6,31.9,1,29.57,3
2016-06-21,30.05,-82.05,24.9,1,96.32,2
2016-06-22,28.25,-82.6,21.6,2,70.8,7
2016-06-22,28.9,-82.25,34.3,1,35.839999999999996,3
2016-06-22,29.95,-83.7,72.8,3,18.75,3
2016-06-22,30.05,-82.05,13.1,1,28.86,2
2016-06-22,30.1,-82.05,21.9,1,21.48,1
2016-06-22,30.2,-85.8,13.7,1,5.04,1
2016-06-22,30.25,-83.1,9.8,1,14.850000000000001,2
2016-06-22,30.3,-82.9,16.6,1,11.28,1
2016-06-23,27.75,-80.95,8.4,1,13.18,2
2016-06-23,29.85,-83.1,46.0,2,77.15,7
2016-06-23,30.45,-83.3,48.3,1,4.4,1
2016-06-23,30.85,-85.75,16.8,1,21.240000000000002,2
2016-06-24,27.6,-80.95,97.2,3,6.24,1
2016-06-24,30.4,-82.65,16.2,1,0.96,1
2016-06-24,30.5,-86.1,150.9,3,64.47999999999999,6
2016-06-25,30.6,-86.4,451.6,8,123.5,6
2016-06-25,30.8,-87.2,201.60000000000002,4,4.37,1
2016-06-27,27.6,-81.3,67.4,2,15.86,2
2016-06-27,28.1,-81.1,135.3,3,29.97,3
2016-06-28,25.45,-80.95,4.1,1,2.23,2
2016-06-28,28.0,-81.15,184.5,2,80.22,4
2016-06-28,28.5,-80.95,3.7,1,1.0,1
2016-06-28,30.35,-83.5,45.5,1,27.59,2
2016-06-28,30.45,-84.05,8.6,1,2.27,1
2016-06-29,29.55,-83.0,14.100000000000001,2,8.83,1
2016-07-05,27.65,-80.95,14.4,1,31.7,1
2016-07-05,27.65,-80.9,17.7,1,7.32,2
2016-07-05,29.85,-82.05,196.9,3,15.370000000000001,3
2016-07-06,26.4,-80.4,673.9,10,437.7,48
2016-07-06,26.45,-80.4,31.3,1,1.68,1
2016-07-06,27.95,-81.15,222.6,3,43.56,4
2016-07-06,28.25,-82.0,31.7,1,78.75,5
2016-07-06,28.75,-81.5,123.8,2,7.8,1
2016-07-06,29.0,-81.6,42.099999999999994,2,4.19,1
2016-07-06,29.85,-82.05,61.2,2,291.85,14
2016-07-07,26.85,-82.3,18.0,1,62.14,2
2016-07-07,29.0,-81.4,225.4,2,7.53,1
2016-07-07,29.05,-81.45,276.2,6,53.54,11
2016-07-07,30.35,-83.6,4.5,1,6.07,1
2016-07-07,30.5,-83.5,9.2,1,14.51,2
2016-07-08,28.75,-82.45,6.0,1,29.17,2
2016-07-08,29.05,-81.45,85.1,3,61.33,10
2016-07-08,30.25,-82.75,10.2,1,19.259999999999998,2
2016-07-08,30.5,-87.1,110.9,1,44.6,5
2016-07-08,30.75,-81.95,19.8,2,14.899999999999999,2
2016-07-11,26.65,-81.15,47.1,2,7.36,1
2016-07-11,26.65,-81.1,18.4,1,32.15,1
2016-07-11,27.1,-82.25,154.7,3,79.89,4
2016-07-11,27.1,-82.2,153.70000000000002,2,57.79,6
2016-07-11,29.75,-82.75,20.5,1,11.25,1
2016-07-11,29.85,-82.05,60.6,1,41.04,5
2016-07-11,30.05,-83.15,24.3,1,8.52,2
2016-07-12,30.25,-85.15,399.1,2,11.37,1
2016-07-13,26.3,-81.6,14.3,1,17.69,1
2016-07-13,27.55,-80.65,25.6,1,11.879999999999999,2
2016-07-13,30.25,-85.15,9.0,1,1.1600000000000001,2
2016-07-14,26.3,-81.6,15.0,2,5.5,2
2016-07-14,27.55,-80.65,16.9,1,13.32,4
2016-07-14,27.75,-80.55,12.3,1,23.0,3
2016-07-14,28.25,-82.0,38.4,1,5.31,1
2016-07-14,28.5,-80.7,13.1,1,7.29,1
2016-07-14,28.7,-81.5,24.3,1,68.42,4
2016-07-14,30.5,-84.4,55.9,3,47.68,7
2016-07-15,27.55,-80.65,20.0,1,21.89,2
2016-07-16,26.15,-81.5,56.6,3,42.48,8
2016-07-16,28.45,-81.9,5.8,1,3.98,1
2016-07-16,30.45,-86.7,10.5,1,5.64,1
2016-07-18,27.75,-80.55,7.0,1,12.44,2
2016-07-18,27.9,-81.15,22.6,1,20.76,1
2016-07-18,28.7,-81.0,253.9,2,124.72,4
2016-07-18,29.9,-83.7,59.6,2,25.009999999999998,2
2016-07-18,29.9,-81.95,600.5,5,11.98,1
2016-07-18,30.45,-83.25,11.2,1,5.69,1
2016-07-19,29.7,-83.5,17.5,1,15.36,2
2016-07-19,29.95,-82.8,11.7,1,4.35,1
2016-07-19,30.1,-85.4,42.9,2,7.96,1
2016-07-19,30.25,-82.65,18.2,1,3.98,1
2016-07-19,30.5,-84.4,49.4,2,31.060000000000002,6
2016-07-20,27.05,-80.35,23.5,1,9.3,1
2016-07-20,27.8,-81.05,17.5,1,58.17,5
2016-07-20,28.6,-80.7,31.299999999999997,2,22.67,4
2016-07-20,28.8,-82.15,23.9,1,53.68,5
2016-07-20,30.4,-86.1,189.1,3,87.88,2
2016-07-20,30.45,-86.1,74.7,2,88.24000000000001,2
2016-07-20,30.5,-84.4,8.9,1,17.17,2
2016-07-21,28.05,-80.95,35.5,1,1.1,1
2016-07-21,28.4,-82.15,23.2,1,22.66,2
2016-07-21,28.6,-80.7,90.1,3,533.24,20
2016-07-21,30.45,-82.85,9.5,1,5.44,1
2016-07-22,28.65,-80.8,37.2,1,9.76,2
2016-07-23,28.6,-80.7,30.4,2,14.72,1
2016-07-25,27.75,-81.05,71.5,2,127.21,13
2016-07-25,29.9,-82.7,14.9,1,0.89,1
2016-07-25,30.35,-83.45,13.3,1,10.56,2
2016-07-26,27.05,-80.25,48.699999999999996,2,13.8,1
2016-07-26,28.6,-80.7,12.2,1,29.1,2
2016-07-27,26.25,-81.4,27.1,1,4.72,2
2016-07-27,26.8,-80.45,76.7,2,12.65,3
2016-07-27,26.85,-80.45,61.3,1,15.360000000000001,4
2016-07-27,26.85,-80.4,54.6,2,148.22,8
2016-07-27,28.6,-80.7,16.3,1,6.54,1
2016-07-27,30.35,-82.35,14.8,1,17.009999999999998,2
2016-07-28,28.75,-80.95,15.9,1,2.22,2
2016-07-28,30.25,-83.65,38.8,2,11.79,3
2016-07-28,30.35,-82.35,47.599999999999994,3,10.3,4
2016-07-28,30.4,-82.35,6.0,1,11.77,3
2016-07-29,30.25,-83.65,25.4,2,27.509999999999998,2
2016-07-31,30.45,-82.55,14.6,1,1.83,1
2016-08-01,27.55,-80.7,9.9,1,15.71,2
2016-08-01,27.7,-80.55,13.3,1,33.230000000000004,5
2016-08-03,30.35,-83.25,55.9,2,23.02,4
2016-08-03,30.5,-84.95,13.2,1,4.25,1
2016-08-03,30.9,-85.35,12.4,1,17.7,2
2016-08-05,27.35,-80.35,24.0,1,18.9,2
2016-08-05,27.4,-80.8,24.5,1,13.899999999999999,2
2016-08-10,30.6,-83.35,8.4,1,10.780000000000001,2
2016-08-15,29.5,-82.05,9.9,1,6.41,1
2016-08-16,27.4,-80.8,11.9,1,5.74,1
2016-08-16,27.55,-80.6,19.4,1,11.219999999999999,2
2016-08-16,30.1,-84.35,9.3,1,2.94,1
2016-08-16,30.2,-84.35,6.0,1,5.11,1
2016-08-17,26.95,-80.25,50.8,3,63.28,7
2016-08-17,27.2,-81.4,21.0,1,28.86,2
2016-08-17,27.45,-80.55,7.9,1,6.05,1
2016-08-17,29.2,-82.4,9.2,1,4.37,1
2016-08-17,30.25,-83.25,9.1,1,14.3,2
2016-08-18,30.05,-81.4,8.7,1,5.22,1
2016-08-19,27.55,-80.6,77.5,4,34.22,3
2016-08-19,30.5,-84.95,18.1,1,6.41,1
2016-08-20,27.55,-80.6,60.7,2,67.63,6
2016-08-22,27.75,-81.1,126.7,5,37.540000000000006,5
2016-08-22,28.75,-82.0,40.599999999999994,2,31.62,5
2016-08-22,28.75,-81.5,30.6,1,31.36,2
2016-08-22,28.75,-81.45,53.0,1,94.28,3
2016-08-22,30.45,-85.85,4.8,1,7.2,2
2016-08-23,30.9,-86.2,7.6,1,3.12,1
2016-08-23,30.9,-85.35,28.4,2,0.88,1
2016-08-23,30.95,-85.85,8.2,1,0.64,1
2016-08-24,28.3,-81.1,18.7,1,5.82,2
2016-08-24,29.15,-81.95,19.4,1,315.13,10
2016-08-24,29.2,-81.55,39.7,1,31.83,1
2016-08-24,29.5,-82.05,11.0,1,9.66,1
2016-08-24,30.2,-84.35,6.2,1,6.95,1
2016-08-25,27.6,-81.8,11.7,1,8.79,1
2016-08-25,27.8,-82.4,13.0,1,2.27,1
2016-08-25,27.8,-81.05,7.8,1,21.88,3
2016-08-25,29.6,-82.85,9.1,1,1.32,1
2016-08-25,30.2,-84.2,7.8,1,6.33,2
2016-08-25,30.3,-84.35,430.5,4,16.28,2
2016-08-25,30.45,-83.2,8.5,1,2.94,1
2016-08-26,28.7,-82.4,105.9,2,11.88,2
2016-08-26,30.5,-84.95,33.9,1,11.82,2
2016-08-26,30.75,-87.45,340.5,6,184.24,4
2016-08-27,30.5,-84.95,20.6,1,30.89,2
2016-08-29,29.5,-82.05,14.5,1,2.7,1
2016-08-29,30.8,-87.2,21.3,2,12.22,1
2016-08-30,30.25,-82.5,10.2,1,34.73,3
2016-08-30,30.3,-82.45,697.9,3,1306.19,29
2016-08-30,30.35,-82.45,354.7,3,390.52,15
2016-08-30,30.35,-82.4,145.60000000000002,3,43.51,1
2016-08-30,30.4,-82.7,33.9,1,26.84,3
2016-08-30,30.4,-82.65,17.5,1,7.71,1
2016-08-30,30.7,-85.6,64.8,2,8.5,2
2016-09-06,30.05,-82.9,35.5,2,21.200000000000003,5
2016-09-06,30.55,-83.2,8.3,1,6.5,1
2016-09-07,28.7,-82.4,54.7,1,141.65,5
2016-09-07,30.6,-84.6,7.7,1,8.9,1
2016-09-08,30.0,-83.15,12.9,1,4.01,1
2016-09-08,30.05,-83.15,16.7,1,8.02,2
2016-09-08,30.05,-82.9,17.1,2,0.92,1
2016-09-08,30.35,-85.15,175.2,2,191.4,2
2016-09-08,30.75,-87.0,115.1,4,37.58,1
2016-09-09,27.55,-81.05,6.8,1,80.33,7
2016-09-09,27.85,-81.75,9.0,1,11.36,2
2016-09-09,30.1,-85.35,10.5,1,8.13,1
2016-09-09,30.45,-85.1,106.9,2,72.24,3
2016-09-09,30.75,-87.0,459.59999999999997,4,102.02,4
2016-09-09,30.95,-85.55,6.0,1,17.58,3
2016-09-10,28.05,-80.7,7.8,1,4.68,1
2016-09-10,29.95,-82.3,8.0,1,18.33,2
2016-09-10,30.7,-85.1,11.0,1,3.37,2
2016-09-10,30.95,-85.55,21.7,1,6.57,2
2016-09-12,30.8,-87.2,12.1,1,5.79,1
2016-09-13,30.8,-87.15,337.4,2,3.81,1
2016-09-14,30.75,-87.0,48.7,1,54.040000000000006,4
2016-09-14,30.8,-87.2,51.4,2,61.57,8
2016-09-15,30.8,-87.2,7.8,1,3.83,1
2016-09-15,30.8,-87.0,35.900000000000006,2,226.1,6
2016-09-16,30.5,-84.45,15.1,2,8.64,1
2016-09-20,26.7,-81.2,210.39999999999998,2,14.370000000000001,2
2016-09-21,30.35,-85.55,16.4,1,62.449999999999996,8
2016-09-22,30.35,-85.55,10.0,1,48.56,4
2016-09-22,30.35,-85.5,6.0,1,13.91,1
2016-09-22,30.8,-87.2,10.4,1,15.92,1
2016-09-22,30.85,-85.85,118.7,2,6.17,1
2016-09-23,30.35,-84.45,103.1,2,124.19,14
2016-09-23,30.35,-83.9,32.1,1,50.57,1
2016-09-23,30.5,-84.95,10.1,1,9.16,1
2016-09-23,30.8,-87.45,20.2,1,41.72,3
2016-09-23,30.8,-87.2,82.3,2,12.18,2
2016-09-23,30.8,-87.15,46.5,1,29.9,2
2016-09-24,30.8,-87.2,17.4,1,12.44,1
2016-09-24,30.85,-85.85,159.5,4,75.97,5
2016-09-27,29.75,-82.45,12.8,1,6.6,2
2016-09-27,30.25,-83.35,14.9,1,32.57,2
2016-09-27,30.9,-85.35,31.5,1,20.8,1
2016-09-28,28.55,-80.95,26.5,2,3.34,3
2016-09-28,30.3,-85.5,240.6,3,108.28,4
2016-09-30,29.85,-82.4,46.5,2,2.12,1
2016-09-30,29.95,-83.75,29.700000000000003,2,16.47,1
2016-09-30,30.05,-85.4,8.6,1,9.59,2
2016-09-30,30.05,-82.45,12.0,1,8.26,2
2016-09-30,30.15,-85.0,107.30000000000001,2,73.21000000000001,3
2016-09-30,30.15,-84.95,89.5,5,62.32000000000001,6
2016-09-30,30.3,-85.85,14.2,1,27.779999999999998,2
2016-09-30,30.3,-85.8,21.6,1,33.37,3
2016-09-30,30.4,-84.0,52.7,2,10.04,1
2016-09-30,30.45,-84.95,9.1,1,18.2,2
2016-09-30,30.8,-87.4,311.9,6,117.55,3
2016-09-30,30.8,-87.2,11.6,1,11.17,2
2016-10-01,29.55,-81.55,12.8,1,5.84,1
2016-10-01,29.9,-84.6,5.6,1,4.12,2
2016-10-01,30.45,-82.95,9.3,1,7.15,1
2016-10-03,30.8,-87.2,147.5,6,20.55,2
2016-10-04,29.9,-82.4,11.7,1,6.78,1
2016-10-04,29.9,-82.35,24.4,1,6.78,1
2016-10-04,30.55,-84.1,10.1,1,9.04,1
2016-10-04,30.8,-87.4,127.9,2,152.85,6
2016-10-05,28.25,-81.4,4.7,1,5.36,1
2016-10-05,30.2,-83.15,5.7,1,2.38,1
2016-10-05,30.45,-84.95,43.5,1,10.23,2
2016-10-05,30.55,-83.35,5.9,1,4.6,1
2016-10-05,30.65,-86.9,34.8,2,9.52,1
2016-10-05,30.65,-83.75,10.4,1,24.41,1
2016-10-05,30.8,-87.4,165.1,3,136.16,6
2016-10-07,30.85,-87.4,104.0,2,251.47,11
2016-10-08,28.75,-82.05,10.9,1,3.51,1
2016-10-09,26.75,-81.0,14.9,1,9.18,2
2016-10-09,30.45,-83.2,19.8,1,11.639999999999999,2
2016-10-09,30.75,-87.2,81.1,1,56.56,2
2016-10-10,29.9,-82.7,7.4,1,3.59,1
2016-10-10,30.05,-85.4,13.7,1,2.35,1
2016-10-10,30.1,-85.35,12.0,1,16.66,4
2016-10-10,30.3,-85.5,25.1,2,8.49,1
2016-10-10,30.35,-85.7,10.5,1,6.47,1
2016-10-10,30.35,-82.75,8.5,1,3.41,1
2016-10-10,30.5,-84.4,26.9,2,9.03,3
2016-10-10,30.55,-83.35,12.7,1,5.56,1
2016-10-10,30.8,-87.2,28.700000000000003,3,17.43,3
2016-10-11,30.2,-83.15,4.2,1,2.99,1
2016-10-11,30.3,-85.75,14.4,1,20.89,4
2016-10-11,30.3,-85.5,43.6,2,26.79,1
2016-10-11,30.4,-84.85,9.7,1,21.8,3
2016-10-11,30.75,-85.35,8.2,1,3.53,1
2016-10-11,30.8,-87.2,154.0,3,37.31,5
2016-10-12,28.35,-82.6,18.5,1,5.08,2
2016-10-12,30.05,-85.4,13.5,1,4.61,1
2016-10-12,30.3,-85.75,23.200000000000003,2,3.42,1
2016-10-12,30.3,-85.5,49.8,2,192.45000000000002,9
2016-10-12,30.75,-85.35,11.8,1,1.82,1
2016-10-13,27.7,-81.7,10.4,1,8.36,2
2016-10-13,29.9,-82.9,8.4,1,9.3,2
2016-10-13,30.3,-85.75,54.2,2,32.3,2
2016-10-13,30.3,-85.5,133.0,4,37.900000000000006,4
2016-10-13,30.85,-85.35,175.3,1,16.79,2
2016-10-14,26.85,-81.85,28.4,2,70.81,7
2016-10-14,27.7,-81.7,7.6,1,3.85,1
2016-10-14,28.75,-82.4,8.3,1,111.08999999999999,7
2016-10-14,28.8,-82.6,74.7,3,22.03,2
2016-10-14,30.8,-87.2,28.2,1,8.13,1
2016-10-15,26.7,-81.05,67.8,2,4.83,1
2016-10-17,26.45,-80.55,267.8,2,7.09,1
2016-10-17,26.85,-81.85,185.6,3,13.860000000000001,2
2016-10-17,26.85,-81.8,85.7,2,20.92,2
2016-10-17,27.7,-81.75,15.4,1,15.389999999999999,2
2016-10-17,28.25,-82.2,83.5,3,26.05,3
2016-10-17,29.05,-82.55,22.700000000000003,2,7.13,1
2016-10-17,29.75,-83.05,7.5,1,6.51,2
2016-10-17,30.35,-85.45,5.5,1,6.52,1
2016-10-17,30.8,-85.1,70.0,3,18.65,3
2016-10-18,28.3,-82.05,7.0,1,10.969999999999999,2
2016-10-18,30.3,-85.0,87.1,3,96.72,7
2016-10-18,30.35,-85.45,17.0,1,42.63,5
2016-10-18,30.65,-85.3,8.5,1,7.13,1
2016-10-19,27.55,-80.6,23.4,2,17.69,2
2016-10-19,28.25,-82.2,22.0,1,12.06,1
2016-10-19,28.75,-82.05,7.0,1,0.63,2
2016-10-19,30.3,-85.0,7.8,1,19.1,2
2016-10-19,30.45,-83.65,30.7,2,6.92,1
2016-10-19,30.45,-83.2,9.5,1,6.45,1
2016-10-19,30.55,-83.4,11.8,1,4.48,1
2016-10-19,30.6,-87.0,5.9,1,3.56,1
2016-10-19,30.6,-83.4,36.0,2,4.11,1
2016-10-19,30.65,-84.65,32.0,1,8.47,1
2016-10-19,30.8,-87.2,12.5,1,9.49,1
2016-10-19,30.85,-86.3,4.2,1,9.37,2
2016-10-20,26.1,-81.6,6.9,1,18.15,3
2016-10-20,26.75,-80.65,33.099999999999994,2,9.02,1
2016-10-20,27.5,-80.6,5.0,1,15.75,2
2016-10-20,27.55,-80.6,32.599999999999994,2,7.84,1
2016-10-20,30.3,-84.2,1484.2,12,346.1,16
2016-10-20,30.45,-83.15,7.9,1,15.16,1
2016-10-20,30.8,-87.2,20.0,1,21.92,4
2016-10-21,26.9,-81.95,34.2,2,166.26,9
2016-10-21,27.5,-80.6,17.7,1,8.08,2
2016-10-21,27.55,-80.6,6.7,1,41.69,3
2016-10-21,27.6,-81.8,7.4,1,5.71,1
2016-10-21,28.35,-81.25,4.3,1,1.2,1
2016-10-21,30.3,-82.95,12.0,2,4.43,1
2016-10-21,30.35,-85.55,17.9,1,5.11,1
2016-10-21,30.45,-86.8,14.6,1,6.15,1
2016-10-22,26.2,-81.55,10.5,1,49.6,3
2016-10-22,27.5,-80.65,7.2,1,12.52,1
2016-10-22,27.5,-80.6,16.2,1,12.52,1
2016-10-22,27.55,-80.6,5.8,1,5.83,1
2016-10-22,29.55,-82.6,38.8,2,17.759999999999998,3
2016-10-23,29.55,-82.6,13.2,1,2.22,1
2016-10-23,30.4,-83.7,19.8,1,21.68,3
2016-10-24,29.5,-81.7,49.5,2,10.25,1
2016-10-24,30.55,-83.45,22.3,1,41.83,3
2016-10-25,26.7,-80.9,100.3,2,27.22,4
2016-10-25,27.65,-81.15,9.8,1,7.02,1
2016-10-25,27.8,-82.0,12.8,1,12.89,1
2016-10-25,28.3,-82.05,8.6,1,7.91,1
2016-10-25,30.4,-83.15,9.8,1,30.89,3
2016-10-26,27.6,-81.8,11.3,1,7.07,1
2016-10-26,28.3,-82.05,36.8,1,9.14,2
2016-10-26,29.95,-81.4,8.2,1,5.61,1
2016-10-26,30.1,-85.35,45.599999999999994,3,10.12,2
2016-10-26,30.8,-85.1,15.5,2,4.95,1
2016-10-27,30.35,-82.85,6.4,1,5.92,1
2016-10-27,30.45,-81.9,23.3,1,44.48,2
2016-10-27,30.45,-81.85,107.0,2,91.92,2
2016-10-28,30.1,-85.35,35.3,2,3.26,1
2016-10-28,30.8,-87.2,60.7,1,10.9,2
2016-10-29,30.15,-82.3,14.2,2,3.22,1
2016-10-30,30.0,-84.55,23.1,1,39.349999999999994,4
2016-10-31,26.65,-80.45,15.4,1,91.68,2
2016-10-31,27.65,-80.65,11.5,1,11.13,2
2016-10-31,28.05,-81.5,28.8,2,5.15,1
2016-10-31,28.05,-81.45,160.2,2,15.44,2
2016-10-31,29.75,-83.0,14.0,1,7.69,1
2016-10-31,29.85,-82.9,58.6,2,4.44,1
2016-10-31,30.05,-85.4,41.900000000000006,2,10.48,2
2016-10-31,30.1,-85.35,15.6,1,13.53,3
2016-10-31,30.45,-82.25,224.79999999999998,5,50.28,3
2016-11-01,27.2,-81.5,71.4,2,54.87,6
2016-11-01,27.2,-81.45,64.5,1,28.950000000000003,3
2016-11-01,27.25,-81.5,68.0,1,7.51,2
2016-11-01,27.7,-82.25,29.8,2,4.77,1
2016-11-01,30.05,-85.4,11.5,1,36.6,6
2016-11-01,30.1,-85.35,9.6,1,5.39,1
2016-11-01,30.65,-84.6,9.3,1,4.93,1
2016-11-01,30.9,-85.35,31.7,1,18.41,2
2016-11-01,30.95,-85.15,9.7,1,7.87,1
2016-11-02,26.45,-81.0,31.3,1,9.01,1
2016-11-02,29.5,-81.7,18.8,1,9.81,1
2016-11-02,30.05,-85.4,10.5,1,8.64,2
2016-11-02,30.65,-84.8,395.3,6,430.64,12
2016-11-02,30.85,-85.0,10.4,1,4.7,1
2016-11-03,26.45,-81.0,4.1,1,6.92,2
2016-11-03,30.05,-85.45,38.2,2,78.14,8
2016-11-03,30.35,-82.85,26.0,2,20.310000000000002,5
2016-11-04,26.45,-81.0,62.199999999999996,3,25.84,2
2016-11-04,26.75,-81.7,30.1,2,237.39000000000001,2
2016-11-04,26.9,-81.9,172.39999999999998,2,316.65999999999997,9
2016-11-04,27.1,-80.7,8.1,1,3.61,1
2016-11-05,26.1,-81.6,454.0,2,58.370000000000005,3
2016-11-05,26.1,-81.55,405.3,1,129.84,3
2016-11-05,26.25,-81.2,9.9,1,8.4,1
2016-11-05,26.45,-81.0,11.7,1,22.119999999999997,3
2016-11-07,27.75,-81.95,12.1,1,26.75,4
2016-11-07,30.05,-85.45,29.400000000000002,2,10.07,2
2016-11-07,30.65,-84.6,91.19999999999999,2,10.83,1
2016-11-08,26.45,-81.0,67.6,3,9.629999999999999,2
2016-11-08,28.35,-81.35,7.7,1,3.07,1
2016-11-08,28.8,-81.6,26.3,2,3.9299999999999997,2
2016-11-10,26.45,-81.0,67.6,4,25.22,2
2016-11-10,26.65,-80.4,31.3,1,6.28,2
2016-11-10,27.15,-82.05,34.1,2,5.35,1
2016-11-10,27.7,-81.45,10.5,1,15.94,1
2016-11-10,27.7,-81.4,14.8,1,15.94,1
2016-11-10,27.7,-81.15,98.8,3,119.0,14
2016-11-10,27.85,-81.35,172.2,3,83.29,7
2016-11-10,28.4,-82.15,12.6,1,6.77,1
2016-11-10,28.4,-82.1,33.2,2,52.67,5
2016-11-10,28.7,-82.6,49.5,1,50.74,2
2016-11-10,28.75,-82.6,53.4,3,25.37,1
2016-11-10,28.75,-81.45,92.5,3,65.72,2
2016-11-10,30.5,-83.45,42.7,3,3.3,1
2016-11-11,26.45,-81.0,119.19999999999999,4,53.58,3
2016-11-11,27.45,-80.55,44.4,3,3.03,1
2016-11-11,27.6,-82.3,6.4,1,3.72,1
2016-11-11,27.65,-81.1,645.5,9,61.709999999999994,12
2016-11-11,29.8,-82.9,10.7,1,13.69,3
2016-11-12,26.5,-80.9,6.0,1,41.16,2
2016-11-12,27.05,-80.25,17.2,2,20.47,3
2016-11-12,27.75,-81.85,13.5,2,32.85,1
2016-11-12,28.95,-81.75,12.1,1,8.64,1
2016-11-14,30.4,-82.75,7.0,1,4.59,1
2016-11-14,30.5,-84.75,5.3,1,3.25,1
2016-11-15,29.15,-82.05,6.7,1,3.31,1
2016-11-15,29.35,-82.35,6.4,1,4.55,1
2016-11-15,30.05,-81.5,6.2,1,4.66,1
2016-11-15,30.2,-83.3,15.3,1,6.24,1
2016-11-15,30.4,-82.75,6.1,1,3.48,1
2016-11-15,30.5,-86.65,19.700000000000003,2,44.33,4
2016-11-16,26.45,-81.0,58.3,2,14.56,2
2016-11-16,26.75,-80.3,14.2,1,12.49,1
2016-11-16,27.7,-81.4,37.2,1,49.08,4
2016-11-16,27.7,-81.1,27.3,1,62.62,8
2016-11-16,27.75,-81.1,16.1,1,19.23,3
2016-11-16,27.85,-80.95,24.6,1,36.72,2
2016-11-16,27.95,-80.85,13.8,1,9.83,1
2016-11-16,29.95,-82.15,14.1,1,9.04,1
2016-11-16,30.0,-82.35,33.1,2,19.55,1
2016-11-16,30.2,-83.15,15.6,1,5.02,1
2016-11-17,26.05,-81.45,32.6,1,57.37,11
2016-11-17,26.1,-81.45,59.7,1,4.34,1
2016-11-17,26.25,-81.25,8.3,1,9.66,1
2016-11-17,26.45,-81.0,53.0,3,14.91,2
2016-11-17,26.9,-81.9,74.1,1,211.17000000000002,4
2016-11-17,27.45,-81.55,185.20000000000002,4,4.74,1
2016-11-17,27.65,-81.05,33.7,1,54.089999999999996,11
2016-11-17,27.8,-80.55,15.5,1,43.66,4
2016-11-17,27.85,-80.95,38.400000000000006,2,6.109999999999999,2
2016-11-17,27.95,-80.85,9.1,1,9.25,2
2016-11-17,28.15,-81.5,10.7,1,4.89,1
2016-11-17,28.4,-82.0,14.7,1,61.24,2
2016-11-17,29.15,-81.9,41.2,1,7.95,1
2016-11-17,29.45,-82.4,13.1,1,4.92,1
2016-11-17,29.55,-82.85,12.2,1,9.64,1
2016-11-17,29.95,-82.15,27.5,2,11.790000000000001,3
2016-11-17,30.2,-83.15,28.4,2,15.530000000000001,2
2016-11-17,30.25,-83.35,15.5,1,8.01,2
2016-11-17,30.8,-87.2,390.40000000000003,4,163.47000000000003,4
2016-11-17,30.85,-85.0,42.6,2,38.04,2
2016-11-18,27.7,-81.35,81.19999999999999,2,2.87,1
2016-11-18,29.6,-82.85,15.299999999999999,2,3.08,1
2016-11-18,29.85,-84.8,348.0,2,281.19,9
2016-11-18,29.9,-84.8,50.2,2,272.95,9
2016-11-18,29.95,-82.15,17.5,1,3.12,1
2016-11-18,30.05,-81.5,14.8,1,6.43,1
2016-11-18,30.85,-85.0,27.6,2,6.85,2
2016-11-18,30.9,-85.65,16.9,1,2.4,1
2016-11-19,29.0,-81.4,9.9,1,6.51,3
2016-11-19,29.1,-81.15,219.8,3,2.35,1
2016-11-19,29.1,-81.1,136.4,1,275.39,9
2016-11-19,30.1,-81.45,54.8,4,17.88,3
2016-11-19,30.2,-81.9,5.7,1,3.54,1
2016-11-20,29.1,-81.1,184.3,4,135.28,10
2016-11-21,27.25,-81.45,46.8,2,32.42,3
2016-11-21,27.3,-80.3,108.7,1,90.09,4
2016-11-21,27.6,-81.8,24.9,2,19.08,1
2016-11-21,27.7,-81.4,20.3,1,28.6,4
2016-11-21,27.7,-80.7,6.1,1,11.469999999999999,2
2016-11-21,27.75,-80.55,7.8,1,11.41,1
2016-11-21,28.85,-81.1,7.9,1,10.27,1
2016-11-21,28.95,-82.2,14.0,2,20.33,1
2016-11-21,29.0,-81.4,20.6,1,24.11,1
2016-11-21,29.1,-81.1,32.8,2,25.18,4
2016-11-21,29.15,-82.25,4.6,1,4.3,1
2016-11-21,29.4,-82.4,5.9,1,8.46,2
2016-11-22,26.9,-82.35,4.3,1,3.39,1
2016-11-22,27.9,-80.95,6.2,1,73.76,6
2016-11-22,28.0,-80.9,8.7,1,148.01,4
2016-11-22,28.45,-81.65,8.5,1,5.81,1
2016-11-22,28.65,-82.55,59.6,1,88.75,2
2016-11-22,29.1,-81.1,6.7,1,17.4,4
2016-11-22,29.15,-82.05,6.2,1,4.44,2
2016-11-22,29.45,-82.4,32.3,2,5.58,1
2016-11-22,29.8,-82.1,7.2,1,1.39,1
2016-11-22,30.05,-81.5,6.6,1,4.28,1
2016-11-22,30.1,-81.55,4.4,1,8.14,2
2016-11-22,30.1,-81.45,8.6,1,7.65,1
2016-11-22,30.2,-81.9,6.7,1,4.26,1
2016-11-24,29.1,-81.1,14.3,1,6.369999999999999,3
2016-11-27,26.55,-80.5,13.0,1,6.45,3
2016-11-27,30.95,-85.15,8.5,1,4.39,1
2016-11-28,26.6,-80.5,4.7,1,7.3,4
2016-11-29,28.2,-81.55,8.8,1,21.14,2
2016-11-29,28.65,-80.9,12.0,1,3.72,1
2016-11-29,28.75,-81.45,5.8,1,4.96,1
2016-11-29,29.55,-81.3,95.5,3,50.1,2
2016-11-30,29.55,-81.3,11.6,1,3.06,2
2016-12-01,30.6,-83.9,10.9,1,7.02,1
2016-12-02,26.45,-81.0,19.1,1,15.68,2
2016-12-02,27.15,-82.5,34.8,1,24.71,1
2016-12-02,27.15,-81.85,37.8,1,9.0,3
2016-12-02,27.45,-80.55,114.80000000000001,2,33.33,1
2016-12-02,27.5,-80.55,32.5,2,66.66,2
2016-12-02,27.55,-80.55,7.5,1,12.61,2
2016-12-02,28.35,-82.15,16.6,1,16.54,5
2016-12-02,28.65,-82.55,125.6,3,37.7,4
2016-12-02,28.95,-82.05,248.10000000000002,5,44.19,3
2016-12-02,29.0,-81.4,67.0,2,29.88,2
2016-12-02,29.3,-81.15,8.2,1,14.57,5
2016-12-02,29.95,-81.4,58.1,4,19.4,4
2016-12-02,30.05,-82.9,55.9,4,20.18,4
2016-12-02,30.05,-81.55,15.4,1,1.57,1
2016-12-02,30.1,-81.55,49.5,3,36.17,1
2016-12-02,30.35,-85.1,84.4,2,75.45,4
2016-12-02,30.5,-84.65,15.1,1,2.87,1
2016-12-02,30.6,-85.05,43.3,2,47.989999999999995,3
2016-12-02,30.7,-86.45,16.6,2,6.31,1
2016-12-02,30.8,-86.85,117.8,3,82.26,3
2016-12-02,30.95,-85.8,20.3,2,5.11,1
2016-12-03,26.65,-81.35,11.1,1,6.84,2
2016-12-03,27.3,-81.6,11.9,1,31.200000000000003,4
2016-12-03,27.45,-80.55,30.9,2,9.219999999999999,3
2016-12-03,28.05,-80.7,7.0,1,2.2,1
2016-12-03,28.45,-81.2,13.8,1,10.53,3
2016-12-03,28.95,-82.05,8.1,1,4.09,3
2016-12-03,29.3,-81.15,11.4,1,14.42,2
2016-12-03,29.35,-81.15,15.6,1,2.24,1
2016-12-04,29.0,-81.4,19.8,1,11.21,1
2016-12-05,27.45,-81.65,23.5,1,11.35,1
2016-12-05,27.5,-80.55,22.2,1,15.55,2
2016-12-05,30.05,-82.9,44.2,3,24.21,4
2016-12-06,30.05,-85.45,22.6,2,14.53,3
2016-12-07,26.45,-80.65,14.4,1,33.42,3
2016-12-07,26.55,-80.8,5.5,1,15.54,5
2016-12-07,26.55,-80.55,11.2,1,7.65,1
2016-12-07,27.15,-81.45,6.1,1,14.1,2
2016-12-07,27.3,-82.25,4.6,1,3.68,1
2016-12-07,29.6,-82.7,36.4,2,37.84,2
2016-12-07,29.75,-82.7,149.2,2,15.28,2
2016-12-07,30.05,-85.45,50.0,2,58.25,7
2016-12-07,30.1,-83.25,4.8,1,20.3,4
2016-12-07,30.1,-82.05,6.4,1,5.48,1
2016-12-07,30.1,-81.5,4.3,1,6.51,1
2016-12-07,30.1,-81.45,10.4,1,15.49,3
2016-12-07,30.3,-83.3,12.6,1,5.99,1
2016-12-07,30.4,-82.75,16.9,2,23.85,3
2016-12-08,28.55,-81.6,8.5,1,1.4,1
2016-12-08,28.95,-81.65,5.1,1,5.869999999999999,2
2016-12-08,29.0,-81.4,27.4,1,4.5,1
2016-12-08,29.0,-81.35,9.7,1,12.03,1
2016-12-08,29.15,-82.05,25.900000000000002,3,7.23,2
2016-12-08,29.25,-82.45,12.2,1,2.91,1
2016-12-08,29.3,-81.15,15.8,2,8.43,2
2016-12-08,29.4,-82.5,18.8,2,4.26,1
2016-12-08,29.55,-82.6,4.2,1,7.5,5
2016-12-08,29.55,-82.55,4.2,1,0.52,1
2016-12-08,29.6,-82.7,3.2,1,2.01,3
2016-12-08,30.05,-85.45,23.3,1,40.56,5
2016-12-08,30.05,-81.55,10.8,1,5.97,1
2016-12-08,30.05,-81.5,11.4,1,4.86,2
2016-12-08,30.1,-82.05,4.8,1,1.98,1
2016-12-08,30.4,-82.75,28.4,2,5.45,1
2016-12-09,29.3,-81.15,8.9,1,8.04,1
2016-12-09,29.4,-82.5,7.4,1,5.75,1
2016-12-09,29.55,-82.7,170.0,4,12.64,4
2016-12-09,29.65,-82.75,6.4,1,10.03,1
2016-12-09,29.95,-82.15,11.7,1,25.7,3
2016-12-09,29.95,-81.65,61.5,1,186.06,12
2016-12-09,30.05,-85.45,24.6,1,24.34,4
2016-12-09,30.05,-82.95,58.1,4,7.94,1
2016-12-09,30.5,-83.05,36.5,3,17.69,1
2016-12-09,30.55,-81.8,18.0,2,4.2,1
2016-12-09,30.85,-85.0,62.3,3,15.08,3
2016-12-09,30.9,-85.4,93.6,2,26.95,2
2016-12-10,29.0,-81.4,8.2,1,19.240000000000002,2
2016-12-10,29.4,-82.95,10.3,1,3.8,1
2016-12-10,30.0,-85.35,11.7,1,27.3,5
2016-12-10,30.2,-84.2,64.0,3,33.4,5
2016-12-10,30.35,-84.7,56.9,2,61.58,7
2016-12-10,30.5,-83.0,15.7,1,4.62,2
2016-12-10,30.8,-86.75,213.8,2,161.07999999999998,7
2016-12-10,30.85,-87.05,9.5,1,7.62,2
2016-12-10,30.85,-85.5,14.8,1,24.93,4
2016-12-10,30.95,-85.3,9.1,1,0.64,1
2016-12-11,26.6,-80.8,7.4,1,6.1899999999999995,3
2016-12-11,30.05,-82.95,13.5,1,8.73,3
2016-12-12,26.5,-80.95,66.8,2,11.79,1
2016-12-12,26.55,-80.55,81.6,2,28.009999999999998,3
2016-12-12,26.6,-81.05,35.1,2,3.46,1
2016-12-12,26.65,-80.85,46.3,2,22.310000000000002,3
2016-12-12,26.7,-81.1,16.5,1,5.64,1
2016-12-12,29.0,-81.4,17.4,1,15.4,1
2016-12-12,29.1,-82.05,12.3,1,10.2,2
2016-12-12,30.05,-85.45,60.0,2,44.44,5
2016-12-12,30.2,-82.9,5.2,1,10.43,2
2016-12-12,30.4,-83.9,6.1,1,9.440000000000001,2
2016-12-12,30.8,-87.25,25.7,2,24.2,2
2016-12-12,30.85,-85.0,9.3,1,6.94,2
2016-12-13,28.3,-82.55,16.3,2,12.01,1
2016-12-13,28.35,-82.5,16.0,2,5.24,1
2016-12-13,29.0,-81.4,20.7,1,1.11,1
2016-12-13,29.05,-82.55,8.9,1,4.62,1
2016-12-13,29.1,-82.05,10.7,1,5.72,1
2016-12-13,29.2,-82.3,10.5,1,4.15,1
2016-12-13,29.9,-85.4,12.6,1,12.76,2
2016-12-13,30.05,-85.45,73.9,3,57.19,7
2016-12-13,30.05,-85.4,70.60000000000001,2,65.96,6
2016-12-13,30.05,-81.55,8.5,1,10.48,1
2016-12-13,30.05,-81.5,8.5,1,6.12,1
2016-12-13,30.1,-83.25,6.0,1,13.74,2
2016-12-13,30.3,-82.25,7.8,1,4.43,1
2016-12-13,30.4,-83.9,4.3,1,3.51,1
2016-12-13,30.4,-83.85,4.7,1,2.54,1
2016-12-13,30.4,-83.25,7.2,1,2.31,1
2016-12-13,30.4,-82.75,33.9,2,6.48,1
2016-12-14,26.35,-81.7,28.1,2,36.33,3
2016-12-14,26.55,-81.5,8.1,2,4.29,1
2016-12-14,26.6,-80.75,31.200000000000003,2,17.22,2
2016-12-14,27.0,-81.8,5.2,1,3.17,1
2016-12-14,27.0,-81.4,7.2,1,2.53,1
2016-12-14,27.2,-81.85,31.2,2,255.95,8
2016-12-14,27.5,-82.55,12.8,1,18.65,2
2016-12-14,27.55,-82.1,11.0,1,4.6,1
2016-12-14,27.6,-80.85,12.3,2,25.060000000000002,5
2016-12-14,27.95,-81.0,5.5,1,15.38,2
2016-12-14,27.95,-80.85,11.1,1,5.57,1
2016-12-14,28.3,-82.55,8.7,1,2.97,1
2016-12-14,28.4,-82.3,16.5,2,20.72,2
2016-12-14,28.4,-82.1,8.8,1,13.45,2
2016-12-14,29.9,-85.4,18.5,1,11.02,1
2016-12-15,26.6,-80.75,69.2,2,6.27,1
2016-12-15,26.75,-80.35,25.4,2,10.13,1
2016-12-15,27.0,-80.25,9.5,1,3.52,1
2016-12-15,27.25,-82.3,122.7,2,12.649999999999999,2
2016-12-15,28.95,-82.1,11.7,1,5.27,1
2016-12-15,29.0,-81.35,15.2,1,7.98,1
2016-12-15,29.9,-85.4,51.3,2,14.92,2
2016-12-15,29.9,-85.35,19.1,1,18.84,2
2016-12-15,30.3,-83.3,18.9,1,2.14,1
2016-12-16,26.25,-81.1,9.8,1,4.59,1
2016-12-16,26.55,-81.35,121.1,5,107.63,12
2016-12-16,26.7,-81.2,11.1,1,16.419999999999998,2
2016-12-16,26.95,-82.3,12.2,1,12.17,2
2016-12-16,27.0,-81.85,110.69999999999999,2,129.36,5
2016-12-16,27.2,-82.3,123.4,1,269.23,10
2016-12-16,27.25,-82.3,113.3,1,23.79,1
2016-12-16,27.6,-81.15,199.7,4,25.77,3
2016-12-16,27.6,-81.1,205.3,2,275.46999999999997,6
2016-12-16,28.4,-82.3,44.900000000000006,2,35.83,5
2016-12-16,28.6,-82.4,5.9,1,15.540000000000001,2
2016-12-16,29.0,-81.35,31.1,1,1.5,2
2016-12-16,29.4,-82.95,25.1,1,18.07,3
2016-12-16,29.75,-82.9,10.3,1,4.21,1
2016-12-16,29.9,-83.35,47.0,2,19.42,2
2016-12-16,30.3,-84.2,105.0,3,51.09,3
2016-12-16,30.3,-83.35,8.3,1,7.28,1
2016-12-16,30.45,-83.2,5.7,1,7.69,1
2016-12-17,28.95,-82.1,19.4,3,2.17,1
2016-12-17,29.4,-82.95,31.2,1,4.68,1
2016-12-17,30.85,-85.05,11.4,1,0.79,1
2016-12-20,26.35,-81.7,54.3,2,19.56,2
2016-12-20,26.65,-80.95,100.7,3,13.04,2
2016-12-21,28.4,-82.25,43.6,2,35.34,3
2016-12-21,28.95,-82.1,11.399999999999999,2,3.34,1
2016-12-21,29.9,-85.35,5.1,1,23.93,4
2016-12-21,30.05,-82.65,10.8,1,10.309999999999999,2
2016-12-21,30.1,-85.45,30.5,2,25.6,4
2016-12-21,30.35,-83.05,21.0,2,14.07,2
2016-12-21,30.4,-83.3,23.1,2,19.17,3
2016-12-22,29.0,-81.4,12.6,1,6.63,2
2016-12-22,29.85,-82.85,7.6,1,6.39,1
2016-12-22,30.3,-82.95,4.5,1,1.98,1
2016-12-22,30.8,-85.2,7.6,1,11.89,2
2016-12-23,26.45,-80.85,8.6,1,6.84,1
2016-12-23,26.95,-82.3,13.399999999999999,2,9.92,2
2016-12-23,27.35,-81.85,5.3,1,19.82,2
2016-12-23,27.6,-80.65,121.1,4,81.4,7
2016-12-23,28.95,-82.1,6.5,1,4.75,1
2016-12-23,29.3,-81.15,6.9,1,6.28,1
2016-12-23,30.45,-83.9,6.5,1,5.609999999999999,2
2016-12-24,26.45,-80.85,15.4,1,5.72,3
2016-12-24,26.6,-80.65,16.2,2,0.76,1
2016-12-24,30.5,-83.05,8.3,2,9.94,4
2016-12-26,29.9,-85.4,18.6,1,4.83,1
2016-12-26,29.9,-85.35,12.6,1,11.690000000000001,2
2016-12-26,30.75,-86.45,16.9,2,11.34,2
2016-12-26,30.9,-86.2,31.7,1,3.74,1
2016-12-27,30.2,-83.35,17.6,1,78.93,2
2016-12-27,30.5,-84.9,29.3,1,39.05,2
2016-12-28,26.95,-81.85,43.3,1,24.6,2
2016-12-28,27.1,-81.7,146.1,4,125.88,5
2016-12-28,27.6,-81.8,16.7,1,3.98,1
2016-12-28,27.95,-80.85,22.4,1,22.6,3
2016-12-28,28.4,-82.1,32.0,2,118.81,9
2016-12-28,29.9,-85.35,10.6,1,6.92,1
2016-12-28,30.2,-84.2,15.5,2,9.5,1
2016-12-28,30.4,-84.9,16.8,1,18.17,2
2016-12-28,30.5,-83.0,16.6,2,5.66,1
2016-12-29,26.35,-81.7,64.1,3,6.16,2
2016-12-29,26.7,-81.2,7.0,1,35.76,2
2016-12-29,27.05,-81.45,18.3,1,3.23,1
2016-12-29,27.15,-81.45,6.6,1,43.28,4
2016-12-29,27.6,-80.65,55.5,3,70.1,4
2016-12-29,28.75,-82.05,8.4,1,3.8,1
2016-12-29,28.95,-82.1,8.8,1,0.7100000000000001,2
2016-12-30,30.15,-82.3,10.8,1,17.62,2
2016-12-30,30.35,-83.05,5.9,1,4.59,1
2016-12-31,26.35,-81.55,11.5,2,10.28,1
2017-01-04,26.85,-81.2,25.9,1,3.3,1
2017-01-04,28.25,-81.15,11.5,1,17.16,2
2017-01-04,29.4,-82.4,6.8,1,13.14,2
2017-01-05,26.35,-81.7,22.7,1,7.37,1
2017-01-05,26.75,-81.25,14.4,1,19.11,3
2017-01-05,26.75,-80.5,32.7,1,2.63,1
2017-01-05,26.8,-81.9,53.199999999999996,2,15.29,2
2017-01-05,26.9,-81.75,832.6,7,245.82,8
2017-01-05,27.05,-81.65,43.5,1,81.72,3
2017-01-05,27.5,-80.75,27.4,1,2.84,1
2017-01-05,27.6,-80.65,250.8,1,7.06,1
2017-01-05,27.8,-81.1,29.2,1,29.240000000000002,3
2017-01-05,28.25,-81.0,48.0,1,121.06,8
2017-01-05,28.75,-80.9,36.7,1,6.23,1
2017-01-05,29.5,-81.6,364.3,4,7.84,1
2017-01-05,29.6,-83.1,12.1,1,3.38,1
2017-01-05,29.75,-83.0,43.2,1,124.02,4
2017-01-05,30.5,-85.85,47.800000000000004,2,45.040000000000006,7
2017-01-05,30.55,-83.8,21.5,2,18.64,2
2017-01-05,30.55,-83.6,14.4,2,4.06,1
2017-01-06,27.5,-81.3,7.8,1,7.0,1
2017-01-06,27.55,-82.0,12.4,2,3.06,1
2017-01-06,27.65,-81.35,8.7,1,16.4,4
2017-01-06,27.7,-81.35,27.4,1,14.18,3
2017-01-06,28.25,-81.7,16.5,1,2.66,1
2017-01-06,28.45,-81.2,19.0,2,12.5,2
2017-01-06,29.7,-82.7,15.600000000000001,2,7.52,1
2017-01-08,26.45,-80.9,50.4,1,3.68,1
2017-01-08,29.8,-81.95,21.9,2,30.22,5
2017-01-09,26.05,-80.7,23.5,1,5.31,1
2017-01-09,26.3,-81.7,19.4,2,4.48,1
2017-01-09,26.3,-81.4,5.2,1,13.44,2
2017-01-09,27.0,-81.8,9.6,1,4.8,1
2017-01-09,27.15,-81.45,5.7,1,59.980000000000004,2
2017-01-09,27.55,-82.0,12.0,1,13.27,1
2017-01-09,27.55,-81.95,4.5,1,3.46,1
2017-01-09,27.6,-81.1,98.39999999999999,2,369.23,10
2017-01-09,27.7,-82.35,5.2,1,3.55,1
2017-01-09,27.8,-81.05,28.299999999999997,2,3.24,1
2017-01-09,27.8,-80.6,448.1,3,102.1,2
2017-01-09,29.05,-82.05,15.9,2,5.05,1
2017-01-09,29.25,-82.3,10.5,1,6.23,1
2017-01-09,29.9,-84.75,199.3,3,311.16,16
2017-01-09,29.95,-85.35,186.9,3,74.75,5
2017-01-09,30.25,-84.45,68.8,3,122.44,16
2017-01-09,30.55,-86.0,161.9,4,80.45,8
2017-01-09,30.55,-83.6,17.2,1,20.04,2
2017-01-09,30.65,-86.95,20.2,1,18.16,3
2017-01-09,30.7,-87.15,149.1,3,22.58,3
2017-01-09,30.7,-87.1,24.9,1,3.88,1
2017-01-10,26.7,-80.65,7.0,1,26.669999999999998,3
2017-01-10,27.35,-82.3,10.1,1,21.92,3
2017-01-10,27.55,-82.0,13.7,1,1.35,1
2017-01-10,28.4,-81.75,16.6,1,5.29,1
2017-01-10,28.75,-82.25,25.400000000000002,2,6.11,1
2017-01-10,28.75,-82.2,73.4,1,19.71,4
2017-01-10,28.75,-82.05,17.4,1,8.11,1
2017-01-10,29.3,-82.7,39.3,2,28.8,4
2017-01-10,29.9,-85.35,165.5,4,41.42,4
2017-01-10,29.9,-83.3,21.6,2,4.38,1
2017-01-10,29.9,-81.85,9.1,1,5.63,1
2017-01-10,29.95,-82.0,6.1,1,13.97,1
2017-01-10,30.1,-84.95,201.2,3,54.19,7
2017-01-10,30.1,-83.25,8.6,1,7.21,1
2017-01-10,30.15,-84.95,523.2,8,358.84999999999997,23
2017-01-10,30.15,-84.1,8.4,1,59.18,4
2017-01-10,30.2,-84.2,110.0,4,17.63,3
2017-01-10,30.3,-83.3,8.5,1,9.1,3
2017-01-10,30.4,-81.9,7.3,1,16.490000000000002,2
2017-01-10,30.45,-83.2,8.9,1,5.0,2
2017-01-10,30.5,-86.0,39.9,2,60.9,3
2017-01-10,30.55,-83.6,15.0,1,28.72,4
2017-01-10,30.55,-83.55,41.3,1,42.84,3
2017-01-10,30.55,-83.3,28.3,1,2.93,1
2017-01-10,30.6,-84.75,133.7,5,151.77,6
2017-01-11,26.95,-80.6,5.9,1,9.0,1
2017-01-11,27.55,-81.15,54.7,2,21.19,6
2017-01-11,29.05,-82.55,7.8,1,3.07,1
2017-01-11,29.95,-84.9,46.0,1,158.04,17
2017-01-11,30.2,-84.6,91.0,3,28.349999999999998,4
2017-01-11,30.2,-84.2,98.30000000000001,4,166.06,14
2017-01-11,30.2,-83.35,63.7,4,41.16,5
2017-01-11,30.25,-84.6,24.8,1,136.61,17
2017-01-11,30.35,-84.0,11.5,1,3.68,1
2017-01-11,30.45,-85.25,5.9,1,10.11,2
2017-01-11,30.45,-84.85,34.4,3,24.33,4
2017-01-11,30.45,-84.55,12.4,1,4.37,1
2017-01-11,30.5,-85.35,65.3,4,81.13,4
2017-01-11,30.6,-84.45,88.19999999999999,3,16.8,2
2017-01-11,30.6,-84.4,31.2,1,31.75,3
2017-01-11,30.65,-85.1,6.8,1,30.03,4
2017-01-11,30.65,-84.8,37.3,2,98.3,11
2017-01-11,30.65,-84.75,62.0,2,19.37,2
2017-01-11,30.85,-85.15,15.8,1,3.11,1
2017-01-11,30.85,-85.1,14.0,1,7.4,2
2017-01-12,26.6,-81.45,72.9,2,32.54,5
2017-01-12,26.85,-82.2,31.7,2,21.59,3
2017-01-12,26.85,-81.8,45.8,2,113.09,4
2017-01-12,26.95,-82.3,14.3,1,3.41,1
2017-01-12,27.15,-82.5,27.6,1,17.4,2
2017-01-12,27.2,-82.3,60.400000000000006,2,130.54,7
2017-01-12,27.2,-82.15,104.30000000000001,2,6.49,2
2017-01-12,27.2,-81.5,18.8,1,32.95,5
2017-01-12,28.5,-82.25,23.9,2,23.48,3
2017-01-12,29.1,-81.85,717.0,4,302.02,9
2017-01-12,29.1,-81.8,505.8,2,678.07,12
2017-01-12,29.65,-83.45,28.3,1,16.21,2
2017-01-12,29.65,-82.6,13.3,1,10.14,3
2017-01-12,29.7,-82.75,49.7,2,14.84,2
2017-01-12,29.85,-84.8,20.8,1,12.14,2
2017-01-12,30.15,-85.1,458.2,5,69.35000000000001,6
2017-01-12,30.15,-85.05,1025.2,11,34.12,4
2017-01-12,30.2,-84.2,16.6,1,10.73,2
2017-01-12,30.2,-84.15,9.1,1,3.48,1
2017-01-12,30.35,-86.25,64.6,2,103.24000000000001,3
2017-01-12,30.45,-81.9,11.1,1,3.71,1
2017-01-12,30.5,-82.3,19.9,1,4.38,1
2017-01-12,30.65,-85.2,22.0,3,6.1,1
2017-01-13,25.95,-80.75,17.8,1,33.989999999999995,6
2017-01-13,26.0,-80.75,60.3,1,101.57,6
2017-01-13,26.1,-81.4,30.9,1,6.09,1
2017-01-13,26.45,-80.85,15.1,1,294.69,1
2017-01-13,26.45,-80.5,40.3,3,10.71,2
2017-01-13,26.6,-81.45,13.6,1,4.6,3
2017-01-13,28.85,-82.4,31.400000000000002,2,20.11,1
2017-01-13,29.7,-83.5,21.5,1,39.85,1
2017-01-13,29.7,-83.45,63.6,1,39.85,1
2017-01-13,29.8,-84.8,13.6,1,10.53,1
2017-01-13,30.3,-85.1,50.9,1,46.349999999999994,2
2017-01-13,30.3,-84.75,7.3,1,3.0,1
2017-01-13,30.3,-84.5,30.5,1,50.82,6
2017-01-13,30.45,-86.8,252.9,3,176.51,3
2017-01-13,30.45,-85.25,7.6,1,5.61,1
2017-01-13,30.5,-86.8,187.1,1,29.54,2
2017-01-13,30.5,-85.75,18.5,2,23.05,2
2017-01-13,30.5,-84.95,70.0,1,57.4,4
2017-01-13,30.55,-84.95,16.5,1,9.82,1
2017-01-13,30.6,-85.25,22.200000000000003,2,25.89,3
2017-01-13,30.6,-85.1,6.3,1,6.5,1
2017-01-13,30.65,-84.95,6.2,1,4.73,1
2017-01-13,30.75,-85.8,23.5,1,14.309999999999999,3
2017-01-13,30.8,-87.2,58.400000000000006,2,48.71,4
2017-01-13,30.85,-85.4,21.1,2,15.52,2
2017-01-14,30.0,-85.3,10.9,1,1.85,1
2017-01-14,30.25,-85.05,33.2,2,171.12,11
2017-01-14,30.25,-85.0,73.6,4,27.040000000000003,6
2017-01-14,30.4,-83.3,6.4,1,31.1,2
2017-01-14,30.45,-83.5,16.9,1,5.87,1
2017-01-14,30.5,-85.95,13.799999999999999,2,6.9399999999999995,2
2017-01-14,30.6,-85.2,4.3,1,16.68,4
2017-01-14,30.65,-85.55,6.9,1,2.39,1
2017-01-15,29.95,-85.05,45.1,1,165.58,15
2017-01-15,29.95,-85.0,33.3,1,193.23,13
2017-01-16,29.4,-82.85,18.5,2,2.94,1
2017-01-16,29.9,-85.35,53.3,1,8.86,1
2017-01-16,30.1,-85.45,34.7,3,4.29,1
2017-01-16,30.45,-85.9,55.900000000000006,2,40.12,5
2017-01-16,30.5,-86.0,31.7,1,54.3,7
2017-01-18,27.1,-80.45,45.5,1,82.41,3
2017-01-18,27.45,-81.4,6.6,1,4.13,1
2017-01-18,27.5,-82.35,49.6,2,27.03,3
2017-01-18,27.65,-82.35,4.9,1,2.02,1
2017-01-18,27.75,-82.05,13.0,1,3.62,1
2017-01-18,27.8,-81.15,54.7,1,111.02000000000001,2
2017-01-18,27.85,-81.15,158.9,3,142.9,16
2017-01-18,28.05,-81.15,66.9,2,2.92,1
2017-01-18,28.45,-81.2,4.6,1,15.96,3
2017-01-18,28.55,-81.6,3.5,1,1.74,1
2017-01-18,28.95,-82.1,17.5,1,4.91,1
2017-01-18,29.05,-82.05,29.6,1,9.9,1
2017-01-18,29.9,-85.35,18.1,1,13.97,1
2017-01-18,29.95,-84.75,45.2,2,23.689999999999998,3
2017-01-18,30.05,-81.55,5.5,1,3.89,1
2017-01-19,25.85,-81.1,12.0,1,12.65,1
2017-01-19,25.85,-81.05,24.799999999999997,2,12.65,1
2017-01-19,25.9,-81.1,120.3,1,101.24,5
2017-01-19,25.9,-81.05,693.8,7,459.87,31
2017-01-19,26.5,-81.15,105.8,2,36.69,4
2017-01-19,26.75,-81.75,322.3,7,36.19,4
2017-01-19,27.15,-82.4,29.2,1,123.53,8
2017-01-19,27.35,-80.7,24.1,1,9.3,1
2017-01-19,27.35,-80.65,31.9,1,9.3,1
2017-01-19,27.45,-81.85,84.6,2,26.61,3
2017-01-19,27.65,-82.3,200.2,2,26.740000000000002,2
2017-01-19,27.95,-81.15,1052.5,4,5.68,1
2017-01-19,28.35,-82.0,45.2,2,18.15,2
2017-01-19,28.95,-82.1,12.1,1,13.82,2
2017-01-19,29.0,-82.3,15.8,1,9.85,1
2017-01-19,29.95,-82.4,52.4,1,62.44,4
2017-01-20,26.85,-80.4,155.6,3,192.64999999999998,9
2017-01-20,26.95,-81.9,12.1,1,9.77,1
2017-01-20,27.15,-82.4,25.0,2,346.46999999999997,7
2017-01-20,27.45,-81.4,10.5,1,7.53,1
2017-01-20,27.5,-82.35,9.5,1,3.01,1
2017-01-20,27.8,-81.15,13.6,1,4.82,1
2017-01-20,27.8,-81.1,58.7,2,195.23000000000002,11
2017-01-20,27.8,-80.55,685.1999999999999,7,118.25999999999999,10
2017-01-20,28.0,-80.6,29.3,1,6.74,1
2017-01-20,28.3,-82.0,17.6,1,31.91,3
2017-01-20,28.5,-82.3,290.6,4,234.64999999999998,4
2017-01-20,28.75,-81.45,11.8,1,30.41,2
2017-01-20,29.5,-81.75,154.9,4,67.62,5
2017-01-20,29.5,-81.6,34.7,2,43.67,2
2017-01-20,29.8,-82.45,32.9,2,67.16,6
2017-01-20,30.15,-82.0,33.2,1,17.76,2
2017-01-22,26.5,-80.6,23.0,1,6.63,1
2017-01-22,26.5,-80.55,7.2,1,35.94,3
2017-01-22,26.55,-80.9,48.0,2,23.97,3
2017-01-22,26.65,-80.75,14.3,2,4.56,1
2017-01-23,30.5,-86.8,32.5,1,109.14,6
2017-01-24,26.1,-81.6,31.700000000000003,2,34.06,6
2017-01-24,26.75,-81.75,14.8,1,22.509999999999998,2
2017-01-24,26.8,-82.2,7.2,1,3.59,1
2017-01-24,26.85,-82.2,7.1,1,44.91,1
2017-01-24,26.85,-81.95,459.4,4,289.40000000000003,10
2017-01-24,26.85,-81.9,40.0,2,12.56,2
2017-01-24,26.9,-81.95,8.4,1,13.6,1
2017-01-24,27.05,-81.7,53.5,1,36.15,1
2017-01-24,27.05,-81.65,22.5,1,6.48,1
2017-01-24,27.35,-81.2,56.1,2,8.5,2
2017-01-24,27.35,-81.15,1165.0,5,39.84,5
2017-01-24,27.55,-80.95,53.5,3,561.47,9
2017-01-24,27.6,-80.65,12.600000000000001,2,10.32,2
2017-01-24,27.65,-82.35,5.3,1,4.1,1
2017-01-24,27.65,-81.3,188.9,4,112.5,7
2017-01-24,27.85,-80.95,1002.2,5,290.19,2
2017-01-24,28.05,-81.7,4.6,1,6.1,2
2017-01-24,28.15,-82.5,5.0,1,8.61,2
2017-01-24,28.4,-81.95,163.0,4,102.46,5
2017-01-24,28.6,-82.35,10.5,1,7.25,1
2017-01-24,29.0,-82.3,4.2,1,4.77,1
2017-01-24,29.05,-82.5,12.8,2,7.86,2
2017-01-24,29.5,-82.6,20.9,1,8.629999999999999,2
2017-01-24,29.5,-81.75,14.7,1,15.280000000000001,2
2017-01-24,29.55,-82.6,4.9,1,4.61,1
2017-01-24,29.65,-82.3,10.9,1,15.34,1
2017-01-24,29.65,-82.25,23.6,1,30.68,2
2017-01-24,29.7,-85.3,13.6,1,19.26,2
2017-01-24,29.9,-84.85,8.5,1,7.57,2
2017-01-24,30.1,-83.2,4.1,1,2.23,1
2017-01-25,26.0,-81.25,85.6,1,17.04,2
2017-01-25,26.3,-81.7,60.3,2,29.04,4
2017-01-25,26.8,-81.9,32.6,2,37.52,3
2017-01-25,27.05,-80.35,46.1,1,5.04,1
2017-01-25,27.1,-81.4,13.4,1,26.2,3
2017-01-25,27.25,-80.55,21.9,2,9.65,2
2017-01-25,27.35,-81.9,35.8,1,12.15,1
2017-01-25,27.35,-80.5,19.5,1,1.8,1
2017-01-25,27.55,-81.2,905.3000000000001,4,151.68,6
2017-01-25,27.55,-81.15,427.70000000000005,3,170.07,19
2017-01-25,27.6,-80.65,11.8,1,7.72,2
2017-01-25,27.65,-82.35,5.6,1,3.37,1
2017-01-25,27.65,-81.35,46.6,1,96.22,9
2017-01-25,28.25,-82.5,4.4,1,2.93,1
2017-01-25,28.3,-81.5,20.4,2,2.94,1
2017-01-25,28.95,-82.1,4.6,1,4.62,2
2017-01-25,28.95,-81.55,22.3,2,4.18,1
2017-01-25,29.0,-82.3,10.2,1,4.81,1
2017-01-25,29.25,-82.5,22.1,2,10.12,2
2017-01-25,29.4,-82.1,13.4,2,15.489999999999998,2
2017-01-25,29.85,-84.65,77.9,2,4.07,1
2017-01-25,29.9,-82.9,6.5,1,1.64,1
2017-01-25,29.95,-82.95,8.0,1,2.23,1
2017-01-25,30.0,-83.25,12.3,1,7.44,2
2017-01-25,30.45,-85.8,12.5,1,21.86,3
2017-01-25,30.9,-86.75,24.3,1,149.38,12
2017-01-25,30.95,-86.75,187.89999999999998,2,86.19,7
2017-01-27,26.9,-81.95,103.7,4,43.230000000000004,6
2017-01-27,26.9,-81.75,658.3,5,644.34,12
2017-01-27,27.4,-80.9,4.3,1,1.46,1
2017-01-27,28.65,-82.45,175.0,2,178.93,21
2017-01-27,29.8,-82.75,8.8,1,2.32,1
2017-01-27,29.9,-85.05,39.0,1,13.36,2
2017-01-27,29.9,-85.0,103.3,3,98.11,10
2017-01-27,29.9,-81.7,11.7,1,8.55,1
2017-01-27,30.05,-82.05,60.5,2,13.6,2
2017-01-27,30.05,-82.0,40.9,1,21.3,3
2017-01-27,30.45,-86.05,47.3,2,12.370000000000001,3
2017-01-27,30.5,-82.35,295.3,4,11.66,1
2017-01-28,26.05,-81.25,3569.7,5,540.7,39
2017-01-28,26.1,-81.25,681.1,3,131.51999999999998,10
2017-01-28,27.1,-80.25,110.3,2,22.1,4
2017-01-29,29.95,-84.6,4.9,1,4.52,2
2017-01-29,30.0,-85.2,4.3,1,2.35,1
2017-01-29,30.05,-82.0,21.5,1,28.46,2
2017-01-29,30.1,-85.1,50.9,2,201.76,9
2017-01-29,30.1,-85.05,276.09999999999997,4,247.0,10
2017-01-29,30.15,-85.05,146.0,4,188.78,14
2017-01-29,30.6,-86.9,47.7,2,28.94,9
2017-01-29,30.6,-86.4,528.5,7,494.75,18
2017-01-29,30.65,-87.25,100.3,3,117.92,9
2017-01-29,30.65,-87.2,6.2,1,9.88,1
2017-01-29,30.8,-86.9,22.3,1,16.8,6
2017-01-29,30.95,-86.6,5.2,1,12.2,2
2017-01-30,26.3,-81.7,38.0,2,11.79,3
2017-01-30,27.6,-80.8,8.6,1,3.42,1
2017-01-30,27.6,-80.65,7.8,1,7.1,2
2017-01-30,27.7,-81.15,8.9,1,38.22,4
2017-01-30,27.75,-81.15,10.8,1,30.98,3
2017-01-30,27.75,-81.1,160.7,3,31.509999999999998,7
2017-01-30,28.3,-81.5,14.9,1,4.33,1
2017-01-30,29.2,-82.2,6.2,1,1.87,1
2017-01-30,29.45,-82.35,7.4,1,5.49,2
2017-01-30,29.55,-83.05,11.7,2,3.53,3
2017-01-30,29.75,-83.35,9.4,1,21.66,4
2017-01-30,29.8,-82.45,22.6,2,5.19,1
2017-01-30,29.95,-82.8,136.5,4,98.87,7
2017-01-30,29.95,-82.45,5.7,1,5.9,1
2017-01-30,30.0,-85.3,16.1,2,102.88,6
2017-01-30,30.0,-82.05,99.8,3,493.34999999999997,23
2017-01-30,30.0,-82.0,21.7,1,5.26,1
2017-01-30,30.1,-85.45,11.0,2,11.13,3
2017-01-30,30.1,-83.15,14.6,2,12.99,2
2017-01-30,30.2,-84.2,13.7,1,5.22,1
2017-01-30,30.25,-84.6,57.1,2,138.21,13
2017-01-30,30.25,-84.35,8.6,1,21.92,3
2017-01-30,30.35,-85.9,80.89999999999999,3,63.5,1
2017-01-30,30.4,-83.0,9.9,1,4.54,1
2017-01-30,30.45,-84.85,15.2,1,27.43,3
2017-01-30,30.55,-86.1,8.6,1,27.080000000000002,7
2017-01-30,30.6,-85.75,5.3,1,14.530000000000001,3
2017-01-30,30.65,-85.2,21.799999999999997,2,7.36,1
2017-01-30,30.75,-87.25,5.7,1,9.280000000000001,3
2017-01-30,30.85,-86.65,123.3,5,55.03,5
2017-01-30,30.85,-86.3,12.7,1,5.78,1
2017-01-31,26.35,-81.7,35.2,2,48.11,6
2017-01-31,26.35,-81.4,5.5,1,7.02,1
2017-01-31,26.7,-81.6,4.6,1,3.95,1
2017-01-31,27.05,-81.75,5.9,1,7.39,1
2017-01-31,27.05,-81.05,6.0,1,5.36,2
2017-01-31,27.05,-80.35,29.2,2,10.56,2
2017-01-31,27.1,-81.2,71.1,2,80.48,3
2017-01-31,27.1,-81.15,313.79999999999995,5,81.66,3
2017-01-31,27.15,-81.45,12.4,1,19.88,1
2017-01-31,27.2,-81.45,7.6,1,4.47,1
2017-01-31,27.25,-80.75,25.4,1,16.0,2
2017-01-31,27.25,-80.7,5.8,1,10.01,2
2017-01-31,27.35,-80.5,6.0,1,6.2,2
2017-01-31,27.45,-81.4,7.4,1,2.7,1
2017-01-31,27.55,-81.35,28.9,2,2.07,1
2017-01-31,27.6,-80.65,10.7,1,10.49,2
2017-01-31,27.8,-80.5,27.6,1,56.76,2
2017-01-31,28.55,-81.85,11.6,2,11.3,1
2017-01-31,28.6,-82.3,23.6,1,68.77,3
2017-01-31,28.75,-81.55,35.599999999999994,2,28.549999999999997,3
2017-01-31,29.3,-81.4,15.0,2,47.9,5
2017-01-31,29.35,-82.65,53.6,2,74.4,4
2017-01-31,29.5,-83.05,19.0,2,9.01,2
2017-01-31,29.7,-83.5,13.3,1,104.62,2
2017-01-31,29.75,-83.35,5.9,1,20.259999999999998,3
2017-01-31,29.8,-83.0,48.7,2,69.03,3
2017-01-31,29.85,-84.95,147.9,4,396.43,24
2017-01-31,29.95,-82.45,74.7,2,24.990000000000002,4
2017-01-31,30.0,-85.05,220.0,4,69.18,2
2017-01-31,30.0,-85.0,642.4,6,224.93,14
2017-01-31,30.05,-82.4,28.1,1,62.650000000000006,5
2017-01-31,30.05,-82.0,15.2,1,10.81,1
2017-01-31,30.2,-85.1,46.6,3,233.35999999999999,8
2017-01-31,30.25,-85.05,26.0,2,9.31,1
2017-01-31,30.25,-84.35,61.099999999999994,4,66.94,5
2017-01-31,30.35,-85.5,6.0,1,4.12,1
2017-01-31,30.35,-84.1,12.7,2,6.2,2
2017-01-31,30.35,-83.05,18.9,1,16.72,1
2017-01-31,30.35,-82.55,4.6,1,16.26,3
2017-01-31,30.35,-82.5,16.200000000000003,2,18.56,4
2017-01-31,30.35,-81.9,28.1,2,11.600000000000001,3
2017-01-31,30.4,-85.9,33.3,2,40.480000000000004,2
2017-01-31,30.4,-85.85,30.9,1,10.7,1
2017-01-31,30.4,-83.0,8.1,1,9.45,1
2017-01-31,30.4,-82.75,8.4,1,4.62,1
2017-01-31,30.4,-82.0,4.9,1,6.11,1
2017-01-31,30.45,-85.9,16.7,2,54.19,5
2017-01-31,30.45,-85.05,83.1,4,5.12,2
2017-01-31,30.55,-83.9,4.9,1,7.42,1
2017-01-31,30.55,-83.55,12.8,2,11.690000000000001,2
2017-01-31,30.6,-84.05,10.8,1,42.709999999999994,3
2017-01-31,30.7,-85.1,14.3,2,13.330000000000002,2
2017-01-31,30.75,-85.15,4.5,1,9.62,2
2017-01-31,30.8,-86.25,348.90000000000003,7,23.68,2
2017-01-31,30.85,-86.7,286.8,2,47.699999999999996,2
2017-01-31,30.9,-86.7,18.3,1,224.92,7
2017-01-31,30.95,-86.85,308.7,5,27.0,2
2017-02-01,26.35,-81.7,21.8,2,4.17,1
2017-02-01,26.6,-81.4,12.3,1,104.09,4
2017-02-01,26.7,-81.35,7.6,1,16.25,2
2017-02-01,27.0,-82.35,4.2,1,1.55,1
2017-02-01,27.15,-82.05,3.8,1,31.0,1
2017-02-01,27.2,-81.55,1102.2,4,26.919999999999998,4
2017-02-01,27.2,-81.45,10.7,1,26.590000000000003,3
2017-02-01,27.45,-81.4,16.4,2,8.91,1
2017-02-01,27.6,-80.65,9.4,1,6.71,1
2017-02-01,27.65,-81.85,39.599999999999994,2,386.72,8
2017-02-01,27.95,-81.05,11.0,1,242.62,13
2017-02-01,28.0,-81.05,15.0,1,165.95,4
2017-02-01,28.05,-81.05,57.4,2,68.36,5
2017-02-01,28.35,-81.7,11.9,2,4.35,1
2017-02-01,29.25,-82.5,14.600000000000001,2,12.629999999999999,2
2017-02-01,29.5,-82.7,30.299999999999997,2,19.86,2
2017-02-01,29.55,-82.7,46.900000000000006,2,50.31,5
2017-02-01,29.7,-82.25,4.4,1,14.86,1
2017-02-01,29.75,-83.35,7.3,1,16.92,4
2017-02-01,29.85,-84.95,21.4,1,20.27,3
2017-02-01,29.85,-82.7,12.3,2,7.78,2
2017-02-01,30.05,-83.3,62.5,2,33.230000000000004,2
2017-02-01,30.1,-83.35,116.6,3,24.14,4
2017-02-01,30.35,-85.5,32.5,1,6.48,1
2017-02-01,30.35,-82.5,97.0,2,143.59,7
2017-02-01,30.45,-85.95,21.0,1,4.25,1
2017-02-01,30.55,-83.9,6.4,1,8.77,1
2017-02-02,26.3,-80.9,9.6,1,91.5,5
2017-02-02,27.0,-81.5,12.3,1,6.8,1
2017-02-02,27.25,-81.55,16.9,1,48.35,8
2017-02-02,27.25,-81.2,195.4,2,4.13,1
2017-02-02,27.45,-82.25,13.8,1,5.75,1
2017-02-02,27.45,-81.4,12.1,1,14.05,2
2017-02-02,27.45,-81.05,28.6,2,26.89,3
2017-02-02,27.65,-82.5,8.6,1,3.49,1
2017-02-02,28.0,-81.1,93.19999999999999,2,18.31,2
2017-02-02,30.4,-83.3,14.1,1,14.91,2
2017-02-02,30.55,-87.0,21.8,1,4.36,1
2017-02-03,27.0,-81.35,30.3,1,91.1,1
2017-02-03,27.85,-81.15,309.4,1,200.08,6
2017-02-03,28.0,-81.1,28.1,1,19.38,3
2017-02-03,28.25,-80.8,54.3,1,320.98,6
2017-02-03,28.35,-82.0,730.3,1,45.65,4
2017-02-03,28.4,-82.0,883.4,3,259.49,8
2017-02-03,28.55,-81.85,7.0,1,7.76,1
2017-02-03,28.75,-82.5,10.1,1,4.18,1
2017-02-03,29.55,-82.65,40.2,1,72.8,1
2017-02-03,29.7,-81.85,7.5,1,147.74,8
2017-02-03,29.9,-85.35,57.8,4,25.08,2
2017-02-03,29.95,-84.75,76.0,3,19.75,3
2017-02-03,29.95,-82.45,22.7,1,19.92,2
2017-02-03,30.1,-85.45,16.2,1,13.35,3
2017-02-03,30.2,-84.0,63.7,4,131.21,4
2017-02-03,30.2,-83.3,266.0,3,48.04,1
2017-02-03,30.25,-82.8,5.7,1,5.77,1
2017-02-03,30.35,-85.5,26.7,2,2.95,1
2017-02-03,30.4,-83.3,19.7,1,31.48,5
2017-02-03,30.55,-83.85,9.5,1,12.82,2
2017-02-04,26.6,-81.35,150.0,4,81.13,3
2017-02-04,27.35,-81.85,41.3,2,69.67,5
2017-02-04,27.55,-81.25,33.5,3,6.41,1
2017-02-04,27.75,-81.75,27.0,1,12.73,1
2017-02-04,30.35,-85.25,17.9,1,19.48,1
2017-02-04,30.7,-86.5,24.5,2,4.54,1
2017-02-04,30.8,-86.3,65.7,2,17.9,2
2017-02-04,30.95,-86.3,45.8,1,35.87,3
2017-02-05,26.75,-81.1,58.3,3,5.47,1
2017-02-05,27.55,-81.25,100.4,2,57.84,5
2017-02-05,29.7,-83.1,12.6,1,7.98,2
2017-02-05,29.95,-81.9,10.8,1,4.68,1
2017-02-05,30.3,-82.95,19.6,1,20.63,1
2017-02-05,30.6,-85.75,22.2,1,57.480000000000004,3
2017-02-06,25.8,-81.35,71.4,1,105.71,9
2017-02-06,26.15,-81.4,615.3,2,239.67000000000002,16
2017-02-06,26.8,-81.8,112.0,2,87.86999999999999,4
2017-02-06,27.0,-81.8,41.1,1,1.51,1
2017-02-06,27.05,-81.35,24.7,1,35.33,3
2017-02-06,27.2,-81.45,843.3,7,241.22999999999996,7
2017-02-06,27.5,-82.4,8.3,1,3.48,1
2017-02-06,27.7,-80.6,223.5,2,4.61,1
2017-02-06,27.95,-81.15,183.3,2,11.82,3
2017-02-06,28.1,-81.2,161.5,3,15.63,4
2017-02-06,28.1,-81.1,250.9,5,89.21000000000001,6
2017-02-06,28.2,-81.95,36.8,2,11.68,2
2017-02-06,28.45,-81.2,29.4,2,29.35,3
2017-02-06,28.55,-80.9,409.7,3,222.26,5
2017-02-06,28.6,-82.4,13.6,1,15.48,2
2017-02-06,29.15,-81.8,368.1,4,317.89000000000004,3
2017-02-06,29.65,-82.7,16.9,1,5.35,1
2017-02-06,29.8,-83.35,136.2,3,19.0,2
2017-02-06,29.8,-83.3,51.3,1,23.060000000000002,2
2017-02-06,29.9,-85.35,17.0,2,8.41,2
2017-02-06,30.0,-81.6,21.3,1,25.58,2
2017-02-06,30.1,-85.5,7.2,1,4.62,1
2017-02-06,30.55,-83.9,5.3,1,13.469999999999999,2
2017-02-06,30.65,-86.0,53.4,2,7.55,1
2017-02-06,30.85,-86.3,4.9,1,7.029999999999999,2
2017-02-06,30.9,-85.95,51.1,1,70.03,5
2017-02-07,26.25,-81.05,9.2,1,31.39,4
2017-02-07,27.0,-80.25,7.8,1,16.580000000000002,4
2017-02-07,27.45,-81.95,17.5,1,16.7,2
2017-02-07,27.5,-82.4,3.9,1,4.75,1
2017-02-07,27.7,-81.4,12.9,1,73.32,10
2017-02-07,29.05,-82.2,74.3,1,28.73,4
2017-02-07,29.5,-81.65,24.7,1,14.45,1
2017-02-07,29.55,-81.65,47.4,1,27.58,2
2017-02-07,30.4,-83.95,7.7,1,2.98,1
2017-02-08,26.75,-81.7,9.0,1,10.08,1
2017-02-08,26.8,-81.95,377.3,2,16.21,1
2017-02-08,26.8,-81.9,6.5,1,31.9,3
2017-02-08,26.95,-80.65,18.2,1,19.08,2
2017-02-08,27.25,-80.9,143.7,2,22.619999999999997,2
2017-02-09,26.35,-81.75,6.6,1,8.78,1
2017-02-09,27.05,-81.7,13.1,1,6.73,2
2017-02-09,27.25,-81.15,11.0,1,26.869999999999997,3
2017-02-09,27.55,-81.4,9.6,2,6.04,1
2017-02-09,27.6,-81.4,47.2,2,138.09,3
2017-02-09,27.65,-82.3,72.3,2,30.45,2
2017-02-09,27.7,-81.3,5.4,1,5.64,1
2017-02-09,27.75,-81.25,26.4,2,16.13,2
2017-02-09,27.95,-80.85,5.3,1,9.37,1
2017-02-09,29.9,-85.35,7.1,1,4.75,1
2017-02-09,30.0,-82.65,8.2,1,5.51,1
2017-02-09,30.1,-85.35,23.1,2,17.26,2
2017-02-09,30.3,-83.95,11.7,2,16.259999999999998,3
2017-02-10,26.0,-81.1,15.8,1,15.709999999999999,3
2017-02-10,26.25,-81.7,7.2,1,5.9,2
2017-02-10,26.45,-81.85,4.6,1,6.33,2
2017-02-10,26.75,-81.35,45.0,3,28.73,6
2017-02-10,26.95,-81.6,16.4,1,1.96,1
2017-02-10,27.1,-80.25,75.69999999999999,2,169.28,6
2017-02-10,27.15,-80.45,12.600000000000001,2,32.489999999999995,4
2017-02-10,27.6,-80.75,605.9000000000001,2,237.37,19
2017-02-10,27.6,-80.65,11.6,2,14.61,3
2017-02-10,27.65,-82.35,13.0,1,6.36,1
2017-02-10,27.65,-81.05,5.0,1,27.64,2
2017-02-10,27.7,-81.35,71.5,2,43.72,3
2017-02-10,27.7,-81.05,215.2,3,98.82,8
2017-02-10,27.7,-80.65,12.2,1,4.67,1
2017-02-10,27.75,-81.15,14.4,2,3.01,1
2017-02-10,27.85,-80.55,19.3,1,32.04,3
2017-02-10,28.25,-81.35,7.2,1,7.25,1
2017-02-10,28.4,-81.75,5.0,1,17.87,1
2017-02-10,28.55,-82.6,10.7,1,25.79,2
2017-02-10,28.75,-82.45,65.7,3,19.51,3
2017-02-10,28.8,-81.6,8.5,1,4.87,1
2017-02-10,28.95,-82.1,8.0,2,3.17,1
2017-02-10,28.95,-81.1,9.2,1,2.39,1
2017-02-10,29.0,-81.0,5.2,1,3.4,1
2017-02-10,29.3,-82.55,9.0,2,2.03,1
2017-02-10,29.6,-82.65,79.0,1,76.64,1
2017-02-10,29.95,-84.8,25.7,2,9.4,1
2017-02-10,29.95,-84.75,17.6,1,23.68,2
2017-02-10,30.0,-82.35,23.1,1,9.48,2
2017-02-10,30.05,-82.05,24.0,1,12.67,3
2017-02-10,30.05,-82.0,5.4,1,41.769999999999996,4
2017-02-10,30.1,-84.5,48.4,1,60.33,4
2017-02-10,30.1,-84.45,167.70000000000002,2,8.58,2
2017-02-10,30.15,-84.5,112.7,1,184.05,8
2017-02-10,30.15,-84.45,414.1,3,238.65,11
2017-02-10,30.15,-83.35,12.0,1,4.59,1
2017-02-10,30.15,-82.35,12.2,2,4.38,1
2017-02-10,30.25,-85.5,16.0,1,14.89,2
2017-02-10,30.25,-81.9,6.8,1,5.81,1
2017-02-10,30.3,-82.65,124.6,3,41.92,3
2017-02-10,30.4,-85.85,26.9,2,49.96,3
2017-02-10,30.4,-83.3,54.3,2,18.88,3
2017-02-10,30.4,-82.0,11.3,2,20.55,1
2017-02-10,30.45,-83.3,54.2,1,4.76,1
2017-02-10,30.5,-83.05,20.4,2,4.36,2
2017-02-10,30.5,-82.75,22.5,1,11.94,3
2017-02-10,30.55,-85.2,12.9,1,1.96,1
2017-02-10,30.55,-83.75,41.199999999999996,3,8.87,1
2017-02-10,30.6,-85.9,20.8,1,5.81,1
2017-02-10,30.65,-81.7,65.4,2,12.4,2
2017-02-10,30.7,-86.85,86.69999999999999,3,70.01,8
2017-02-10,30.75,-86.85,17.3,1,183.79999999999998,6
2017-02-10,30.75,-81.8,7.3,1,10.46,1
2017-02-10,30.8,-86.3,10.7,1,3.69,1
2017-02-10,30.85,-87.4,46.7,2,20.9,1
2017-02-10,30.85,-87.25,11.9,1,36.0,2
2017-02-11,26.75,-81.3,133.3,3,315.53999999999996,8
2017-02-11,26.75,-81.25,87.4,1,39.78,2
2017-02-11,27.15,-82.1,17.1,1,23.09,5
2017-02-11,27.15,-80.55,82.3,1,35.24,1
2017-02-11,27.3,-80.55,97.2,3,153.09,3
2017-02-11,27.35,-81.85,53.599999999999994,2,28.93,3
2017-02-11,27.6,-81.1,322.8,6,60.7,5
2017-02-11,27.65,-81.35,271.3,4,55.94,2
2017-02-11,29.35,-81.4,31.4,2,7.5,2
2017-02-11,29.5,-82.75,50.2,1,9.59,1
2017-02-11,29.5,-82.7,20.1,1,13.6,1
2017-02-11,29.5,-82.55,1719.7,6,23.83,2
2017-02-11,29.55,-82.75,27.3,1,121.72,6
2017-02-11,29.55,-82.7,14.3,1,48.92,4
2017-02-11,29.65,-82.65,62.6,3,7.73,3
2017-02-11,29.7,-85.3,12.8,1,4.05,1
2017-02-11,29.75,-81.85,6.7,1,13.0,2
2017-02-11,30.0,-82.75,48.2,3,11.99,1
2017-02-11,30.15,-82.05,74.6,3,8.64,2
2017-02-11,30.35,-83.05,11.8,1,2.97,1
2017-02-11,30.35,-83.0,15.7,1,11.32,1
2017-02-11,30.5,-86.0,39.1,2,115.17,8
2017-02-11,30.5,-82.75,34.4,1,5.49,2
2017-02-12,26.6,-80.95,11.9,1,3.62,1
2017-02-12,27.5,-81.05,52.800000000000004,2,25.21,2
2017-02-12,27.6,-81.1,58.1,2,26.02,5
2017-02-12,27.6,-81.05,59.9,3,12.940000000000001,3
2017-02-12,27.65,-81.35,10.5,1,14.989999999999998,3
2017-02-12,27.7,-81.5,20.1,1,38.81,5
2017-02-12,29.65,-82.75,226.1,3,7.39,2
2017-02-13,27.25,-81.55,16.0,1,2.2,1
2017-02-13,27.25,-81.5,64.7,2,11.89,2
2017-02-13,29.85,-83.35,108.0,4,95.42,6
2017-02-13,29.85,-83.05,16.7,1,5.11,1
2017-02-13,29.95,-84.7,45.9,1,36.7,3
2017-02-13,29.95,-84.65,45.7,1,227.70000000000002,11
2017-02-13,29.95,-83.75,12.2,1,5.0,1
2017-02-13,30.0,-83.1,199.29999999999998,6,147.37,17
2017-02-13,30.05,-85.45,6.4,1,2.98,1
2017-02-13,30.15,-85.2,14.1,1,47.81,7
2017-02-13,30.15,-85.15,22.1,1,12.16,2
2017-02-13,30.25,-85.5,11.9,2,25.62,1
2017-02-13,30.25,-84.5,610.8,4,171.26,9
2017-02-13,30.25,-84.45,751.4,6,316.8,16
2017-02-13,30.25,-84.35,152.7,6,92.25,7
2017-02-13,30.3,-85.75,201.0,3,37.66,2
2017-02-13,30.3,-84.5,206.2,4,460.56,26
2017-02-13,30.3,-84.45,177.2,2,394.61,17
2017-02-13,30.35,-87.35,4.2,1,10.48,1
2017-02-13,30.35,-86.25,15.7,1,19.240000000000002,3
2017-02-13,30.35,-85.5,4.7,1,14.8,2
2017-02-13,30.35,-83.9,33.400000000000006,2,2.44,1
2017-02-13,30.35,-83.0,9.5,1,3.03,1
2017-02-13,30.4,-85.9,25.7,1,10.52,3
2017-02-13,30.55,-81.8,71.5,3,10.04,2
2017-02-13,30.65,-86.0,19.1,2,25.330000000000002,4
2017-02-13,30.65,-85.25,15.6,1,6.19,1
2017-02-13,30.65,-84.3,37.4,1,8.04,2
2017-02-13,30.85,-87.15,13.0,1,6.34,2
2017-02-13,30.85,-85.0,17.3,1,13.16,4
2017-02-13,30.9,-86.7,200.0,3,1.74,1
2017-02-14,26.55,-81.1,245.5,2,517.48,7
2017-02-14,27.25,-81.55,27.2,1,15.8,1
2017-02-14,27.25,-81.5,360.1,5,5.08,1
2017-02-14,27.3,-80.55,59.7,2,58.22,1
2017-02-14,27.55,-81.35,40.1,1,24.56,4
2017-02-14,27.65,-81.05,56.1,2,126.78,3
2017-02-14,27.65,-81.0,59.400000000000006,2,90.51,3
2017-02-14,27.7,-81.05,42.7,1,34.739999999999995,4
2017-02-14,27.75,-81.85,154.6,3,152.68,5
2017-02-14,27.9,-81.2,9.7,1,5.3,1
2017-02-14,28.05,-82.05,18.9,1,38.65,1
2017-02-14,28.15,-81.0,35.4,1,19.28,3
2017-02-14,29.8,-83.35,13.0,1,22.77,3
2017-02-14,30.0,-85.15,40.9,1,24.950000000000003,2
2017-02-14,30.0,-84.8,21.9,2,18.62,5
2017-02-14,30.0,-83.9,47.1,3,27.409999999999997,7
2017-02-14,30.05,-82.65,16.4,2,12.18,1
2017-02-14,30.1,-83.6,50.1,2,8.78,2
2017-02-14,30.1,-83.0,30.0,1,39.43,3
2017-02-14,30.2,-83.65,27.2,1,12.46,2
2017-02-14,30.2,-83.2,39.4,2,17.98,2
2017-02-14,30.25,-84.35,96.2,4,38.29,6
2017-02-14,30.25,-84.0,5.2,1,12.78,1
2017-02-14,30.25,-82.7,15.4,1,33.32,4
2017-02-14,30.3,-85.5,12.7,1,3.16,1
2017-02-14,30.3,-83.3,23.2,2,17.97,1
2017-02-14,30.4,-85.9,44.2,3,53.480000000000004,3
2017-02-14,30.4,-85.85,67.4,1,44.88,3
2017-02-14,30.45,-84.0,9.2,1,4.86,1
2017-02-14,30.5,-86.15,68.6,3,69.94,3
2017-02-14,30.5,-85.2,8.3,1,4.54,2
2017-02-14,30.55,-83.65,11.4,1,9.93,1
2017-02-14,30.55,-82.45,171.2,3,247.84,5
2017-02-14,30.55,-82.0,8.7,1,4.22,1
2017-02-14,30.6,-84.6,66.4,2,72.78,3
2017-02-14,30.6,-83.75,21.3,2,1.2,1
2017-02-14,30.6,-83.6,7.7,1,3.43,1
2017-02-14,30.65,-86.8,26.900000000000002,2,43.81,4
2017-02-14,30.65,-84.3,49.6,3,31.18,4
2017-02-14,30.75,-85.45,9.9,1,4.59,1
2017-02-14,30.8,-86.9,12.2,1,1.82,1
2017-02-14,30.85,-87.05,21.1,2,16.29,2
2017-02-14,30.85,-86.75,257.4,2,20.28,5
2017-02-14,30.85,-85.05,7.4,1,11.32,2
2017-02-14,30.85,-85.0,18.200000000000003,2,18.14,2
2017-02-14,30.9,-86.55,34.4,2,162.95999999999998,4
2017-02-14,30.9,-86.0,15.8,2,10.89,1
2017-02-14,30.9,-85.95,13.7,1,23.11,3
2017-02-14,30.95,-85.4,15.5,1,37.0,3
2017-02-15,27.25,-81.55,63.3,2,0.92,1
2017-02-15,27.25,-81.5,97.9,3,205.43,15
2017-02-15,27.45,-80.5,37.4,1,8.58,2
2017-02-15,27.75,-81.4,777.1999999999999,4,808.25,24
2017-02-15,27.75,-81.35,238.70000000000002,2,1196.23,24
2017-02-15,27.95,-80.75,72.7,2,8.82,1
2017-02-16,25.95,-81.3,21.0,1,80.02,7
2017-02-16,26.0,-81.3,48.2,2,471.79,33
2017-02-16,26.25,-80.95,35.099999999999994,2,29.15,2
2017-02-16,26.5,-81.25,15.3,1,9.9,1
2017-02-16,26.55,-81.25,72.5,3,114.9,7
2017-02-16,26.55,-80.65,100.30000000000001,2,70.89,4
2017-02-16,26.7,-81.4,52.2,1,30.1,4
2017-02-16,26.75,-81.75,19.1,2,12.6,2
2017-02-16,26.85,-82.0,5.4,1,25.44,2
2017-02-16,27.05,-80.3,11.0,1,6.39,1
2017-02-16,27.25,-81.95,4.7,1,3.22,1
2017-02-16,27.25,-81.55,11.3,1,3.14,1
2017-02-16,27.25,-81.5,96.5,5,103.92,26
2017-02-16,27.3,-81.05,15.2,1,35.74,1
2017-02-16,27.3,-81.0,52.5,1,65.37,2
2017-02-16,27.5,-82.15,54.5,4,17.240000000000002,2
2017-02-16,27.55,-81.25,8.3,1,4.59,1
2017-02-16,27.7,-82.3,4.1,1,30.24,1
2017-02-16,27.75,-81.35,113.8,3,79.45,9
2017-02-16,27.75,-81.3,4.8,1,4.15,1
2017-02-16,27.8,-82.05,15.4,1,11.23,1
2017-02-16,27.9,-81.0,17.4,1,254.32999999999998,7
2017-02-16,27.95,-80.8,89.0,4,399.75,12
2017-02-16,28.0,-81.3,54.4,3,239.28,14
2017-02-16,28.05,-82.1,15.2,1,2.61,1
2017-02-16,28.25,-81.35,8.5,1,7.91,1
2017-02-16,28.6,-81.05,24.1,1,30.580000000000002,4
2017-02-16,29.85,-82.4,8.5,1,1.91,1
2017-02-16,29.9,-85.35,7.2,1,12.2,2
2017-02-16,29.95,-84.75,51.7,2,23.07,3
2017-02-16,30.0,-84.85,104.19999999999999,2,86.80000000000001,7
2017-02-16,30.0,-84.8,458.1,5,68.07,12
2017-02-16,30.0,-84.75,11.6,1,8.59,1
2017-02-16,30.05,-82.75,132.0,2,28.09,2
2017-02-16,30.25,-85.15,164.70000000000002,7,108.81,14
2017-02-16,30.25,-84.35,353.1,6,49.379999999999995,9
2017-02-16,30.25,-84.3,48.3,2,11.1,2
2017-02-16,30.25,-84.05,239.7,6,165.8,13
2017-02-16,30.25,-82.35,6.9,1,3.95,1
2017-02-16,30.35,-83.85,20.9,2,5.2,1
2017-02-16,30.4,-85.6,12.3,1,29.4,3
2017-02-16,30.4,-85.0,3.9,1,3.38,1
2017-02-16,30.4,-84.85,62.4,2,14.49,3
2017-02-16,30.4,-84.8,44.0,2,12.63,3
2017-02-16,30.45,-84.55,14.9,1,41.93,1
2017-02-16,30.45,-83.95,9.0,1,8.5,2
2017-02-16,30.45,-83.9,8.8,1,10.12,2
2017-02-16,30.45,-82.8,12.8,2,11.84,2
2017-02-16,30.5,-87.45,101.8,4,3.55,1
2017-02-16,30.5,-83.0,20.2,2,39.71,5
2017-02-16,30.6,-84.75,16.3,1,8.47,2
2017-02-16,30.6,-84.35,208.9,6,85.25,12
2017-02-16,30.65,-84.75,22.8,1,8.47,2
2017-02-16,30.7,-85.3,11.7,1,47.34,6
2017-02-16,30.75,-86.9,132.9,3,56.78,5
2017-02-16,30.75,-85.15,8.4,1,108.1,4
2017-02-16,30.8,-85.0,88.9,4,8.399999999999999,2
2017-02-16,30.85,-86.3,3.5,1,2.59,1
2017-02-16,30.85,-85.4,21.5,1,8.66,2
2017-02-16,30.85,-85.25,14.399999999999999,2,8.51,2
2017-02-16,30.9,-87.25,15.7,1,37.78,3
2017-02-16,30.9,-86.7,23.8,2,63.72,7
2017-02-17,26.45,-81.85,8.8,1,3.33,1
2017-02-17,27.25,-81.5,108.9,4,100.84,21
2017-02-17,27.55,-81.3,36.7,1,56.74,4
2017-02-17,27.55,-81.25,24.0,1,62.980000000000004,4
2017-02-17,28.0,-80.8,5.2,1,20.43,3
2017-02-17,28.65,-81.8,15.8,1,10.78,1
2017-02-17,29.55,-82.6,6.2,1,2.41,1
2017-02-17,29.85,-82.45,11.2,1,3.16,1
2017-02-17,29.9,-83.25,36.0,3,24.47,5
2017-02-17,30.4,-84.85,27.0,1,5.54,1
2017-02-17,30.4,-84.8,33.5,2,8.74,2
2017-02-17,30.45,-83.9,22.0,2,10.719999999999999,2
2017-02-17,30.5,-83.0,24.8,1,8.92,1
2017-02-17,30.55,-83.65,28.1,2,51.29,6
2017-02-17,30.6,-84.4,26.8,2,19.65,2
2017-02-17,30.8,-87.2,17.4,1,30.729999999999997,3
2017-02-17,30.8,-86.8,44.7,3,10.18,2
2017-02-18,26.7,-81.35,10.0,1,130.93,6
2017-02-19,29.55,-82.6,5.1,1,3.84,1
2017-02-19,30.0,-85.35,47.5,2,13.0,2
2017-02-19,30.5,-83.0,36.8,2,1.62,1
2017-02-19,30.6,-86.75,298.3,5,113.71000000000001,9
2017-02-19,30.6,-86.7,437.3,7,370.93,22
2017-02-20,26.3,-81.3,15.8,1,34.2,2
2017-02-20,26.6,-81.3,357.2,3,88.94,12
2017-02-20,27.0,-80.2,15.7,1,16.05,1
2017-02-20,27.25,-81.5,86.9,4,49.739999999999995,13
2017-02-20,27.35,-81.95,262.70000000000005,4,5.81,1
2017-02-20,27.85,-80.7,12.1,1,16.46,3
2017-02-20,28.45,-81.2,27.2,1,33.29,3
2017-02-20,28.95,-82.1,11.6,1,14.18,2
2017-02-20,29.2,-82.25,9.6,1,3.62,1
2017-02-20,29.8,-84.8,67.5,2,148.07999999999998,11
2017-02-20,29.8,-83.0,49.9,3,33.92,2
2017-02-20,30.3,-86.1,26.4,2,21.18,3
2017-02-20,30.55,-84.2,17.200000000000003,2,9.24,1
2017-02-20,30.55,-84.05,72.9,4,93.41,11
2017-02-20,30.6,-82.0,57.4,2,17.92,2
2017-02-20,30.6,-81.65,9.1,1,7.16,2
2017-02-20,30.65,-81.7,25.6,2,11.85,3
2017-02-20,30.7,-86.8,66.0,2,6.53,1
2017-02-20,30.8,-87.55,156.4,3,167.86,9
2017-02-20,30.95,-85.85,10.0,1,12.3,2
2017-02-21,27.25,-81.5,10.2,1,15.48,15
2017-02-23,26.6,-81.35,14.4,1,34.85,4
2017-02-23,29.9,-85.4,14.600000000000001,2,25.6,4
2017-02-24,26.85,-80.3,56.1,1,31.03,3
2017-02-24,27.5,-82.4,11.7,1,6.27,1
2017-02-24,27.7,-81.1,39.4,1,45.230000000000004,5
2017-02-24,27.7,-81.05,144.9,2,240.46,15
2017-02-24,27.8,-81.8,11.1,1,16.15,1
2017-02-24,27.8,-81.15,139.0,1,248.96,13
2017-02-24,28.1,-81.05,15.5,1,97.99000000000001,8
2017-02-24,30.0,-82.85,10.1,1,19.770000000000003,2
2017-02-24,30.2,-84.65,6.7,1,5.16,1
2017-02-24,30.2,-84.6,23.7,2,829.47,40
2017-02-24,30.2,-84.55,6.7,1,298.67,15
2017-02-24,30.4,-84.8,77.4,2,51.39,7
2017-02-24,30.65,-86.95,53.3,3,51.97,9
2017-02-24,30.65,-84.2,25.9,2,18.43,3
2017-02-24,30.85,-86.25,63.400000000000006,2,4.57,1
2017-02-25,27.25,-81.5,8.6,1,3.64,2
2017-02-25,27.3,-81.55,35.4,2,23.0,2
2017-02-25,27.4,-82.2,113.39999999999999,2,10.97,1
2017-02-25,27.65,-81.35,110.6,3,137.10999999999999,5
2017-02-25,29.55,-81.65,129.5,4,52.05,2
2017-02-25,30.0,-83.75,65.5,2,28.200000000000003,3
2017-02-25,30.15,-85.1,179.4,4,213.78,22
2017-02-25,30.15,-85.05,53.0,2,22.990000000000002,4
2017-02-25,30.25,-84.05,83.1,3,167.79,18
2017-02-25,30.3,-83.8,74.2,3,45.2,6
2017-02-25,30.45,-84.85,17.7,1,18.03,3
2017-02-25,30.6,-84.7,13.6,1,43.44,2
2017-02-25,30.65,-86.35,73.2,1,89.62,8
2017-02-25,30.65,-86.3,91.0,1,14.35,1
2017-02-25,30.8,-86.7,8.5,1,39.099999999999994,3
2017-02-25,30.85,-86.7,8.3,1,2.28,1
2017-02-25,30.85,-85.25,8.1,1,3.95,1
2017-02-25,30.95,-85.8,36.4,2,12.52,3
2017-02-26,27.05,-81.7,237.4,1,61.19,2
2017-02-26,27.25,-81.5,15.0,1,18.95,6
2017-02-26,28.8,-81.6,24.6,4,12.649999999999999,2
2017-02-26,30.35,-84.0,18.4,2,31.82,2
2017-02-26,30.4,-84.0,9.0,1,10.8,2
2017-02-26,30.45,-84.85,59.4,1,12.760000000000002,2
2017-02-26,30.45,-83.8,15.3,1,2.13,1
2017-02-26,30.45,-83.75,8.0,1,2.13,1
2017-02-26,30.6,-85.9,10.6,1,19.4,2
2017-02-26,30.85,-87.35,14.1,1,7.01,1
2017-02-27,26.75,-81.75,77.8,3,37.260000000000005,2
2017-02-27,27.0,-81.15,51.3,1,81.04,3
2017-02-27,27.3,-81.95,44.6,2,50.67,6
2017-02-27,29.5,-81.7,38.4,1,2.39,1
2017-02-27,29.85,-82.5,32.4,2,4.73,1
2017-02-27,29.95,-84.55,123.5,2,14.350000000000001,2
2017-02-27,29.95,-83.75,40.7,1,32.5,4
2017-02-27,30.0,-83.75,30.2,1,8.6,1
2017-02-27,30.15,-84.3,51.1,2,17.38,1
2017-02-28,27.25,-81.5,24.8,1,5.13,2
2017-02-28,27.65,-81.3,22.3,1,59.77,8
2017-02-28,28.0,-81.0,389.7,5,169.22,11
2017-02-28,28.0,-80.95,87.4,2,42.800000000000004,2
2017-02-28,28.05,-80.95,10.6,1,54.21000000000001,4
2017-02-28,28.2,-82.55,6.0,1,1.07,1
2017-02-28,29.15,-81.75,269.5,3,324.63,11
2017-02-28,29.4,-82.1,12.0,1,122.93,8
2017-02-28,29.5,-81.8,50.1,1,40.42,4
2017-02-28,29.55,-82.7,30.4,1,64.14,3
2017-02-28,29.75,-82.0,31.3,1,64.78,4
2017-02-28,29.85,-84.65,9.8,1,15.9,3
2017-02-28,29.9,-85.4,19.9,2,19.12,3
2017-02-28,29.9,-83.25,15.0,1,10.83,2
2017-02-28,30.0,-84.8,39.900000000000006,2,37.25,6
2017-02-28,30.05,-84.55,34.3,2,13.850000000000001,2
2017-02-28,30.15,-83.85,19.5,1,20.38,3
2017-02-28,30.2,-84.3,18.6,2,2.61,1
2017-02-28,30.2,-84.05,10.4,1,18.740000000000002,4
2017-02-28,30.25,-84.3,7.3,1,3.59,1
2017-02-28,30.35,-84.2,12.7,1,4.01,1
2017-02-28,30.4,-85.4,11.8,1,6.16,2
2017-02-28,30.45,-85.15,27.2,1,14.09,3
2017-02-28,30.45,-84.85,24.2,1,2.36,1
2017-02-28,30.5,-84.15,41.0,2,1.78,1
2017-02-28,30.5,-84.05,275.3,5,132.28,13
2017-02-28,30.6,-84.7,9.5,1,5.38,1
2017-02-28,30.6,-84.6,17.200000000000003,2,10.51,2
2017-02-28,30.6,-83.6,18.4,1,2.98,1
2017-02-28,30.65,-84.0,10.3,1,34.71,5
2017-03-01,26.75,-81.75,31.1,1,26.74,3
2017-03-01,27.15,-82.4,136.3,2,14.85,3
2017-03-01,27.15,-80.45,45.0,2,12.5,1
2017-03-01,27.25,-81.95,111.1,2,266.45,11
2017-03-01,27.4,-81.8,282.5,4,2.41,1
2017-03-01,27.6,-80.8,113.4,1,5.37,1
2017-03-01,27.6,-80.75,223.1,1,6.55,1
2017-03-01,27.65,-80.8,727.0,7,37.510000000000005,3
2017-03-01,27.65,-80.75,3765.4,13,811.01,43
2017-03-01,27.85,-81.2,37.3,1,239.08,15
2017-03-01,27.9,-82.2,20.1,1,11.74,2
2017-03-01,28.45,-80.95,365.4,4,23.52,4
2017-03-01,28.45,-80.9,35.0,1,35.550000000000004,5
2017-03-01,28.6,-80.7,647.0,4,47.46,6
2017-03-01,28.6,-80.65,281.3,1,27.369999999999997,3
2017-03-01,28.7,-82.45,25.7,1,243.85,13
2017-03-01,28.85,-81.1,104.5,2,29.71,3
2017-03-01,28.9,-81.1,90.0,1,31.630000000000003,3
2017-03-01,29.1,-81.85,929.0000000000001,7,275.24,5
2017-03-01,29.1,-81.8,675.4,6,217.96,13
2017-03-01,29.7,-81.3,22.9,1,21.0,4
2017-03-02,27.1,-80.45,106.19999999999999,2,5.87,1
2017-03-02,27.3,-82.0,14.2,1,10.75,1
2017-03-02,27.85,-81.2,59.3,2,74.76,3
2017-03-02,27.85,-81.0,39.9,2,22.16,2
2017-03-02,28.05,-81.25,10.5,1,19.32,2
2017-03-02,28.05,-81.1,84.5,2,25.39,5
2017-03-02,28.3,-81.9,34.7,1,30.69,3
2017-03-02,28.3,-81.15,27.4,1,8.23,1
2017-03-02,28.65,-81.15,54.2,3,29.54,7
2017-03-02,28.7,-80.75,394.8,1,172.3,8
2017-03-02,30.65,-86.85,76.5,4,67.96,10
2017-03-02,30.65,-86.8,36.4,1,47.980000000000004,6
2017-03-02,30.65,-84.2,6.3,1,5.48,2
2017-03-02,30.8,-86.85,443.7,9,418.93,28
2017-03-03,27.25,-81.5,25.8,1,29.47,7
2017-03-03,28.8,-82.0,6.3,1,3.21,1
2017-03-03,29.45,-82.35,5.8,1,5.27,1
2017-03-03,29.9,-85.4,17.7,1,14.32,2
2017-03-03,30.1,-83.3,6.9,1,3.09,1
2017-03-03,30.1,-83.15,4.9,1,9.64,1
2017-03-03,30.2,-84.3,5.2,1,10.34,1
2017-03-03,30.2,-84.25,5.0,1,29.82,3
2017-03-03,30.35,-84.3,427.3,3,2.83,1
2017-03-03,30.35,-84.0,6.6,1,3.73,1
2017-03-03,30.5,-84.8,135.4,5,36.120000000000005,5
2017-03-03,30.55,-84.4,15.4,1,1.76,1
2017-03-03,30.6,-86.85,165.4,6,266.95,25
2017-03-03,30.6,-84.1,19.8,1,10.72,3
2017-03-03,30.65,-86.85,51.3,1,38.519999999999996,6
2017-03-03,30.65,-84.2,8.3,1,4.07,1
2017-03-03,30.7,-85.35,62.8,4,38.12,4
2017-03-03,30.8,-86.8,150.8,4,17.36,3
2017-03-03,30.85,-87.35,3.9,1,20.97,2
2017-03-03,30.95,-87.0,156.4,4,3.33,1
2017-03-03,30.95,-86.95,143.39999999999998,5,139.32999999999998,24
2017-03-03,30.95,-85.25,10.3,1,3.9,1
2017-03-04,27.25,-81.5,20.0,1,26.3,8
2017-03-04,29.9,-84.65,11.6,1,19.21,2
2017-03-04,29.95,-83.15,21.200000000000003,2,18.78,2
2017-03-04,30.1,-81.95,7.9,1,21.12,1
2017-03-04,30.1,-81.9,57.0,2,61.74,3
2017-03-04,30.25,-84.25,23.6,2,13.83,4
2017-03-04,30.25,-84.2,6.3,1,5.44,1
2017-03-04,30.35,-83.9,16.4,2,12.73,1
2017-03-04,30.45,-84.05,12.1,2,3.93,1
2017-03-04,30.5,-84.8,22.7,2,39.29,5
2017-03-04,30.5,-84.0,5.9,1,15.28,1
2017-03-04,30.55,-84.7,8.0,1,3.08,1
2017-03-04,30.6,-84.35,46.9,3,4.11,1
2017-03-04,30.6,-83.9,16.2,1,15.75,2
2017-03-04,30.65,-84.35,7.9,1,18.950000000000003,4
2017-03-04,30.85,-85.2,6.1,1,9.14,2
2017-03-05,25.75,-80.45,73.0,2,477.92,15
2017-03-05,30.45,-83.35,10.0,2,4.4,1
2017-03-05,30.65,-84.3,12.1,1,9.489999999999998,2
2017-03-06,26.1,-81.65,135.4,4,294.37,35
2017-03-06,26.1,-81.6,14.0,1,40.79,9
2017-03-06,26.3,-80.8,46.8,1,44.09,8
2017-03-06,29.55,-82.95,85.3,1,8.99,2
2017-03-06,29.8,-84.9,156.9,5,35.52,2
2017-03-06,29.85,-84.65,12.5,1,29.92,1
2017-03-06,29.9,-84.65,29.9,2,106.36,3
2017-03-06,30.35,-85.15,75.3,2,29.58,5
2017-03-06,30.6,-84.05,29.5,1,4.69,1
2017-03-07,26.1,-81.7,254.9,7,25.01,11
2017-03-07,26.1,-81.65,127.19999999999999,3,1311.68,22
2017-03-07,29.45,-82.35,21.5,2,7.88,1
2017-03-07,29.85,-84.85,22.299999999999997,2,25.96,5
2017-03-07,29.9,-84.85,35.3,2,22.52,9
2017-03-07,29.9,-84.6,29.2,1,7.94,2
2017-03-07,30.15,-83.85,17.2,1,31.86,3
2017-03-07,30.35,-83.95,58.0,1,22.409999999999997,2
2017-03-07,30.5,-84.1,7.8,1,13.44,2
2017-03-07,30.55,-84.15,21.2,1,16.82,2
2017-03-07,30.6,-83.9,7.3,1,8.26,2
2017-03-07,30.6,-83.85,20.0,1,28.0,2
2017-03-07,30.6,-83.8,30.5,1,2.89,3
2017-03-07,30.6,-83.75,12.8,1,37.46,4
2017-03-08,26.1,-81.7,58.5,1,8.82,4
2017-03-08,26.1,-81.65,91.80000000000001,3,29.830000000000002,12
2017-03-08,26.15,-81.65,10.2,1,15.719999999999999,4
2017-03-08,27.0,-81.2,17.1,1,30.230000000000004,4
2017-03-08,27.05,-81.15,108.8,3,104.22,5
2017-03-09,25.4,-80.6,35.5,2,2.97,1
2017-03-09,27.65,-81.85,25.7,1,5.32,1
2017-03-09,27.7,-81.1,1813.8999999999999,3,49.79,8
2017-03-09,29.8,-83.15,72.6,1,35.08,1
2017-03-09,29.85,-84.85,12.2,1,20.46,5
2017-03-09,29.85,-83.15,570.3,2,35.08,1
2017-03-09,29.9,-83.0,29.1,1,9.51,1
2017-03-09,29.9,-82.35,78.7,1,8.04,2
2017-03-09,29.95,-85.15,7.9,1,16.34,2
2017-03-09,30.0,-82.85,24.5,1,16.92,2
2017-03-09,30.05,-85.45,59.7,4,20.34,2
2017-03-09,30.25,-82.65,163.4,4,34.14,5
2017-03-09,30.35,-83.85,22.3,1,20.64,3
2017-03-09,30.35,-83.8,10.0,1,27.259999999999998,4
2017-03-09,30.35,-83.4,54.1,2,88.25,3
2017-03-09,30.4,-84.1,106.0,3,83.57000000000001,12
2017-03-09,30.4,-83.85,44.4,2,101.24,6
2017-03-09,30.45,-82.3,38.4,1,12.129999999999999,2
2017-03-09,30.5,-84.1,37.900000000000006,2,18.03,3
2017-03-09,30.5,-83.0,182.4,5,15.329999999999998,2
2017-03-09,30.6,-84.15,101.7,5,134.07,16
2017-03-09,30.6,-83.8,17.5,1,40.56,3
2017-03-09,30.65,-84.25,49.6,3,79.88,5
2017-03-09,30.65,-84.1,46.8,2,18.06,2
2017-03-09,30.65,-84.05,7.9,1,7.67,1
2017-03-09,30.65,-83.95,94.69999999999999,4,118.81,10
2017-03-09,30.65,-83.7,19.6,1,25.88,3
2017-03-09,30.65,-83.65,17.6,1,9.87,1
2017-03-09,30.75,-81.8,14.2,1,7.32,1
2017-03-09,30.8,-86.3,19.4,2,6.14,1
2017-03-09,30.85,-85.15,8.7,1,5.26,1
2017-03-10,27.55,-80.6,45.7,1,19.04,4
2017-03-10,27.7,-81.3,300.6,4,173.4,13
2017-03-10,27.7,-80.85,16.4,1,41.86,5
2017-03-10,27.8,-81.8,18.7,1,13.86,2
2017-03-10,27.9,-82.0,41.5,1,2.75,1
2017-03-10,28.0,-81.35,23.8,1,25.84,4
2017-03-10,30.55,-86.4,1319.7,5,492.01,30
2017-03-10,30.6,-86.4,146.8,1,109.53,10
2017-03-10,30.6,-86.35,288.6,2,118.64,8
2017-03-10,30.85,-87.0,238.5,2,240.25,13
2017-03-11,27.0,-82.35,7.5,1,2.85,1
2017-03-11,27.25,-81.5,43.900000000000006,3,11.18,1
2017-03-11,27.7,-81.35,69.80000000000001,2,194.59,12
2017-03-11,27.7,-80.85,19.3,2,13.879999999999999,6
2017-03-11,28.0,-80.85,11.4,1,8.16,2
2017-03-11,28.05,-81.2,390.8,4,306.76,5
2017-03-11,29.0,-82.15,92.0,4,110.22,6
2017-03-11,29.95,-83.15,8.7,1,2.39,1
2017-03-11,29.95,-83.05,77.0,2,8.93,2
2017-03-11,30.0,-83.1,65.9,4,12.780000000000001,2
2017-03-11,30.15,-83.0,18.2,1,4.86,1
2017-03-11,30.3,-84.75,88.8,2,5.89,1
2017-03-11,30.3,-83.8,10.9,2,17.45,3
2017-03-11,30.4,-83.85,98.80000000000001,2,45.9,5
2017-03-11,30.5,-83.0,134.7,3,9.17,1
2017-03-12,25.4,-80.4,24.7,2,27.86,11
2017-03-15,25.9,-81.5,139.5,3,144.55,20
2017-03-15,26.7,-80.6,66.5,1,17.78,2
2017-03-15,26.75,-80.5,29.400000000000002,2,76.73,6
2017-03-15,27.55,-80.6,22.8,2,22.03,2
2017-03-15,27.7,-81.35,234.4,4,151.78,18
2017-03-15,27.75,-81.05,12.2,2,14.67,2
2017-03-15,27.85,-82.2,76.9,2,9.24,2
2017-03-15,28.05,-82.15,42.5,1,12.61,1
2017-03-15,28.05,-81.4,435.3,5,61.690000000000005,7
2017-03-15,28.05,-81.35,111.2,1,8.33,1
2017-03-15,28.1,-82.1,8.0,1,12.61,1
2017-03-15,28.35,-80.9,223.7,2,29.299999999999997,2
2017-03-15,28.55,-81.0,384.3,2,55.58,4
2017-03-15,28.55,-80.95,647.7,5,392.68,13
2017-03-15,28.65,-82.55,65.9,2,59.24,4
2017-03-15,28.8,-82.45,30.5,1,57.1,1
2017-03-15,30.1,-85.45,37.7,2,6.76,1
2017-03-15,30.1,-83.55,20.9,1,10.15,1
2017-03-15,30.2,-84.05,11.9,1,10.76,1
2017-03-15,30.25,-82.35,35.3,2,11.45,3
2017-03-15,30.3,-85.75,25.3,1,11.12,1
2017-03-15,30.35,-83.9,60.7,2,41.91,3
2017-03-15,30.4,-83.85,17.1,1,14.309999999999999,3
2017-03-15,30.45,-84.8,93.1,2,9.13,1
2017-03-15,30.45,-83.25,20.4,1,2.87,1
2017-03-15,30.45,-83.05,25.8,1,92.49000000000001,4
2017-03-15,30.5,-87.0,15.3,1,33.739999999999995,3
2017-03-15,30.5,-84.85,35.7,2,10.77,1
2017-03-15,30.5,-84.8,18.5,1,54.97,5
2017-03-15,30.6,-86.75,33.2,1,71.7,6
2017-03-15,30.6,-84.15,28.1,2,3.28,1
2017-03-15,30.6,-84.1,16.1,1,6.56,2
2017-03-15,30.6,-83.8,10.2,1,12.83,3
2017-03-15,30.65,-84.1,14.9,1,17.57,3
2017-03-15,30.7,-85.5,155.5,5,17.1,2
2017-03-15,30.7,-85.35,11.7,1,10.99,2
2017-03-15,30.85,-86.85,20.3,1,14.780000000000001,2
2017-03-16,27.55,-80.6,76.1,2,45.410000000000004,4
2017-03-16,27.75,-81.0,46.3,3,28.38,5
2017-03-16,28.05,-80.75,34.1,2,13.84,2
2017-03-16,28.55,-81.0,624.3000000000001,5,144.85,4
2017-03-16,28.55,-80.95,1253.1999999999998,8,1229.08,47
2017-03-16,28.6,-81.0,19.2,1,19.78,1
2017-03-16,28.6,-80.95,250.9,2,121.69,12
2017-03-16,29.3,-82.1,15.4,1,14.969999999999999,2
2017-03-16,29.5,-81.75,28.1,2,68.08,5
2017-03-16,30.25,-84.25,29.0,2,63.81,7
2017-03-16,30.3,-85.75,64.1,3,13.809999999999999,2
2017-03-16,30.3,-84.75,31.0,3,9.23,1
2017-03-16,30.35,-85.45,11.3,1,2.11,1
2017-03-16,30.35,-85.15,29.4,1,20.33,2
2017-03-16,30.35,-83.95,94.30000000000001,2,130.89,6
2017-03-16,30.35,-83.9,234.9,3,157.49,11
2017-03-16,30.4,-85.9,31.1,1,19.549999999999997,2
2017-03-16,30.4,-83.8,13.0,1,21.72,3
2017-03-16,30.45,-83.05,61.1,1,70.83,4
2017-03-16,30.5,-84.85,71.19999999999999,2,5.8,1
2017-03-16,30.55,-84.85,51.6,2,7.21,1
2017-03-16,30.55,-84.2,56.5,2,10.68,2
2017-03-16,30.55,-83.8,32.4,2,11.12,2
2017-03-16,30.6,-84.65,62.2,4,21.99,5
2017-03-16,30.6,-84.2,62.8,2,18.33,3
2017-03-16,30.6,-84.15,92.5,3,171.58,23
2017-03-16,30.6,-84.0,31.4,1,181.43,23
2017-03-16,30.6,-83.95,42.2,1,9.29,1
2017-03-16,30.6,-83.75,11.8,1,17.009999999999998,3
2017-03-16,30.6,-83.5,15.700000000000001,2,3.82,1
2017-03-16,30.65,-84.65,8.0,1,29.6,5
2017-03-16,30.65,-84.1,19.9,1,8.74,2
2017-03-16,30.65,-84.05,102.4,5,51.38,7
2017-03-16,30.65,-83.95,10.3,1,4.78,1
2017-03-16,30.95,-85.1,18.1,1,8.23,1
2017-03-17,26.8,-81.95,306.29999999999995,2,175.11,12
2017-03-17,26.8,-81.9,352.9,2,149.18,6
2017-03-17,26.85,-80.4,30.9,1,2.74,1
2017-03-17,26.85,-80.35,40.0,1,318.74,14
2017-03-17,27.35,-82.3,87.1,2,14.04,2
2017-03-17,27.5,-81.25,353.8,4,5.68,1
2017-03-17,27.7,-81.35,320.0,4,141.16,13
2017-03-17,27.85,-82.05,45.599999999999994,2,25.15,3
2017-03-17,27.85,-82.0,262.6,3,183.99,12
2017-03-17,27.95,-81.2,660.1,5,621.4499999999999,17
2017-03-17,27.95,-81.15,796.8,5,208.91,10
2017-03-17,28.0,-81.15,362.20000000000005,5,157.59,15
2017-03-17,28.1,-81.15,26.0,1,42.75,3
2017-03-17,28.6,-80.95,65.6,2,107.08,5
2017-03-17,28.8,-82.4,626.0,6,184.73,9
2017-03-17,29.45,-83.3,50.7,1,43.0,2
2017-03-17,29.45,-81.65,15.6,1,6.75,1
2017-03-17,29.7,-81.75,157.1,3,74.64,4
2017-03-17,29.8,-82.65,20.6,1,11.07,2
2017-03-17,29.9,-81.5,15.6,1,40.63,6
2017-03-17,30.0,-82.85,59.6,3,57.99,7
2017-03-17,30.2,-83.2,13.8,1,3.21,1
2017-03-17,30.25,-82.35,10.5,1,3.87,1
2017-03-17,30.5,-83.15,29.7,1,11.03,1
2017-03-17,30.55,-84.2,16.3,1,17.36,4
2017-03-17,30.6,-84.8,8.1,1,5.15,2
2017-03-17,30.6,-84.05,62.400000000000006,2,21.85,2
2017-03-17,30.6,-84.0,93.1,3,226.6,23
2017-03-17,30.6,-83.95,95.69999999999999,3,103.96000000000001,10
2017-03-17,30.6,-83.85,21.8,1,11.85,2
2017-03-17,30.6,-83.8,11.7,1,13.01,3
2017-03-17,30.6,-83.7,12.0,1,16.23,2
2017-03-17,30.65,-84.3,27.0,2,5.91,1
2017-03-17,30.65,-84.25,20.5,1,9.649999999999999,2
2017-03-17,30.75,-87.15,13.8,2,8.1,2
2017-03-17,30.75,-85.65,7.6,1,5.43,1
2017-03-17,30.9,-87.0,310.7,4,20.64,5
2017-03-17,30.95,-85.1,8.2,1,7.21,1
2017-03-18,27.25,-81.5,13.3,1,3.88,3
2017-03-18,27.45,-81.6,173.0,2,228.17,1
2017-03-18,27.6,-81.85,25.9,2,13.2,1
2017-03-18,27.6,-80.85,11.4,1,38.599999999999994,3
2017-03-18,27.7,-81.4,38.3,2,69.67,4
2017-03-18,29.55,-81.55,674.2,7,403.98,8
2017-03-18,30.1,-82.95,24.3,2,14.44,1
2017-03-18,30.3,-82.55,296.3,2,653.08,9
2017-03-18,30.45,-86.8,27.4,2,117.32,3
2017-03-18,30.5,-83.0,55.4,2,24.05,2
2017-03-18,30.6,-84.55,8.3,1,7.66,1
2017-03-18,30.6,-83.35,6.5,1,11.41,1
2017-03-18,30.65,-84.85,22.5,2,21.17,3
2017-03-18,30.85,-85.5,7.3,1,3.58,1
2017-03-18,30.9,-85.5,17.7,1,27.240000000000002,2
2017-03-18,30.9,-85.45,110.29999999999998,3,83.29,5
2017-03-19,30.3,-82.55,178.1,5,236.84,47
2017-03-19,30.5,-87.4,11.5,2,31.39,2
2017-03-19,30.5,-84.05,7.6,1,7.26,2
2017-03-19,30.65,-86.3,6.0,1,41.84,2
2017-03-19,30.65,-84.25,81.4,2,11.25,2
2017-03-19,30.9,-85.9,99.30000000000001,2,5.84,1
2017-03-20,25.35,-80.45,34.8,3,8.09,2
2017-03-20,25.9,-81.25,68.1,3,53.71,7
2017-03-20,25.9,-81.2,288.2,9,224.69,23
2017-03-20,27.15,-81.2,45.0,2,30.97,2
2017-03-20,27.25,-81.5,25.6,2,24.810000000000002,7
2017-03-20,27.45,-81.55,183.1,2,46.26,3
2017-03-20,27.5,-82.4,13.0,2,12.81,1
2017-03-20,27.6,-81.05,321.7,4,454.29,23
2017-03-20,27.9,-82.25,7.9,1,8.55,1
2017-03-20,28.0,-81.4,17.5,2,44.86,1
2017-03-20,28.75,-80.85,5.5,1,31.23,5
2017-03-20,29.9,-85.35,17.9,2,12.98,3
2017-03-20,29.95,-83.75,8.0,1,5.6,1
2017-03-20,30.0,-82.85,30.2,2,36.79,4
2017-03-20,30.35,-85.65,48.8,2,36.54,1
2017-03-20,30.35,-83.9,285.6,3,32.34,5
2017-03-20,30.4,-84.0,18.5,2,35.1,3
2017-03-20,30.5,-84.1,33.099999999999994,2,23.91,3
2017-03-20,30.55,-84.1,11.0,2,23.97,3
2017-03-20,30.6,-86.25,56.900000000000006,3,49.86,5
2017-03-20,30.6,-84.25,106.4,5,41.77,7
2017-03-20,30.6,-84.15,287.4,4,102.53,10
2017-03-20,30.6,-84.1,5.4,1,106.05,4
2017-03-20,30.6,-84.05,44.9,3,79.91,11
2017-03-20,30.6,-84.0,359.09999999999997,5,248.24,30
2017-03-20,30.6,-83.85,26.9,2,60.08,2
2017-03-20,30.6,-83.7,58.7,2,48.14,3
2017-03-20,30.65,-85.3,32.0,2,11.1,1
2017-03-20,30.65,-85.2,37.2,2,7.41,2
2017-03-20,30.65,-84.2,14.0,2,7.0,2
2017-03-20,30.65,-84.15,15.4,1,46.73,2
2017-03-20,30.65,-83.85,7.4,1,14.86,1
2017-03-20,30.65,-83.8,6.8,1,14.15,1
2017-03-20,30.9,-86.3,267.8,3,42.28,3
2017-03-21,25.9,-81.25,119.5,1,25.3,3
2017-03-21,25.9,-81.2,243.5,8,727.84,37
2017-03-21,28.8,-82.2,18.3,1,6.97,1
2017-03-21,29.3,-82.5,6.8,1,3.44,1
2017-03-21,29.7,-85.3,95.39999999999999,3,120.54,11
2017-03-21,29.9,-85.35,7.4,1,6.4,1
2017-03-21,29.95,-81.55,20.700000000000003,2,18.58,3
2017-03-21,30.0,-82.85,6.9,1,35.05,2
2017-03-21,30.05,-84.45,54.099999999999994,3,38.8,5
2017-03-21,30.05,-83.55,32.0,2,7.66,2
2017-03-21,30.15,-83.95,5.8,1,3.89,1
2017-03-21,30.2,-84.35,29.8,1,2.63,1
2017-03-21,30.3,-82.55,107.0,2,9.74,1
2017-03-21,30.35,-84.0,47.5,2,6.82,2
2017-03-21,30.35,-83.95,9.0,1,12.18,2
2017-03-21,30.35,-83.8,84.69999999999999,2,10.6,2
2017-03-21,30.4,-81.75,6.1,1,5.71,1
2017-03-21,30.5,-84.85,19.8,1,40.15,7
2017-03-21,30.5,-84.1,5.4,1,1.81,1
2017-03-21,30.6,-86.25,551.1,8,203.25,23
2017-03-21,30.6,-84.25,136.9,2,24.05,4
2017-03-21,30.6,-84.2,82.3,2,107.91,14
2017-03-21,30.6,-84.05,10.7,1,15.18,3
2017-03-21,30.65,-85.5,33.7,1,3.33,1
2017-03-21,30.65,-85.3,17.4,2,4.63,1
2017-03-21,30.75,-81.8,22.700000000000003,2,5.85,1
2017-03-22,25.85,-81.2,71.6,2,83.28,14
2017-03-22,25.9,-81.25,34.0,2,38.84,7
2017-03-22,25.9,-81.2,84.8,4,63.64,8
2017-03-22,25.9,-81.15,30.3,2,38.25,5
2017-03-22,25.95,-81.2,86.9,3,311.69,23
2017-03-22,26.85,-82.05,15.9,1,7.109999999999999,2
2017-03-22,27.25,-81.5,18.0,1,4.6,3
2017-03-22,27.5,-82.4,13.8,1,3.38,1
2017-03-22,28.0,-80.85,14.8,1,33.06,3
2017-03-22,28.15,-82.3,7.3,1,2.55,1
2017-03-22,29.95,-81.45,13.6,1,2.3600000000000003,2
2017-03-22,30.05,-84.45,114.0,4,40.69,6
2017-03-22,30.1,-82.05,65.7,3,54.42,12
2017-03-22,30.2,-85.05,783.5,3,100.38,5
2017-03-22,30.2,-84.75,532.0,5,66.82,5
2017-03-22,30.25,-82.7,10.1,1,20.159999999999997,4
2017-03-22,30.35,-83.95,466.5,4,245.45,9
2017-03-22,30.35,-82.55,13.0,1,7.9399999999999995,2
2017-03-22,30.4,-84.85,43.1,1,16.35,2
2017-03-22,30.4,-84.8,41.5,1,6.7,1
2017-03-22,30.4,-83.95,170.5,4,532.89,14
2017-03-22,30.45,-84.55,11.7,1,4.71,1
2017-03-22,30.5,-83.85,120.5,2,24.259999999999998,3
2017-03-22,30.6,-84.15,12.9,1,2.0,1
2017-03-22,30.6,-84.1,12.5,1,22.34,6
2017-03-22,30.6,-84.0,97.5,3,6.35,1
2017-03-22,30.6,-83.95,70.6,3,20.669999999999998,3
2017-03-22,30.6,-83.75,17.0,1,9.76,1
2017-03-22,30.75,-81.8,7.8,1,11.280000000000001,3
2017-03-22,30.85,-85.15,15.2,1,18.83,2
2017-03-22,30.95,-87.05,26.9,2,35.36,2
2017-03-23,25.85,-81.2,49.9,1,141.75,11
2017-03-23,25.9,-81.15,29.6,1,56.099999999999994,12
2017-03-23,26.55,-80.8,8.6,1,1.86,4
2017-03-23,27.25,-81.5,23.7,2,37.95,8
2017-03-23,30.8,-87.2,21.0,1,39.36,2
2017-03-24,25.85,-81.15,115.3,2,0.72,1
2017-03-24,29.85,-85.15,19.0,1,11.48,2
2017-03-24,30.5,-84.65,9.3,1,12.96,1
2017-03-24,30.55,-84.5,46.3,2,7.03,1
2017-03-24,30.6,-84.2,87.9,3,79.89,10
2017-03-24,30.6,-84.05,23.6,1,2.01,1
2017-03-24,30.65,-86.85,107.7,3,2.57,1
2017-03-24,30.65,-84.05,86.5,3,2.89,1
2017-03-24,30.8,-86.95,50.6,3,6.98,4
2017-03-24,30.8,-85.7,184.9,4,11.05,1
2017-03-24,30.85,-85.0,33.2,1,3.37,1
2017-03-24,30.9,-85.45,139.2,5,117.94999999999999,5
2017-03-25,25.85,-81.15,19.5,2,21.52,11
2017-03-25,30.4,-83.85,41.4,2,14.22,1
2017-03-25,30.45,-83.85,48.0,2,16.44,2
2017-03-25,30.5,-86.85,22.8,2,75.82,7
2017-03-26,30.4,-84.8,18.2,2,12.68,1
2017-03-27,27.8,-81.5,27.9,2,47.81,3
2017-03-27,28.45,-80.9,92.6,3,34.37,13
2017-03-27,28.45,-80.85,338.0,4,12.99,7
2017-03-27,30.05,-85.4,7.9,1,8.94,2
2017-03-27,30.2,-83.25,13.6,1,4.13,1
2017-03-27,30.4,-84.1,112.9,2,20.39,5
2017-03-27,30.4,-84.0,96.39999999999999,3,7.18,1
2017-03-27,30.4,-83.9,136.2,3,100.32,6
2017-03-27,30.55,-83.95,27.9,1,17.240000000000002,2
2017-03-27,30.65,-83.95,46.8,2,9.53,1
2017-03-28,28.75,-82.05,15.0,1,8.39,1
2017-03-28,28.8,-82.2,15.3,1,5.47,1
2017-03-28,29.9,-85.35,11.2,1,9.57,2
2017-03-28,30.05,-85.4,19.700000000000003,2,11.14,1
2017-03-28,30.4,-84.0,16.7,1,37.83,5
2017-03-28,30.4,-83.9,279.0,3,96.05,4
2017-03-28,30.5,-84.1,50.2,1,31.95,6
2017-03-28,30.55,-82.7,42.900000000000006,2,12.6,1
2017-03-28,30.6,-84.1,46.1,2,158.12,10
2017-03-28,30.6,-83.95,9.3,1,81.66,9
2017-03-28,30.6,-83.85,10.8,1,3.83,1
2017-03-28,30.65,-84.2,59.900000000000006,2,4.47,1
2017-03-29,25.9,-81.15,6.1,1,18.0,3
2017-03-29,26.45,-80.75,542.8,2,41.3,2
2017-03-29,27.7,-80.5,8.4,1,9.37,1
2017-03-29,30.05,-82.9,17.8,1,16.86,2
2017-03-29,30.25,-85.9,64.5,2,10.85,4
2017-03-29,30.3,-86.1,103.2,1,72.83,5
2017-03-29,30.4,-84.1,85.0,3,33.660000000000004,3
2017-03-29,30.5,-87.45,43.3,1,14.01,1
2017-03-29,30.6,-84.1,27.0,1,9.54,1
2017-03-29,30.6,-83.95,24.1,2,21.07,4
2017-03-29,30.6,-83.7,19.5,1,13.78,2
2017-03-29,30.6,-83.65,9.4,1,7.49,1
2017-03-29,30.75,-86.8,27.4,1,5.1,1
2017-03-29,30.8,-86.95,207.2,4,64.05,9
2017-03-29,30.85,-86.95,87.2,3,90.74,8
2017-03-29,30.9,-85.5,10.6,1,22.39,1
2017-03-30,26.8,-80.35,1076.7,12,106.21,18
2017-03-30,30.1,-81.55,5.7,1,2.75,1
2017-03-30,30.45,-83.9,19.7,2,3.86,1
2017-03-30,30.75,-85.25,15.7,1,0.69,1
2017-03-31,26.2,-81.0,8.9,1,13.379999999999999,5
2017-03-31,30.6,-84.1,31.0,2,23.64,2
2017-04-01,27.6,-81.55,11.2,1,4.2,1
2017-04-01,27.7,-81.4,48.400000000000006,2,30.38,5
2017-04-01,27.7,-81.35,19.9,1,36.22,4
2017-04-01,28.05,-81.6,14.4,1,2.13,1
2017-04-01,28.65,-81.85,12.0,1,5.06,1
2017-04-01,29.45,-82.0,120.69999999999999,5,157.51,30
2017-04-01,29.45,-81.95,56.900000000000006,2,47.41,12
2017-04-01,29.95,-81.55,8.4,1,6.720000000000001,2
2017-04-01,30.55,-86.8,45.6,2,141.75,5
2017-04-01,30.55,-83.85,68.6,2,17.56,1
2017-04-01,30.55,-83.8,24.4,1,12.25,1
2017-04-02,26.3,-80.7,766.5,6,227.45,31
2017-04-02,26.35,-80.7,1083.5,5,242.73,16
2017-04-02,26.35,-80.65,45.7,2,6.92,1
2017-04-02,29.7,-81.95,185.0,2,62.72,6
2017-04-02,30.45,-86.8,106.7,4,194.78,6
2017-04-02,30.55,-85.65,6.1,1,4.42,1
2017-04-02,30.7,-86.25,20.200000000000003,2,49.970000000000006,2
2017-04-02,30.75,-87.3,83.89999999999999,4,10.100000000000001,2
2017-04-03,27.05,-81.3,21.7,1,11.17,3
2017-04-05,26.8,-81.95,473.5,3,43.33,2
2017-04-05,28.45,-80.95,24.5,1,97.49000000000001,2
2017-04-05,29.95,-81.55,9.5,1,9.15,2
2017-04-06,26.0,-80.45,7.3,1,12.690000000000001,4
2017-04-06,28.4,-82.0,138.7,2,8.6,1
2017-04-06,30.85,-86.75,135.5,6,12.48,2
2017-04-07,25.95,-80.5,329.0,3,133.59,7
2017-04-07,26.0,-80.5,103.5,3,129.1,24
2017-04-07,26.95,-80.2,70.5,2,7.82,1
2017-04-07,27.2,-80.55,7.0,1,0.46,1
2017-04-07,27.25,-80.55,25.4,1,0.46,1
2017-04-07,28.1,-81.15,35.9,1,58.64,8
2017-04-07,28.35,-81.5,1083.2,6,362.47,20
2017-04-07,28.45,-80.95,9.8,1,32.05,10
2017-04-07,28.45,-80.9,28.1,1,50.489999999999995,4
2017-04-07,30.6,-86.4,335.2,5,19.25,4
2017-04-07,30.6,-84.35,38.5,2,36.33,9
2017-04-07,30.6,-84.1,18.6,1,3.95,1
2017-04-07,30.65,-86.4,100.6,3,22.9,3
2017-04-07,30.75,-87.5,65.0,2,77.05,9
2017-04-07,30.75,-87.45,22.0,1,14.31,2
2017-04-07,30.85,-87.25,20.5,1,9.06,2
2017-04-07,30.95,-87.0,417.8,6,41.91,7
2017-04-08,26.85,-81.5,75.9,2,91.97,5
2017-04-08,29.1,-81.7,36.4,1,127.58,4
2017-04-08,30.05,-83.55,15.1,1,11.18,2
2017-04-08,30.45,-84.0,19.1,2,2.94,1
2017-04-08,30.55,-82.35,81.5,2,106.59,3
2017-04-08,30.65,-86.1,106.30000000000001,3,37.14,3
2017-04-09,26.15,-81.05,958.0,3,14.51,3
2017-04-09,26.2,-81.05,995.0,2,33.25,3
2017-04-09,26.2,-81.0,306.7,7,221.69,13
2017-04-09,27.25,-81.5,67.1,3,35.0,5
2017-04-09,28.45,-82.7,18.7,1,16.01,1
2017-04-09,30.45,-86.85,203.7,3,191.18,22
2017-04-09,30.55,-82.35,634.7,5,93.95,8
2017-04-10,25.8,-81.25,7.7,1,1.28,1
2017-04-10,26.15,-81.1,27.0,1,23.88,12
2017-04-10,26.15,-81.05,103.80000000000001,3,39.410000000000004,16
2017-04-10,26.15,-81.0,28.3,1,62.56,9
2017-04-10,26.2,-81.05,38.4,1,12.759999999999998,5
2017-04-10,26.2,-81.0,28.5,1,30.89,13
2017-04-10,27.25,-81.5,38.1,2,24.16,7
2017-04-10,28.5,-82.65,33.2,3,26.32,9
2017-04-10,29.9,-85.35,215.1,4,113.32,8
2017-04-10,30.3,-83.25,155.60000000000002,2,291.47,10
2017-04-10,30.5,-82.35,88.5,1,26.03,1
2017-04-10,30.55,-83.95,46.0,2,41.1,6
2017-04-10,30.55,-82.4,994.2,1,12.54,1
2017-04-10,30.55,-82.35,450.40000000000003,2,443.9,14
2017-04-10,30.6,-83.95,85.4,3,74.05,10
2017-04-10,30.6,-83.75,13.8,1,11.68,2
2017-04-10,30.65,-84.05,50.1,3,18.23,3
2017-04-10,30.65,-83.8,38.6,2,3.81,1
2017-04-10,30.7,-86.9,21.7,1,86.09,4
2017-04-10,30.75,-87.15,62.6,2,11.379999999999999,2
2017-04-11,26.15,-81.05,5.9,1,14.64,6
2017-04-11,26.15,-81.0,886.0,6,540.41,39
2017-04-11,26.25,-81.0,5.5,1,10.65,6
2017-04-11,26.9,-81.15,29.6,1,33.37,3
2017-04-11,29.9,-85.35,19.7,1,22.74,3
2017-04-11,30.0,-82.85,31.6,1,8.440000000000001,2
2017-04-11,30.0,-82.8,28.5,1,14.09,3
2017-04-11,30.1,-83.0,26.1,2,16.369999999999997,2
2017-04-11,30.3,-86.05,12.5,1,6.05,1
2017-04-11,30.5,-83.3,9.3,1,29.03,2
2017-04-11,30.55,-84.1,38.4,1,34.64,3
2017-04-11,30.55,-83.95,227.7,5,232.53,12
2017-04-11,30.6,-84.1,13.0,1,7.69,1
2017-04-11,30.6,-83.75,15.3,1,1.8,2
2017-04-11,30.6,-83.7,45.5,1,42.71,2
2017-04-11,30.65,-84.15,57.8,3,10.97,1
2017-04-11,30.75,-86.45,10.3,1,2.65,1
2017-04-12,26.15,-81.0,61.1,4,1.52,2
2017-04-12,26.2,-81.05,14.2,2,4.3100000000000005,4
2017-04-12,27.25,-81.55,8.0,1,16.37,5
2017-04-12,27.25,-81.5,18.2,2,8.55,6
2017-04-12,28.35,-82.7,70.0,1,18.94,2
2017-04-12,30.55,-86.35,8.6,1,12.5,2
2017-04-12,30.55,-82.4,58.800000000000004,2,46.01,2
2017-04-13,29.9,-85.35,125.7,3,88.64,7
2017-04-13,30.75,-86.45,15.3,1,8.45,2
2017-04-14,26.2,-81.1,60.5,2,305.73,12
2017-04-14,28.0,-81.15,866.3000000000001,6,9.45,2
2017-04-14,30.5,-85.35,8.1,1,19.83,1
2017-04-14,30.55,-82.45,135.60000000000002,2,56.9,5
2017-04-14,30.6,-83.75,13.1,1,1.57,3
2017-04-14,30.85,-87.0,45.9,2,13.32,3
2017-04-14,30.85,-85.2,8.7,1,21.509999999999998,4
2017-04-15,26.2,-81.1,11.4,1,1.8199999999999998,2
2017-04-15,27.25,-81.55,6.9,1,3.4,2
2017-04-15,30.6,-86.6,276.6,4,8.74,2
2017-04-16,26.2,-81.1,24.1,1,13.98,5
2017-04-16,26.7,-81.0,111.30000000000001,2,232.12,4
2017-04-16,26.95,-81.8,15.0,1,104.32999999999998,6
2017-04-16,28.9,-81.5,10.8,1,67.74,14
2017-04-16,28.9,-81.45,36.3,2,23.02,8
2017-04-16,28.9,-81.3,9.3,1,37.29,10
2017-04-17,28.45,-82.05,70.8,4,22.91,11
2017-04-17,30.65,-84.1,70.2,3,6.55,1
2017-04-19,28.1,-81.7,76.1,1,160.57,5
2017-04-19,30.55,-86.6,129.1,2,3.71,1
2017-04-19,30.65,-84.6,6.6,1,5.16,3
2017-04-19,30.65,-84.1,7.1,1,8.24,6
2017-04-20,26.95,-81.15,684.1,5,269.01,12
2017-04-20,30.6,-83.7,14.2,1,6.01,2
2017-04-21,26.15,-81.65,46.3,1,588.82,26
2017-04-21,26.15,-81.6,340.2,5,480.90000000000003,28
2017-04-21,27.25,-81.55,28.0,1,6.84,4
2017-04-21,27.45,-81.9,7.3,1,2.26,1
2017-04-21,27.5,-81.05,274.3,4,142.52,3
2017-04-21,27.55,-80.7,90.2,3,24.16,1
2017-04-21,30.55,-82.4,85.3,1,53.08,2
2017-04-26,30.1,-85.35,17.6,1,16.7,2
2017-04-28,30.55,-82.35,26.2,1,38.92,4
2017-04-29,26.3,-81.65,287.7,2,67.82,3
2017-04-29,26.3,-81.6,399.70000000000005,5,984.5699999999999,19
2017-04-30,26.3,-81.6,46.7,1,29.04,8
2017-04-30,30.55,-82.3,52.5,1,4.77,1
2017-05-01,26.3,-81.6,31.400000000000002,2,14.879999999999999,4
2017-05-02,30.65,-84.25,23.9,1,6.39,1
2017-05-02,30.95,-85.1,147.0,3,71.4,6
2017-05-03,26.3,-81.6,7.1,1,8.31,3
2017-05-03,28.0,-81.0,22.0,1,38.77,9
2017-05-03,30.45,-84.95,39.3,2,109.39,8
2017-05-04,26.95,-81.75,57.7,1,5.13,1
2017-05-06,28.2,-82.65,714.1,2,179.62,2
2017-05-06,28.25,-82.65,146.4,2,458.76,16
2017-05-06,30.65,-86.35,36.2,2,10.94,2
2017-05-07,28.25,-82.65,8.8,1,22.45,21
2017-05-07,28.45,-82.05,12.5,1,8.12,1
2017-05-07,30.55,-82.25,27.1,1,17.38,2
2017-05-07,30.6,-86.4,525.0,8,1264.13,22
2017-05-07,30.65,-86.4,595.7,5,1056.88,17
2017-05-08,29.9,-85.4,99.80000000000001,3,61.709999999999994,6
2017-05-08,29.9,-85.35,25.6,1,60.58,8
2017-05-08,29.9,-82.1,9.8,1,4.18,1
2017-05-08,29.9,-82.05,13.2,1,1.99,1
2017-05-08,30.1,-85.35,105.6,4,62.28,7
2017-05-08,30.35,-86.3,9.6,1,2.89,1
2017-05-08,30.35,-86.05,20.3,1,14.97,2
2017-05-08,30.45,-84.45,50.6,3,43.22,7
2017-05-08,30.55,-83.65,36.5,2,9.44,2
2017-05-08,30.6,-84.1,51.0,3,42.2,7
2017-05-08,30.6,-83.95,40.0,2,47.7,8
2017-05-08,30.65,-84.2,62.2,1,21.79,4
2017-05-08,30.65,-84.15,14.4,1,15.0,4
2017-05-08,30.65,-84.1,11.7,1,5.51,1
2017-05-08,30.85,-85.85,60.8,2,24.74,3
2017-05-08,30.85,-85.15,13.3,1,18.73,4
2017-05-09,29.9,-82.1,16.5,1,1.8,1
2017-05-09,29.95,-85.4,97.4,3,47.82,6
2017-05-09,30.45,-85.0,131.0,3,136.47,11
2017-05-09,30.6,-84.25,17.7,1,4.55,1
2017-05-09,30.6,-84.1,9.4,1,9.469999999999999,3
2017-05-09,30.65,-84.2,15.7,1,5.949999999999999,2
2017-05-09,30.65,-84.1,144.8,4,49.699999999999996,6
2017-05-09,30.65,-83.95,10.4,1,3.7,1
2017-05-09,30.85,-85.85,57.9,2,136.70999999999998,5
2017-05-10,28.45,-82.05,27.6,1,51.97,4
2017-05-10,29.9,-82.1,17.9,1,10.639999999999999,2
2017-05-10,30.6,-84.1,19.6,1,0.52,1
2017-05-10,30.65,-84.1,21.9,1,27.92,6
2017-05-10,30.85,-85.65,16.5,1,5.31,1
2017-05-10,30.95,-85.35,98.1,1,139.28,4
2017-05-11,29.85,-82.0,20.5,1,8.350000000000001,4
2017-05-11,29.9,-82.0,31.6,3,48.410000000000004,9
2017-05-12,29.4,-81.55,420.7,2,55.660000000000004,11
2017-05-13,26.75,-81.85,231.9,3,239.81,6
2017-05-13,27.0,-82.1,1793.0,7,411.71,10
2017-05-13,27.0,-81.25,110.5,1,100.1,4
2017-05-13,27.05,-82.1,203.70000000000002,3,1346.25,28
2017-05-14,26.7,-81.2,31.9,1,42.4,3
2017-05-14,27.05,-81.2,75.6,2,4.66,1
2017-05-15,25.4,-80.45,136.5,4,19.1,9
2017-05-15,25.4,-80.4,167.0,3,35.14,12
2017-05-15,29.9,-85.35,47.6,1,71.21000000000001,4
2017-05-15,30.05,-85.35,15.9,2,12.18,2
2017-05-16,25.4,-80.4,37.9,3,46.629999999999995,6
2017-05-16,28.8,-80.85,13.1,1,15.35,2
2017-05-16,29.9,-85.35,15.0,1,19.58,3
2017-05-16,29.9,-82.1,89.1,3,20.740000000000002,2
2017-05-16,30.65,-84.25,29.3,2,12.44,3
2017-05-17,27.25,-81.5,20.5,1,5.9,5
2017-05-17,29.55,-82.05,30.0,2,19.52,4
2017-05-17,29.55,-82.0,12.0,1,17.09,4
2017-05-17,29.9,-82.1,8.3,1,3.5,2
2017-05-17,30.6,-83.95,73.0,2,4.66,1
2017-05-18,26.95,-81.3,553.2,2,95.06,2
2017-05-18,27.55,-81.3,905.7,9,723.5500000000001,43
2017-05-18,27.55,-81.25,59.3,2,182.8,8
2017-05-18,27.6,-81.3,497.3,9,382.15,41
2017-05-18,27.6,-81.25,41.3,1,10.68,4
2017-05-18,28.2,-81.3,14.2,1,12.58,1
2017-05-20,26.25,-80.7,32.3,1,46.33,3
2017-05-20,26.3,-80.9,257.1,3,103.50999999999999,9
2017-05-20,26.3,-80.85,45.6,1,14.75,5
2017-05-20,26.3,-80.7,88.4,1,84.8,5
2017-05-20,26.35,-80.9,110.0,3,132.04999999999998,14
2017-05-20,27.6,-81.25,165.89999999999998,2,20.97,2
2017-05-21,26.25,-80.7,22.2,1,70.84,12
2017-05-21,26.25,-80.65,6.1,1,25.71,5
2017-05-22,26.25,-80.75,96.8,4,40.32,7
2017-05-22,26.25,-80.7,657.4,14,372.16,42
2017-05-22,26.25,-80.65,210.2,5,243.7,38
2017-05-22,26.35,-80.9,993.2,9,103.4,18
2017-05-22,26.4,-80.9,157.8,1,92.5,5
2017-05-23,26.25,-80.7,59.900000000000006,3,43.29,10
2017-05-23,26.25,-80.65,77.69999999999999,3,99.16,21
2017-05-23,26.3,-80.65,160.4,5,250.32,22
2017-05-23,26.35,-80.85,9.2,1,95.75,6
2017-05-23,26.4,-80.9,447.6,7,29.91,5
2017-05-23,26.4,-80.85,298.3,7,87.86,31
2017-05-23,26.45,-80.9,322.5,4,113.61,2
2017-05-23,26.45,-80.85,354.7,4,62.47,4
2017-05-24,26.2,-80.7,27.8,2,9.44,6
2017-05-24,26.25,-80.65,121.8,3,16.830000000000002,17
2017-05-24,26.3,-80.6,36.3,1,2.96,4
2017-05-24,26.35,-80.85,24.5,1,34.27,13
2017-05-24,26.35,-80.8,16.4,2,9.94,4
2017-05-24,26.4,-80.9,8.4,1,6.48,3
2017-05-25,29.9,-85.35,12.2,1,15.59,3
2017-05-26,30.45,-83.3,39.1,3,3.67,1
2017-05-26,30.6,-83.85,98.9,4,16.21,1
2017-05-28,26.2,-80.8,1108.8999999999999,18,272.08,26
2017-05-28,26.2,-80.75,1743.8,18,357.48,34
2017-05-28,26.25,-80.8,1017.2,13,253.56,21
2017-05-28,26.25,-80.75,379.5,6,58.699999999999996,7
2017-05-28,28.4,-80.95,937.8000000000001,7,195.68,11
2017-05-29,26.15,-80.8,1484.4,8,831.29,21
2017-05-29,26.15,-80.75,733.6,6,154.60999999999999,16
2017-05-29,26.2,-80.85,470.1,3,258.48,9
2017-05-29,26.2,-80.8,557.8,7,314.44,33
2017-05-29,26.2,-80.75,8.2,1,23.369999999999997,3
2017-05-29,26.25,-80.85,168.6,2,79.93,3
2017-05-29,26.25,-80.8,652.5,11,434.13,39
2017-05-29,26.25,-80.75,7.8,1,11.2,3
2017-05-29,27.9,-81.95,4.8,1,5.83,2
2017-05-29,28.4,-80.95,1981.0,13,426.62,31
2017-05-29,30.55,-83.45,27.5,1,73.1,2
2017-05-30,27.05,-81.65,188.5,1,48.18,4
2017-05-30,27.05,-81.6,134.3,1,13.01,1
2017-05-30,27.1,-81.65,50.4,1,59.73,5
2017-05-30,28.4,-81.0,15.9,1,6.03,5
2017-05-30,28.4,-80.95,20.200000000000003,2,16.67,16
2017-06-01,27.35,-80.65,284.7,3,181.8,7
2017-06-01,27.65,-81.35,19.7,1,5.62,1
2017-06-03,30.2,-83.05,22.6,1,11.46,2
2017-06-05,29.9,-85.35,30.3,1,11.51,1
2017-06-06,29.9,-85.35,27.9,1,3.5,1
2017-06-08,26.65,-81.35,27.9,1,38.5,2
2017-06-08,30.7,-85.9,17.9,1,14.55,2
2017-06-09,30.35,-82.75,7.5,1,6.98,1
2017-06-10,28.75,-82.05,9.0,1,5.57,3
2017-06-10,30.55,-83.05,42.0,3,0.61,1
2017-06-11,30.6,-86.45,106.69999999999999,3,112.6,13
2017-06-14,28.95,-82.1,26.9,2,13.21,4
2017-06-14,29.55,-82.9,18.0,1,11.14,3
2017-06-14,29.7,-83.45,52.900000000000006,3,15.89,1
2017-06-18,30.55,-86.75,27.9,1,86.17,6
2017-06-20,25.5,-80.85,19.3,1,17.54,4
2017-06-20,25.55,-80.85,222.2,4,57.44,10
2017-06-22,28.4,-82.1,10.5,1,9.14,2
2017-06-23,25.4,-80.7,316.2,3,32.77,5
2017-06-23,26.85,-80.35,48.2,2,7.22,1
2017-06-23,27.85,-81.0,94.6,3,31.32,6
2017-06-23,28.8,-82.05,24.7,1,2.14,1
2017-06-26,27.55,-80.55,8.4,1,9.17,1
2017-06-26,29.7,-82.45,55.2,1,15.34,1
2017-06-26,30.2,-81.45,16.0,1,6.03,1
2017-06-26,30.8,-87.0,47.7,3,95.66,10
2017-06-28,26.3,-81.35,24.9,1,12.28,1
2017-06-28,26.3,-81.15,17.2,1,5.35,1
2017-06-28,28.4,-82.1,342.9,3,120.22000000000001,11
2017-06-30,28.15,-82.1,29.3,2,21.72,2
2017-06-30,30.3,-83.15,13.5,1,9.44,2
2017-07-01,27.8,-80.95,13.2,1,29.59,5
2017-07-01,30.35,-83.75,11.0,1,16.28,2
2017-07-01,30.4,-83.4,25.2,1,57.08,6
2017-07-01,30.5,-86.75,707.4000000000001,3,7.98,1
2017-07-03,27.5,-82.0,26.1,1,3.84,1
2017-07-03,28.1,-81.85,20.3,1,30.96,3
2017-07-03,29.3,-82.3,7.4,1,16.5,2
2017-07-03,30.55,-83.7,10.2,1,2.11,1
2017-07-05,26.25,-81.2,52.5,2,71.58,3
2017-07-05,27.3,-81.6,12.5,1,4.75,1
2017-07-05,27.8,-81.05,168.8,2,34.19,2
2017-07-05,27.95,-81.9,16.9,1,25.34,2
2017-07-05,28.55,-82.3,16.4,1,109.11,5
2017-07-06,27.0,-80.15,10.7,1,12.4,2
2017-07-06,27.45,-82.2,37.599999999999994,2,2.45,1
2017-07-06,27.7,-81.4,24.2,1,12.61,1
2017-07-06,28.35,-82.0,24.6,1,10.48,2
2017-07-06,30.2,-85.0,207.8,5,189.76,19
2017-07-07,27.45,-81.3,19.9,1,25.0,3
2017-07-07,28.4,-81.95,75.5,2,113.24,6
2017-07-07,30.45,-83.2,32.6,1,13.55,2
2017-07-08,28.05,-81.15,18.7,1,19.94,2
2017-07-08,30.15,-81.8,4.8,1,2.5700000000000003,2
2017-07-10,28.5,-80.75,125.6,1,101.64999999999999,6
2017-07-10,28.5,-80.7,342.1,3,353.5,11
2017-07-10,28.55,-80.75,73.9,1,170.37,1
2017-07-10,28.55,-80.7,122.1,3,452.94,12
2017-07-12,30.1,-81.9,23.2,1,15.43,2
2017-07-12,30.45,-81.95,15.5,1,19.83,4
2017-07-18,28.1,-81.0,164.29999999999998,3,43.35,4
2017-07-19,27.2,-80.6,30.1,1,18.3,1
2017-07-25,28.15,-81.55,52.4,1,31.15,1
2017-07-25,29.85,-85.35,7.2,1,5.92,1
2017-07-26,27.25,-82.2,10.7,1,2.99,1
2017-07-26,27.9,-81.1,58.9,2,3.76,1
2017-07-26,28.4,-81.95,18.7,1,58.58,3
2017-07-26,28.5,-82.3,8.5,1,32.09,3
2017-07-27,28.4,-82.15,47.0,1,72.02000000000001,4
2017-07-27,29.85,-85.35,18.6,1,8.25,2
2017-07-27,29.9,-85.35,7.1,1,6.95,1
2017-07-28,26.95,-80.2,23.1,1,11.9,1
2017-07-28,27.0,-80.2,12.0,1,23.13,3
2017-07-28,27.55,-81.05,336.0,4,129.09,3
2017-07-28,27.55,-80.55,20.6,2,17.32,2
2017-07-28,28.05,-81.45,34.2,2,34.71,4
2017-07-28,30.0,-83.25,10.4,1,2.88,1
2017-07-31,29.9,-85.35,36.5,1,34.05,5
2017-08-01,29.85,-82.0,41.5,1,5.54,1
2017-08-01,29.9,-85.35,15.1,1,18.1,5
2017-08-01,30.0,-83.25,12.6,1,11.45,4
2017-08-01,30.1,-83.0,8.6,1,4.69,1
2017-08-01,30.1,-82.75,13.6,1,7.39,1
2017-08-01,30.25,-83.1,10.7,1,6.95,1
2017-08-01,30.3,-84.55,452.0,10,14.26,2
2017-08-01,30.45,-85.2,6.9,1,3.49,1
2017-08-01,30.8,-87.0,289.4,2,6.56,2
2017-08-04,27.45,-80.65,7.7,1,9.75,2
2017-08-04,27.5,-80.65,7.2,1,24.740000000000002,3
2017-08-07,27.75,-80.6,135.9,3,52.26,4
2017-08-07,28.6,-82.3,89.6,3,18.17,3
2017-08-08,26.85,-81.9,22.0,1,46.1,7
2017-08-08,27.85,-81.7,34.0,1,28.86,4
2017-08-09,27.2,-81.4,50.2,1,75.26,3
2017-08-09,27.25,-80.7,14.3,1,13.9,2
2017-08-09,28.95,-81.65,15.9,1,12.42,1
2017-08-10,28.35,-81.95,111.5,3,90.99,6
2017-08-10,28.8,-82.05,158.60000000000002,4,8.47,1
2017-08-11,28.8,-82.5,399.20000000000005,4,183.47,3
2017-08-11,28.8,-82.05,8.6,1,6.739999999999999,2
2017-08-11,29.85,-82.4,12.1,1,13.71,1
2017-08-12,27.5,-80.75,66.7,3,44.68,2
2017-08-13,27.5,-80.75,85.1,4,116.71,5
2017-08-14,27.2,-80.45,6.1,1,3.78,1
2017-08-14,27.5,-80.75,17.6,1,49.37,2
2017-08-14,27.55,-80.6,7.0,1,13.120000000000001,2
2017-08-14,30.85,-86.85,58.6,1,4.02,1
2017-08-15,27.5,-80.75,225.5,4,75.72,5
2017-08-15,27.55,-81.0,9.9,1,87.38,4
2017-08-15,27.55,-80.75,90.2,1,119.16,3
2017-08-15,27.55,-80.6,8.8,1,4.21,1
2017-08-15,27.55,-80.55,32.9,2,36.97,1
2017-08-16,29.9,-85.4,9.6,1,12.309999999999999,3
2017-08-17,27.8,-80.65,36.6,1,11.28,2
2017-08-17,30.7,-85.55,10.3,1,2.29,1
2017-08-18,26.95,-80.2,25.0,1,29.939999999999998,3
2017-08-18,26.95,-80.15,13.0,1,10.69,1
2017-08-18,27.5,-80.75,34.1,1,68.37,3
2017-08-18,27.55,-80.6,9.3,1,6.79,1
2017-08-18,27.8,-80.7,12.8,1,21.12,3
2017-08-18,27.8,-80.65,26.3,1,6.64,1
2017-08-18,30.9,-86.95,20.0,1,25.27,2
2017-08-19,27.8,-80.7,21.5,1,5.02,1
2017-08-19,27.8,-80.65,26.3,1,31.18,3
2017-08-19,30.9,-85.6,24.0,2,22.3,3
2017-08-21,27.5,-80.7,6.3,1,61.97,8
2017-08-21,27.8,-80.65,16.5,1,6.390000000000001,2
2017-08-21,28.65,-82.6,42.0,1,19.59,3
2017-08-22,27.5,-82.15,103.0,4,18.919999999999998,3
2017-08-22,27.8,-81.4,10.2,1,92.43,1
2017-08-22,28.3,-81.75,33.0,2,13.93,1
2017-08-23,28.2,-82.1,20.9,1,9.42,2
2017-08-23,28.25,-82.6,34.4,1,66.49000000000001,3
2017-08-23,28.4,-81.55,12.2,1,3.73,1
2017-08-23,28.75,-82.4,64.9,3,5.02,2
2017-08-29,27.55,-80.7,48.1,1,37.51,4
2017-08-29,27.7,-80.7,9.1,1,14.51,1
2017-08-30,28.9,-81.0,5.6,1,15.75,2
2017-08-30,29.5,-81.7,20.200000000000003,2,17.299999999999997,2
2017-08-31,27.55,-80.7,162.6,4,215.34,8
2017-08-31,29.5,-81.7,10.9,1,15.66,3
2017-08-31,30.45,-81.9,36.4,2,2.66,1
2017-09-02,30.75,-87.35,27.299999999999997,2,16.68,3
2017-09-05,30.6,-83.8,15.3,1,7.49,1
2017-09-07,29.45,-82.5,34.6,1,17.48,1
2017-09-12,29.9,-85.35,13.9,1,4.46,1
2017-09-13,30.8,-87.4,85.8,2,15.57,1
2017-09-18,29.9,-85.35,5.6,1,2.61,1
2017-09-19,30.65,-81.75,7.4,1,0.83,2
2017-09-19,30.8,-85.15,7.9,1,6.71,2
2017-09-20,28.4,-82.15,143.2,2,37.959999999999994,4
2017-09-21,28.85,-82.5,8.1,1,11.35,3
2017-09-21,30.8,-87.4,103.4,3,5.08,1
2017-09-22,28.55,-82.6,9.7,1,119.48,4
2017-09-22,30.7,-85.15,10.4,1,7.55,1
2017-09-25,30.65,-81.75,12.6,1,12.809999999999999,3
2017-09-26,29.75,-82.9,39.7,1,11.45,1
2017-09-26,30.05,-82.9,17.9,1,10.91,1
2017-09-27,30.0,-83.25,7.4,1,7.89,3
2017-09-27,30.2,-85.0,13.6,1,8.53,1
2017-09-27,30.2,-84.95,201.2,3,46.47,6
2017-09-27,30.6,-84.45,6.9,1,6.22,1
2017-09-27,30.6,-83.55,35.9,2,11.32,1
2017-09-28,28.05,-81.45,26.1,1,4.63,1
2017-09-28,28.85,-82.5,14.7,1,1.8,1
2017-09-28,30.0,-83.25,12.5,1,0.82,1
2017-09-28,30.25,-84.85,38.6,1,86.64999999999999,11
2017-09-28,30.25,-84.8,69.5,1,34.06,6
2017-09-28,30.8,-87.2,519.6,9,123.49,7
2017-09-28,30.8,-85.1,9.6,1,10.780000000000001,2
2017-09-29,28.85,-82.5,8.5,1,2.17,2
2017-09-29,30.8,-85.1,8.3,1,1.2,2
2017-09-30,27.4,-81.45,10.6,1,13.52,3
2017-10-03,28.85,-82.5,11.3,1,4.13,2
2017-10-04,29.95,-85.0,77.6,2,3.66,1
2017-10-04,30.0,-85.0,25.1,1,3.18,1
2017-10-04,30.65,-84.5,35.6,2,84.67,5
2017-10-04,30.85,-86.95,76.7,2,39.72,8
2017-10-05,29.9,-85.4,19.0,2,7.449999999999999,2
2017-10-05,30.8,-86.95,132.0,1,15.719999999999999,2
2017-10-05,30.85,-86.95,163.3,1,96.12,9
2017-10-06,28.85,-82.5,5.9,1,17.2,3
2017-10-06,30.8,-86.95,69.7,3,90.72,9
2017-10-08,29.0,-81.35,9.4,1,5.92,1
2017-10-10,26.85,-81.8,116.0,3,14.620000000000001,3
2017-10-10,26.9,-81.8,15.1,1,5.16,1
2017-10-10,29.9,-85.35,29.9,2,8.26,2
2017-10-11,26.85,-81.8,67.2,2,64.96,8
2017-10-11,27.55,-81.05,14.0,1,7.359999999999999,2
2017-10-11,27.7,-82.25,18.9,1,5.92,1
2017-10-11,28.55,-82.6,91.5,3,9.350000000000001,3
2017-10-11,28.6,-82.6,32.7,1,9.28,1
2017-10-11,28.75,-82.35,20.3,1,16.47,2
2017-10-11,29.35,-83.15,292.8,3,265.29,8
2017-10-11,29.5,-82.8,10.3,1,2.38,1
2017-10-12,28.25,-82.05,13.600000000000001,2,23.299999999999997,4
2017-10-12,28.65,-82.6,24.9,2,53.47,3
2017-10-12,28.75,-82.35,30.6,3,13.13,2
2017-10-12,28.9,-82.2,21.799999999999997,2,17.06,2
2017-10-12,29.35,-83.15,61.1,2,53.15,4
2017-10-12,29.35,-83.1,15.4,1,15.3,1
2017-10-12,29.5,-82.9,5.9,1,12.32,1
2017-10-12,30.35,-83.5,8.8,1,7.67,2
2017-10-12,30.35,-83.0,8.3,1,10.72,2
2017-10-12,30.45,-83.1,19.3,2,10.27,1
2017-10-13,29.95,-85.4,5.0,1,3.19,1
2017-10-13,30.35,-83.4,6.9,1,0.81,1
2017-10-13,30.35,-83.0,6.9,1,5.39,2
2017-10-13,30.6,-84.85,124.7,2,43.85,1
2017-10-13,30.65,-84.8,47.4,2,17.78,4
2017-10-13,30.75,-85.65,16.0,1,72.05,2
2017-10-14,28.6,-81.55,6.3,1,2.98,1
2017-10-14,29.0,-81.4,13.0,1,20.35,2
2017-10-14,30.15,-83.0,6.5,1,6.3,1
2017-10-14,30.75,-85.65,112.5,3,67.7,3
2017-10-15,29.0,-81.35,14.5,1,9.6,1
2017-10-16,26.6,-80.8,65.9,3,8.76,2
2017-10-16,27.55,-81.8,4.3,1,12.059999999999999,3
2017-10-16,28.75,-82.35,11.3,1,14.919999999999998,3
2017-10-16,29.35,-82.5,9.2,1,4.7,1
2017-10-16,30.1,-84.6,90.6,3,34.72,5
2017-10-17,29.9,-85.35,15.1,1,20.490000000000002,3
2017-10-17,29.95,-85.4,9.2,1,10.9,2
2017-10-17,30.2,-84.2,35.8,2,16.54,1
2017-10-17,30.3,-85.75,64.8,4,31.21,3
2017-10-17,30.35,-84.05,20.8,1,13.16,2
2017-10-17,30.65,-84.8,56.4,2,13.07,3
2017-10-17,30.85,-86.7,157.8,4,7.78,1
2017-10-18,29.45,-83.0,529.5,4,376.8,10
2017-10-18,29.95,-85.4,24.5,2,8.59,2
2017-10-18,30.2,-84.2,21.0,1,8.06,2
2017-10-18,30.3,-85.75,28.9,1,20.33,3
2017-10-18,30.35,-84.0,67.1,4,40.96,4
2017-10-18,30.4,-85.15,17.9,1,12.04,2
2017-10-18,30.4,-83.4,34.5,2,4.01,1
2017-10-18,30.7,-87.15,167.4,4,10.84,1
2017-10-18,30.85,-86.65,61.9,2,17.77,4
2017-10-18,30.85,-86.05,134.4,4,46.379999999999995,4
2017-10-18,30.9,-85.8,33.1,1,51.28,1
2017-10-18,30.95,-86.7,117.29999999999998,3,28.61,4
2017-10-19,26.9,-81.95,44.6,1,56.42,2
2017-10-19,26.9,-81.9,25.9,1,35.66,2
2017-10-19,29.0,-81.4,15.4,1,11.07,1
2017-10-19,29.9,-85.35,7.1,1,4.39,1
2017-10-19,29.95,-85.4,9.5,1,4.98,1
2017-10-19,30.05,-85.35,7.7,1,8.75,2
2017-10-19,30.15,-85.1,6.1,1,6.61,1
2017-10-19,30.3,-84.2,24.9,1,81.2,5
2017-10-19,30.4,-85.9,8.0,1,7.85,1
2017-10-19,30.4,-85.15,54.199999999999996,2,3.53,1
2017-10-19,30.7,-85.25,6.9,1,2.57,1
2017-10-19,30.9,-85.55,141.1,3,279.55,9
2017-10-19,30.9,-85.2,15.8,1,12.559999999999999,2
2017-10-19,30.95,-87.0,6.0,1,17.01,2
2017-10-20,28.75,-82.35,10.2,1,1.11,1
2017-10-20,29.25,-82.45,6.7,1,6.94,1
2017-10-20,29.9,-85.35,28.9,2,2.04,1
2017-10-20,30.1,-82.9,7.3,1,19.15,2
2017-10-20,30.25,-85.3,468.0,5,48.78,6
2017-10-20,30.25,-85.25,41.9,1,151.88,3
2017-10-20,30.35,-84.4,16.1,1,26.82,2
2017-10-20,30.35,-84.35,328.3,5,230.03,16
2017-10-20,30.8,-85.55,42.9,1,9.29,1
2017-10-20,30.9,-85.2,27.0,2,6.84,3
2017-10-21,28.75,-82.35,28.2,3,6.12,2
2017-10-22,29.0,-81.35,9.4,1,8.54,1
2017-10-24,28.7,-82.05,30.700000000000003,2,17.06,2
2017-10-24,28.75,-82.35,34.0,2,24.46,2
2017-10-24,29.85,-82.9,7.4,1,13.629999999999999,4
2017-10-24,29.95,-85.4,31.7,2,23.84,2
2017-10-24,30.05,-85.4,6.8,1,5.52,1
2017-10-24,30.2,-83.0,5.3,1,2.94,1
2017-10-24,30.25,-83.2,4.4,1,2.85,1
2017-10-24,30.4,-83.4,19.4,1,11.82,3
2017-10-24,30.45,-83.5,15.8,2,6.49,1
2017-10-25,27.7,-80.7,6.4,1,5.64,1
2017-10-25,28.05,-81.5,7.7,1,98.44,1
2017-10-25,28.3,-82.05,52.8,3,37.67,7
2017-10-25,28.6,-81.55,6.0,1,14.629999999999999,2
2017-10-25,28.75,-82.35,6.8,1,12.629999999999999,5
2017-10-25,28.8,-82.45,181.7,3,141.35,6
2017-10-25,29.0,-81.4,26.6,1,2.08,2
2017-10-25,29.0,-81.35,25.4,1,26.96,1
2017-10-25,29.7,-83.0,10.8,1,11.67,1
2017-10-25,29.95,-85.4,137.5,3,20.48,2
2017-10-25,30.05,-83.2,24.2,2,13.84,3
2017-10-25,30.1,-84.7,104.5,6,27.29,4
2017-10-25,30.2,-84.2,11.9,1,14.940000000000001,2
2017-10-25,30.2,-81.85,8.4,1,15.629999999999999,2
2017-10-25,30.35,-83.5,45.6,3,20.83,1
2017-10-25,30.45,-83.4,10.0,1,5.45,1
2017-10-25,30.5,-83.8,9.2,1,13.08,3
2017-10-25,30.65,-86.0,18.8,1,40.230000000000004,3
2017-10-25,30.95,-87.05,24.2,1,4.06,1
2017-10-26,26.1,-81.6,22.1,1,27.07,6
2017-10-26,26.9,-81.9,101.2,3,72.92,5
2017-10-26,28.1,-82.35,8.7,1,4.16,1
2017-10-26,28.1,-81.45,159.7,2,7.42,2
2017-10-26,28.2,-82.65,11.6,1,10.379999999999999,2
2017-10-26,28.35,-81.15,48.6,1,3.8,1
2017-10-26,28.35,-81.1,6.7,1,41.5,3
2017-10-26,28.6,-81.55,10.8,1,20.66,3
2017-10-26,28.75,-82.35,71.8,3,38.540000000000006,6
2017-10-26,29.0,-81.4,18.8,1,9.11,2
2017-10-26,29.0,-81.35,23.0,1,41.449999999999996,4
2017-10-26,29.25,-82.65,11.4,1,4.48,1
2017-10-26,29.6,-83.05,24.5,2,21.099999999999998,3
2017-10-26,29.7,-82.7,19.8,1,6.11,1
2017-10-26,29.75,-81.9,102.7,3,62.510000000000005,5
2017-10-26,29.9,-85.4,17.1,1,11.91,2
2017-10-26,30.05,-85.1,92.7,4,9.74,2
2017-10-26,30.15,-83.2,16.3,1,14.22,3
2017-10-26,30.2,-85.5,23.1,1,8.18,2
2017-10-26,30.2,-84.2,81.8,3,169.09,18
2017-10-26,30.2,-81.85,6.1,1,4.15,1
2017-10-26,30.25,-83.2,27.6,2,12.46,2
2017-10-26,30.3,-85.1,29.3,2,41.58,6
2017-10-26,30.35,-81.95,19.4,2,6.99,2
2017-10-26,30.8,-87.2,21.9,2,27.84,6
2017-10-26,30.8,-87.0,98.89999999999999,2,57.589999999999996,11
2017-10-27,26.85,-81.85,94.3,2,26.36,1
2017-10-27,28.2,-82.15,13.2,1,8.629999999999999,3
2017-10-27,28.25,-82.05,75.19999999999999,2,43.32,6
2017-10-27,28.75,-82.35,11.5,1,13.65,5
2017-10-27,29.5,-82.75,301.0,6,86.48,8
2017-10-27,29.85,-85.35,27.0,1,6.98,1
2017-10-27,29.9,-85.35,24.4,2,13.96,2
2017-10-27,29.95,-85.4,64.9,3,14.2,2
2017-10-27,30.15,-84.2,23.5,1,8.58,2
2017-10-27,30.2,-85.5,16.3,2,2.36,1
2017-10-27,30.2,-84.2,265.5,6,93.72,8
2017-10-27,30.25,-83.2,11.9,1,9.82,2
2017-10-27,30.35,-84.55,315.9,6,50.05,8
2017-10-27,30.4,-84.5,276.7,2,14.379999999999999,2
2017-10-27,30.4,-83.4,8.6,1,2.34,1
2017-10-27,30.5,-86.05,27.3,1,6.49,1
2017-10-27,30.6,-84.6,6.6,1,26.8,2
2017-10-27,30.9,-85.45,11.5,1,19.66,3
2017-10-30,26.85,-81.15,7.7,1,8.99,1
2017-10-30,27.4,-81.45,6.1,1,10.71,3
2017-10-30,27.55,-80.7,15.6,1,26.4,2
2017-10-30,27.65,-82.05,83.2,3,96.55000000000001,7
2017-10-30,28.6,-81.55,5.6,1,8.59,1
2017-10-30,28.7,-82.05,14.2,1,15.03,3
2017-10-30,28.7,-81.55,5.9,1,11.18,2
2017-10-30,28.75,-82.35,4.7,1,7.91,2
2017-10-30,29.0,-81.4,17.2,2,0.59,1
2017-10-30,29.85,-85.35,12.7,1,13.780000000000001,2
2017-10-30,29.95,-85.4,7.5,1,4.06,1
2017-10-30,30.1,-82.9,7.6,1,9.07,2
2017-10-30,30.2,-84.5,33.1,1,24.799999999999997,4
2017-10-30,30.25,-84.55,133.6,4,16.92,3
2017-10-30,30.25,-84.5,148.3,2,15.71,3
2017-10-30,30.3,-82.0,8.4,1,9.6,2
2017-10-30,30.35,-83.85,6.3,1,6.5,1
2017-10-30,30.35,-82.35,73.9,1,7.09,1
2017-10-30,30.35,-82.3,44.3,1,62.67,3
2017-10-30,30.4,-85.7,17.7,1,11.19,1
2017-10-30,30.4,-85.65,238.1,4,213.13,6
2017-10-30,30.55,-85.25,15.0,1,15.969999999999999,3
2017-10-30,30.6,-83.85,3.7,1,38.09,1
2017-10-30,30.9,-86.0,21.8,2,72.21000000000001,2
2017-10-31,27.4,-81.45,8.3,1,18.34,3
2017-10-31,27.5,-82.0,5.1,1,5.98,1
2017-10-31,27.55,-80.7,8.2,1,4.88,1
2017-10-31,27.7,-80.7,23.0,1,19.24,2
2017-10-31,27.7,-80.65,19.3,1,8.43,1
2017-10-31,27.75,-82.4,5.2,1,2.27,1
2017-10-31,27.75,-81.4,15.8,1,22.169999999999998,3
2017-10-31,28.2,-82.15,12.0,1,2.2,1
2017-10-31,28.3,-82.0,45.3,4,48.04,6
2017-10-31,28.35,-82.3,5.3,1,3.3,1
2017-10-31,28.6,-82.4,33.5,2,45.6,3
2017-10-31,28.6,-81.55,15.2,1,9.34,1
2017-10-31,28.7,-82.05,37.7,2,16.47,2
2017-10-31,28.75,-82.35,10.399999999999999,2,5.12,2
2017-10-31,28.9,-82.05,4.4,1,3.03,1
2017-10-31,29.0,-81.4,10.9,1,10.86,2
2017-10-31,29.1,-81.1,8.4,1,5.62,1
2017-10-31,29.65,-82.85,16.0,1,10.85,2
2017-10-31,29.85,-82.7,18.9,2,11.52,2
2017-10-31,30.0,-83.3,4.9,1,4.04,2
2017-10-31,30.1,-82.5,14.2,1,8.0,2
2017-10-31,30.15,-83.2,20.8,2,14.530000000000001,3
2017-10-31,30.25,-83.15,6.0,1,5.7,1
2017-10-31,30.3,-84.2,203.5,4,234.02,16
2017-10-31,30.35,-82.35,126.80000000000001,2,7.22,1
2017-10-31,30.35,-82.3,636.9,7,181.11999999999998,13
2017-10-31,30.5,-83.25,7.7,1,5.32,1
2017-10-31,30.6,-83.4,28.9,2,40.440000000000005,4
2017-10-31,30.95,-87.0,81.0,3,5.55,1
2017-11-01,26.8,-81.85,13.2,1,27.58,2
2017-11-01,27.55,-80.7,8.8,1,6.23,1
2017-11-01,27.7,-80.7,31.0,2,42.370000000000005,5
2017-11-01,27.7,-80.65,7.9,1,10.39,2
2017-11-01,28.75,-82.4,233.3,4,216.42000000000002,10
2017-11-01,29.25,-82.45,14.1,1,4.85,1
2017-11-01,30.15,-83.2,14.9,1,22.419999999999998,3
2017-11-01,30.25,-84.3,16.700000000000003,2,1.76,1
2017-11-01,30.35,-82.5,104.0,2,12.39,2
2017-11-01,30.45,-84.9,82.4,3,32.64,4
2017-11-01,30.45,-83.95,7.4,1,2.48,1
2017-11-01,30.6,-83.4,187.20000000000002,4,132.07,6
2017-11-01,30.8,-87.25,126.1,5,18.28,2
2017-11-01,30.95,-86.7,92.3,4,6.21,1
2017-11-02,26.8,-81.85,7.0,1,16.8,2
2017-11-02,27.3,-81.7,27.4,1,3.53,1
2017-11-02,27.6,-81.5,10.5,1,2.88,2
2017-11-02,28.4,-82.15,118.2,1,121.27000000000001,4
2017-11-02,28.6,-81.55,13.5,1,5.55,1
2017-11-02,29.0,-81.4,13.9,1,15.129999999999999,3
2017-11-02,29.2,-82.55,135.6,1,13.42,2
2017-11-02,29.95,-82.75,6.4,1,21.79,1
2017-11-02,30.1,-82.5,13.4,2,23.3,4
2017-11-02,30.15,-84.75,116.1,4,22.25,4
2017-11-02,30.15,-84.7,109.5,2,25.29,4
2017-11-02,30.2,-84.75,87.0,2,17.96,2
2017-11-02,30.2,-84.2,132.9,3,133.15,4
2017-11-02,30.2,-83.15,10.6,1,5.37,1
2017-11-02,30.25,-84.75,61.5,3,47.89,2
2017-11-02,30.35,-83.25,50.3,2,6.48,2
2017-11-02,30.5,-84.9,54.3,1,9.02,1
2017-11-02,30.55,-85.65,26.6,1,20.31,3
2017-11-03,27.6,-81.5,49.2,2,0.44,1
2017-11-03,28.8,-82.45,260.2,5,45.64,8
2017-11-03,29.15,-81.2,17.1,2,72.84,5
2017-11-03,30.1,-83.05,110.6,4,13.780000000000001,2
2017-11-03,30.1,-82.5,9.4,1,18.18,3
2017-11-03,30.2,-84.2,252.70000000000002,5,92.32,8
2017-11-03,30.35,-84.6,407.2,8,74.57,15
2017-11-03,30.4,-83.95,8.3,1,10.190000000000001,3
2017-11-03,30.5,-84.9,39.0,3,9.590000000000002,2
2017-11-04,28.6,-81.55,12.1,1,9.709999999999999,2
2017-11-04,29.0,-82.5,9.0,1,7.82,2
2017-11-04,29.0,-81.4,13.0,1,7.8,2
2017-11-04,30.15,-83.15,159.6,4,26.23,2
2017-11-05,29.0,-81.35,13.6,1,5.45,1
2017-11-05,30.6,-86.5,15.2,1,30.62,3
2017-11-06,28.6,-81.55,12.6,1,7.609999999999999,2
2017-11-06,29.0,-82.5,5.4,1,7.09,3
2017-11-06,29.0,-81.4,24.5,2,3.97,1
2017-11-06,29.95,-85.45,15.1,1,19.05,2
2017-11-06,30.05,-82.95,20.0,2,4.23,1
2017-11-06,30.1,-82.9,19.9,1,17.22,3
2017-11-06,30.15,-83.2,6.3,1,8.65,2
2017-11-06,30.2,-83.3,5.5,1,8.3,3
2017-11-06,30.35,-85.15,268.4,4,293.59,7
2017-11-07,27.35,-82.4,17.9,2,2.94,1
2017-11-07,27.4,-81.45,12.5,1,9.33,3
2017-11-07,27.55,-82.1,21.700000000000003,2,14.06,1
2017-11-07,27.85,-81.7,6.0,1,3.44,1
2017-11-07,28.3,-81.1,39.4,2,282.84,13
2017-11-07,28.6,-81.55,25.4,2,9.2,1
2017-11-07,29.0,-82.5,12.0,2,3.6,1
2017-11-07,29.0,-81.4,8.8,1,26.13,4
2017-11-07,29.25,-82.4,6.8,1,19.21,3
2017-11-07,29.35,-82.35,5.1,1,2.56,1
2017-11-07,29.55,-82.55,12.1,1,12.64,2
2017-11-07,29.85,-85.35,6.9,1,5.78,1
2017-11-07,30.1,-82.95,20.1,1,17.94,1
2017-11-07,30.1,-82.85,8.2,1,41.02,2
2017-11-07,30.15,-83.05,7.9,1,6.76,2
2017-11-07,30.35,-83.85,10.3,1,4.35,1
2017-11-07,30.5,-84.65,5.5,1,24.259999999999998,3
2017-11-08,27.25,-81.8,49.4,1,206.93,5
2017-11-08,27.4,-81.45,11.1,1,6.31,1
2017-11-08,27.55,-82.1,21.200000000000003,2,4.91,1
2017-11-08,28.6,-81.55,4.2,1,3.41,1
2017-11-08,28.9,-81.0,6.1,1,7.75,1
2017-11-08,29.0,-81.4,15.7,1,18.740000000000002,2
2017-11-08,29.7,-83.0,26.1,2,22.22,4
2017-11-08,29.95,-85.4,10.1,1,1.93,1
2017-11-09,27.55,-82.1,21.8,2,2.78,1
2017-11-09,27.75,-82.25,10.8,1,6.05,1
2017-11-09,27.85,-81.7,6.0,1,0.45,1
2017-11-09,28.3,-81.7,3.7,1,2.03,1
2017-11-10,26.6,-81.25,10.3,1,3.52,1
2017-11-10,29.0,-82.5,7.7,1,24.68,3
2017-11-10,29.95,-85.45,50.9,3,12.41,1
2017-11-10,30.1,-82.85,48.5,2,5.27,1
2017-11-10,30.25,-85.1,12.2,1,10.56,1
2017-11-10,30.45,-82.8,17.1,1,7.48,3
2017-11-10,30.75,-87.2,91.19999999999999,3,42.67,5
2017-11-10,30.75,-87.15,17.8,1,12.02,1
2017-11-13,28.45,-82.15,28.5,1,101.2,12
2017-11-13,29.45,-81.45,7.2,1,10.75,2
2017-11-13,29.85,-85.35,46.0,2,31.66,2
2017-11-13,30.0,-85.4,12.1,1,14.38,2
2017-11-13,30.15,-81.95,47.0,2,33.22,3
2017-11-13,30.35,-86.35,10.6,1,34.11,3
2017-11-13,30.35,-84.05,4.4,1,21.799999999999997,3
2017-11-13,30.4,-86.1,101.80000000000001,3,76.25,3
2017-11-13,30.45,-83.2,31.7,2,42.16,2
2017-11-13,30.6,-85.3,47.7,3,86.4,4
2017-11-13,30.6,-83.8,4.0,1,2.36,1
2017-11-13,30.75,-87.2,10.8,2,3.55,1
2017-11-13,30.85,-85.15,49.3,2,39.0,2
2017-11-14,28.2,-82.65,30.3,2,19.1,4
2017-11-14,28.7,-82.05,19.4,1,24.14,3
2017-11-14,29.0,-82.5,8.2,1,0.6,1
2017-11-14,29.55,-82.55,8.5,1,2.96,1
2017-11-14,29.85,-85.35,55.4,2,30.87,5
2017-11-14,30.25,-84.15,17.3,1,8.2,2
2017-11-14,30.3,-84.2,505.4,5,236.7,9
2017-11-14,30.35,-84.05,12.0,2,4.54,1
2017-11-14,30.4,-85.65,39.6,2,59.82000000000001,3
2017-11-14,30.45,-83.2,136.5,3,33.5,2
2017-11-14,30.45,-82.8,31.6,1,8.93,1
2017-11-14,30.6,-84.95,40.8,2,9.62,2
2017-11-14,30.75,-87.2,161.8,3,36.2,1
2017-11-14,30.8,-87.2,28.0,2,31.2,6
2017-11-14,30.8,-86.15,145.4,4,193.64,11
2017-11-14,30.85,-87.25,4.1,1,4.46,1
2017-11-15,26.6,-80.5,5.4,1,34.05,3
2017-11-15,27.0,-82.3,44.6,3,6.99,1
2017-11-15,27.7,-81.45,11.6,1,8.68,1
2017-11-15,28.2,-82.65,13.8,1,14.42,2
2017-11-15,28.35,-82.05,10.5,2,7.35,1
2017-11-15,28.7,-82.05,10.4,1,40.22,6
2017-11-15,29.0,-82.5,8.1,1,7.5,1
2017-11-15,29.25,-82.4,5.1,1,9.49,1
2017-11-15,29.6,-82.85,3.1,1,15.3,2
2017-11-15,29.95,-85.45,21.0,2,16.38,2
2017-11-15,30.0,-85.45,6.9,1,4.64,1
2017-11-15,30.0,-85.4,7.8,1,9.38,2
2017-11-15,30.15,-83.2,6.2,1,6.55,1
2017-11-15,30.25,-84.15,10.0,1,9.04,2
2017-11-15,30.3,-84.2,405.4,6,95.63,9
2017-11-15,30.35,-84.05,5.2,1,4.66,1
2017-11-15,30.4,-86.05,19.5,1,7.05,1
2017-11-15,30.4,-85.65,134.4,3,20.32,2
2017-11-15,30.45,-85.65,194.8,2,172.45999999999998,5
2017-11-15,30.5,-85.3,9.3,1,8.94,1
2017-11-16,27.4,-81.45,11.1,1,5.83,1
2017-11-16,27.55,-82.45,5.8,1,1.26,1
2017-11-16,27.6,-82.45,6.1,1,2.45,1
2017-11-16,27.7,-81.45,10.3,2,11.25,2
2017-11-16,28.2,-82.65,22.2,1,18.98,4
2017-11-16,28.6,-81.55,19.1,2,8.71,1
2017-11-16,29.0,-81.4,4.9,1,10.43,2
2017-11-16,29.15,-81.8,175.2,3,54.25,4
2017-11-16,29.55,-82.55,9.4,1,11.309999999999999,2
2017-11-16,29.95,-85.45,31.6,3,18.0,3
2017-11-16,29.95,-84.9,182.1,3,1339.41,38
2017-11-16,30.0,-85.45,4.2,1,2.37,1
2017-11-16,30.1,-82.95,64.30000000000001,2,13.17,1
2017-11-16,30.1,-82.85,22.6,2,6.23,1
2017-11-16,30.15,-83.2,14.3,2,8.32,2
2017-11-16,30.2,-84.25,448.0,3,91.52,3
2017-11-16,30.2,-84.2,205.8,4,406.4,17
2017-11-16,30.35,-84.15,29.7,1,3.54,1
2017-11-16,30.4,-85.65,8.5,1,7.87,1
2017-11-16,30.4,-82.65,6.5,1,4.66,1
2017-11-16,30.45,-83.05,4.9,1,5.38,1
2017-11-16,30.8,-85.3,85.4,1,3.52,1
2017-11-16,30.85,-86.4,146.89999999999998,3,32.32,3
2017-11-16,30.85,-85.3,109.5,2,332.11,8
2017-11-17,26.95,-82.3,30.0,2,20.27,3
2017-11-17,27.15,-82.5,185.1,1,2.71,1
2017-11-17,27.55,-81.05,57.7,1,41.55,5
2017-11-17,27.55,-81.0,36.3,2,48.739999999999995,5
2017-11-17,27.7,-81.45,7.1,1,23.83,4
2017-11-17,27.85,-81.7,6.7,1,9.05,3
2017-11-17,27.95,-81.5,19.9,2,12.19,2
2017-11-17,28.0,-81.6,6.3,1,7.369999999999999,2
2017-11-17,28.6,-81.55,15.2,1,26.27,6
2017-11-17,28.7,-82.45,495.8,2,29.590000000000003,3
2017-11-17,29.0,-81.4,6.8,1,6.07,2
2017-11-17,30.1,-82.75,32.5,3,6.9,1
2017-11-17,30.5,-85.1,33.0,2,54.74,2
2017-11-17,30.55,-84.8,224.2,6,125.21,13
2017-11-17,30.6,-84.8,81.39999999999999,2,86.6,9
2017-11-17,30.7,-87.15,168.6,4,32.51,1
2017-11-17,30.8,-85.0,108.69999999999999,2,14.64,2
2017-11-17,30.85,-85.15,70.2,2,5.34,1
2017-11-17,30.9,-85.85,457.7,4,175.64000000000001,9
2017-11-18,26.0,-80.45,7.4,1,2.83,2
2017-11-18,27.4,-82.2,27.7,1,14.5,3
2017-11-18,27.4,-81.45,22.6,2,8.01,3
2017-11-18,28.6,-81.55,21.4,2,21.55,2
2017-11-18,29.0,-82.5,6.3,1,3.63,1
2017-11-18,29.7,-82.55,133.5,3,3.45,1
2017-11-18,30.4,-84.45,28.6,1,5.47,1
2017-11-18,30.45,-84.0,18.8,1,18.5,2
2017-11-18,30.55,-84.8,55.699999999999996,2,138.84,4
2017-11-18,30.55,-84.55,56.7,2,22.88,1
2017-11-18,30.6,-84.75,18.9,1,112.09,3
2017-11-18,30.6,-83.9,24.5,2,3.22,1
2017-11-18,30.7,-84.8,541.2,4,67.17,3
2017-11-19,26.55,-80.9,11.7,1,14.34,3
2017-11-19,26.7,-80.45,49.6,3,4.06,1
2017-11-19,27.2,-82.35,43.4,1,44.37,4
2017-11-19,27.4,-81.45,14.1,1,10.18,2
2017-11-19,30.55,-86.85,45.7,1,15.75,3
2017-11-20,27.2,-81.25,8.5,1,4.73,1
2017-11-20,27.25,-82.2,12.0,1,4.26,1
2017-11-20,27.25,-81.45,22.1,1,2.48,1
2017-11-20,27.4,-81.55,138.5,4,62.769999999999996,2
2017-11-20,27.4,-81.45,25.700000000000003,2,4.779999999999999,2
2017-11-20,27.65,-82.3,7.3,1,8.79,1
2017-11-20,27.65,-80.85,10.2,1,11.74,3
2017-11-20,28.4,-82.3,8.6,1,7.22,1
2017-11-20,28.4,-82.25,9.9,1,6.34,1
2017-11-20,28.6,-81.55,17.1,1,0.91,1
2017-11-20,29.5,-81.55,35.9,2,72.45,5
2017-11-20,29.9,-85.35,90.9,2,13.86,2
2017-11-20,30.2,-84.3,80.3,2,81.3,1
2017-11-20,30.35,-82.65,9.0,1,12.190000000000001,2
2017-11-20,30.5,-84.75,35.2,1,11.14,1
2017-11-21,26.7,-80.45,50.599999999999994,2,76.0,2
2017-11-22,27.35,-81.6,4.3,1,13.35,2
2017-11-22,28.4,-82.3,14.8,1,5.45,1
2017-11-22,28.7,-82.55,161.1,4,24.270000000000003,4
2017-11-22,28.7,-81.9,13.5,2,13.22,2
2017-11-23,30.45,-86.9,25.9,1,9.03,2
2017-11-24,26.75,-80.45,12.0,1,9.8,2
2017-11-24,26.8,-80.6,192.9,3,174.02,4
2017-11-24,30.9,-85.1,9.7,1,16.369999999999997,3
2017-11-25,27.95,-81.6,13.5,1,5.4,1
2017-11-25,28.6,-81.55,22.9,2,19.3,3
2017-11-26,28.6,-81.55,14.0,1,11.87,3
2017-11-26,30.55,-86.85,61.900000000000006,2,57.349999999999994,4
2017-11-27,28.55,-82.3,57.2,1,105.05000000000001,6
2017-11-27,28.6,-82.3,68.3,1,45.86,4
2017-11-27,28.6,-81.55,22.299999999999997,2,5.029999999999999,2
2017-11-27,29.9,-85.35,103.9,3,57.78,7
2017-11-27,29.95,-85.45,6.2,1,12.77,3
2017-11-27,30.15,-85.05,46.0,2,49.08,4
2017-11-27,30.2,-84.3,10.6,1,15.48,3
2017-11-27,30.3,-85.1,34.7,2,14.629999999999999,2
2017-11-27,30.45,-85.15,37.8,2,57.480000000000004,8
2017-11-27,30.5,-86.05,54.1,2,34.03,3
2017-11-27,30.6,-85.85,19.5,1,8.98,1
2017-11-28,26.85,-81.7,119.9,3,2.55,1
2017-11-28,27.6,-80.8,26.7,1,5.66,2
2017-11-28,28.2,-82.1,19.5,1,5.18,1
2017-11-28,28.6,-82.3,210.89999999999998,3,6.17,1
2017-11-28,28.7,-82.5,97.1,2,5.77,1
2017-11-28,29.9,-85.35,78.5,2,17.84,2
2017-11-28,29.9,-84.85,51.099999999999994,2,147.32999999999998,6
2017-11-28,29.9,-84.8,23.9,1,293.09,13
2017-11-28,29.95,-85.45,9.6,1,2.88,1
2017-11-28,29.95,-84.8,24.3,1,84.38,6
2017-11-28,30.0,-81.95,14.1,1,9.36,3
2017-11-28,30.45,-86.1,402.5,4,312.57,5
2017-11-28,30.55,-85.1,14.6,1,1.86,1
2017-11-28,30.55,-84.7,269.4,4,59.13,3
2017-11-28,30.7,-86.85,215.70000000000002,5,21.97,4
2017-11-28,30.75,-87.15,48.5,1,4.11,1
2017-11-29,27.1,-82.3,34.0,2,12.88,1
2017-11-29,27.2,-81.25,25.400000000000002,3,7.8,1
2017-11-29,27.4,-81.55,29.5,1,38.150000000000006,5
2017-11-29,27.7,-81.85,62.9,1,81.92,4
2017-11-29,27.85,-81.7,30.3,1,8.97,1
2017-11-29,28.2,-82.1,42.8,3,57.85,5
2017-11-29,28.4,-82.0,47.2,2,20.17,2
2017-11-29,28.4,-81.95,36.7,1,78.81,8
2017-11-29,28.6,-81.55,11.4,1,11.57,2
2017-11-29,28.75,-82.45,60.1,2,12.850000000000001,2
2017-11-29,28.8,-82.45,130.1,2,243.55,6
2017-11-29,29.9,-85.35,30.0,1,10.74,3
2017-11-29,29.95,-84.8,28.3,1,42.84,16
2017-11-29,30.1,-83.3,15.5,1,6.77,1
2017-11-29,30.2,-85.05,19.0,2,19.13,4
2017-11-29,30.25,-85.1,47.8,1,8.38,2
2017-11-29,30.3,-83.65,5.9,1,2.8,1
2017-11-29,30.3,-83.25,4.3,1,4.78,1
2017-11-29,30.3,-82.75,13.8,1,11.2,2
2017-11-29,30.35,-84.4,90.6,2,10.59,1
2017-11-29,30.35,-82.9,9.3,1,21.84,3
2017-11-29,30.35,-82.5,75.30000000000001,2,60.410000000000004,8
2017-11-29,30.4,-84.4,112.9,3,191.15,15
2017-11-29,30.5,-86.05,11.3,1,6.6,2
2017-11-29,30.6,-85.9,35.3,3,27.29,3
2017-11-29,30.7,-86.85,4.3,1,11.56,3
2017-11-29,30.7,-86.65,14.0,1,13.88,1
2017-11-29,30.75,-82.0,26.200000000000003,2,17.630000000000003,3
2017-11-29,30.85,-85.35,17.8,2,11.18,1
2017-11-30,27.4,-81.45,12.0,1,9.94,2
2017-11-30,27.6,-82.45,7.5,1,5.8,1
2017-11-30,27.7,-81.75,10.3,1,28.66,5
2017-11-30,27.7,-81.4,9.1,1,10.030000000000001,3
2017-11-30,27.85,-81.7,8.9,1,8.87,1
2017-11-30,28.1,-81.25,24.6,2,5.31,1
2017-11-30,28.35,-81.95,219.5,2,86.79,14
2017-11-30,28.6,-81.55,15.7,1,16.66,2
2017-11-30,29.9,-85.35,64.3,1,19.2,4
2017-11-30,29.9,-82.9,7.5,1,5.05,1
2017-11-30,29.9,-82.05,177.7,4,75.25,4
2017-11-30,30.0,-83.7,5.9,1,7.4,2
2017-11-30,30.4,-85.15,11.6,2,3.45,1
2017-11-30,30.4,-83.9,5.1,1,5.78,2
2017-12-01,26.4,-81.85,11.7,1,13.959999999999999,2
2017-12-01,26.6,-81.25,16.0,1,14.46,1
2017-12-01,26.65,-81.2,8.6,1,3.88,1
2017-12-01,27.25,-82.2,20.5,2,7.47,1
2017-12-01,27.35,-80.75,88.2,3,34.87,5
2017-12-01,27.4,-81.45,12.5,1,14.27,3
2017-12-01,27.5,-80.55,6.4,1,16.08,2
2017-12-01,27.55,-81.8,5.4,1,8.040000000000001,2
2017-12-01,27.6,-81.5,3.8,1,3.4,1
2017-12-01,27.85,-81.7,16.0,2,28.009999999999998,5
2017-12-01,27.95,-81.5,34.2,1,16.66,1
2017-12-01,28.6,-81.55,14.7,2,12.94,4
2017-12-01,29.0,-81.4,8.6,2,4.59,1
2017-12-01,29.2,-81.2,6.9,1,20.55,1
2017-12-01,29.95,-85.45,38.0,1,19.9,2
2017-12-01,30.5,-86.75,222.5,6,50.44,4
2017-12-01,30.55,-86.75,161.1,3,47.04,6
2017-12-01,30.55,-86.7,102.0,3,126.47999999999999,6
2017-12-01,30.75,-87.2,8.6,1,4.27,1
2017-12-02,27.4,-81.45,8.2,1,8.54,3
2017-12-02,27.55,-81.8,12.8,1,0.81,1
2017-12-02,27.85,-81.7,16.4,1,20.53,3
2017-12-02,28.15,-81.9,8.6,2,3.76,1
2017-12-02,28.6,-81.55,24.9,2,12.61,1
2017-12-02,29.0,-81.4,5.2,1,0.4,1
2017-12-03,28.6,-81.55,9.1,1,9.23,2
2017-12-04,26.0,-80.45,5.1,1,2.96,2
2017-12-04,28.6,-81.55,25.2,1,0.6,1
2017-12-04,29.3,-82.25,7.4,1,4.92,1
2017-12-04,29.8,-82.9,40.0,2,8.82,1
2017-12-04,30.1,-82.85,25.1,1,5.36,1
2017-12-04,30.75,-87.2,12.1,1,12.6,2
2017-12-05,26.35,-80.8,41.5,1,7.02,2
2017-12-05,26.85,-81.65,45.2,2,48.4,6
2017-12-05,27.2,-82.3,44.8,1,13.99,2
2017-12-05,27.7,-81.75,7.0,1,11.19,1
2017-12-05,27.85,-81.8,24.0,1,7.08,2
2017-12-05,27.85,-81.7,16.8,1,3.93,1
2017-12-05,28.6,-81.55,9.3,1,13.57,3
2017-12-05,29.95,-85.4,42.8,2,22.47,5
2017-12-05,30.25,-82.25,58.4,4,13.04,2
2017-12-05,30.4,-84.15,49.9,2,28.78,1
2017-12-05,30.45,-83.1,12.4,1,4.3,1
2017-12-05,30.45,-82.3,32.9,2,10.25,1
2017-12-05,30.5,-83.1,9.9,1,6.27,1
2017-12-05,30.5,-82.4,9.2,1,3.51,1
2017-12-05,30.55,-82.4,13.2,1,14.969999999999999,3
2017-12-06,26.0,-80.45,6.7,1,6.04,3
2017-12-06,26.3,-81.25,12.7,1,2.32,1
2017-12-06,26.75,-81.55,21.9,1,13.32,2
2017-12-06,28.15,-81.05,16.1,1,16.1,2
2017-12-06,28.2,-82.0,24.5,1,28.24,1
2017-12-06,28.25,-82.05,83.6,1,5.46,1
2017-12-06,28.35,-82.5,15.2,1,15.07,1
2017-12-06,28.6,-81.55,20.2,1,11.030000000000001,3
2017-12-06,28.6,-81.35,8.8,1,5.7,1
2017-12-06,28.7,-82.05,33.9,2,24.62,4
2017-12-07,26.95,-80.5,72.4,1,5.35,1
2017-12-10,26.55,-80.95,102.19999999999999,2,10.52,2
2017-12-10,28.1,-81.5,12.8,1,7.59,2
2017-12-10,28.6,-81.55,21.0,1,13.78,1
2017-12-10,29.25,-82.45,4.9,1,4.41,1
2017-12-10,30.5,-86.9,37.8,1,12.6,2
2017-12-10,30.5,-86.85,31.7,1,25.900000000000002,5
2017-12-11,26.65,-81.3,4.2,1,5.21,1
2017-12-11,27.25,-82.45,9.1,1,3.84,1
2017-12-11,28.6,-81.55,11.8,2,8.04,3
2017-12-11,28.6,-81.35,8.2,1,3.15,1
2017-12-11,29.3,-82.25,9.0,1,4.99,1
2017-12-11,29.95,-85.45,39.1,3,16.63,3
2017-12-11,29.95,-85.4,48.7,2,28.32,4
2017-12-11,30.1,-82.7,6.0,1,2.7,1
2017-12-11,30.7,-86.9,63.6,2,84.24000000000001,4
2017-12-12,28.15,-81.6,101.30000000000001,2,56.8,2
2017-12-12,28.35,-82.15,11.5,1,11.73,3
2017-12-12,28.75,-82.45,127.3,2,2.76,1
2017-12-12,29.95,-85.4,198.1,5,35.39,4
2017-12-12,30.2,-85.15,55.8,2,18.98,3
2017-12-12,30.3,-84.9,83.8,2,27.56,4
2017-12-12,30.3,-84.85,145.8,2,37.89,5
2017-12-12,30.6,-86.9,19.9,1,36.59,8
2017-12-12,30.65,-86.05,17.6,1,42.14,4
2017-12-12,30.65,-84.75,17.6,1,6.25,1
2017-12-12,30.7,-86.9,202.60000000000002,4,81.05,6
2017-12-12,30.7,-86.85,43.8,1,151.07,12
2017-12-13,26.75,-81.55,6.2,1,3.45,1
2017-12-13,27.6,-81.5,5.9,1,1.35,1
2017-12-13,27.6,-80.85,33.2,2,15.52,4
2017-12-13,27.7,-81.35,31.6,1,55.64,6
2017-12-13,28.1,-81.3,13.7,1,12.49,2
2017-12-13,28.1,-81.25,10.7,1,22.48,3
2017-12-13,28.6,-82.35,12.0,1,19.509999999999998,2
2017-12-13,28.6,-81.55,38.6,2,19.990000000000002,5
2017-12-13,29.7,-81.85,54.0,2,21.47,4
2017-12-13,30.0,-85.45,10.3,1,11.67,1
2017-12-13,30.2,-84.3,66.7,1,146.55,8
2017-12-13,30.25,-82.25,11.7,1,7.26,2
2017-12-13,30.4,-85.25,48.0,2,243.98000000000002,9
2017-12-13,30.45,-85.65,43.8,2,6.08,1
2017-12-13,30.45,-82.9,19.0,1,12.14,3
2017-12-13,30.55,-85.45,259.4,2,69.36,11
2017-12-13,30.6,-85.25,41.5,2,40.739999999999995,5
2017-12-13,30.6,-83.85,16.9,1,4.58,1
2017-12-13,30.6,-83.8,14.2,1,10.11,2
2017-12-13,30.6,-83.5,95.19999999999999,2,42.05,5
2017-12-13,30.65,-86.9,46.4,3,44.41,5
2017-12-13,30.65,-84.65,79.1,2,104.7,9
2017-12-13,30.75,-85.45,11.5,1,32.94,4
2017-12-13,30.9,-86.9,30.5,3,29.27,6
2017-12-13,30.9,-85.85,14.700000000000001,2,10.19,2
2017-12-13,30.95,-87.05,13.1,2,148.47,7
2017-12-14,26.4,-80.8,10.2,1,32.44,2
2017-12-14,26.9,-82.3,123.4,3,64.53999999999999,7
2017-12-14,26.95,-82.3,63.300000000000004,2,92.2,6
2017-12-14,27.6,-82.1,268.2,2,31.4,4
2017-12-14,27.65,-80.7,18.0,1,68.4,3
2017-12-14,28.1,-81.25,182.70000000000002,2,16.380000000000003,2
2017-12-14,28.15,-81.75,26.6,1,3.67,2
2017-12-14,28.2,-82.35,9.9,1,7.08,1
2017-12-14,28.35,-82.5,18.5,1,3.18,1
2017-12-14,30.25,-85.0,41.3,1,33.96,4
2017-12-15,26.85,-81.95,50.4,2,16.939999999999998,2
2017-12-15,27.25,-81.8,64.1,3,41.65,3
2017-12-15,27.55,-81.3,38.3,1,28.64,7
2017-12-15,27.95,-81.05,12.2,1,3.26,1
2017-12-15,28.6,-81.55,11.8,1,8.18,1
2017-12-15,28.7,-82.05,26.0,1,14.98,1
2017-12-15,29.5,-82.8,30.7,1,12.72,1
2017-12-16,26.65,-81.0,50.0,1,9.18,2
2017-12-16,26.9,-81.7,294.6,5,57.43,10
2017-12-16,27.55,-81.8,13.3,1,1.94,1
2017-12-16,28.7,-82.05,5.1,1,12.870000000000001,6
2017-12-16,30.0,-83.2,7.3,1,12.21,3
2017-12-16,30.1,-82.9,4.3,1,2.67,1
2017-12-16,30.35,-84.9,7.0,1,18.88,3
2017-12-16,30.5,-84.7,14.6,1,39.27,1
2017-12-16,30.55,-85.35,17.9,2,161.72,12
2017-12-16,30.55,-83.5,12.0,1,6.92,2
2017-12-17,26.0,-80.45,5.5,1,9.22,3
2017-12-17,27.35,-80.75,30.2,2,27.16,4
2017-12-17,28.15,-81.45,34.1,3,11.52,1
2017-12-17,28.6,-81.55,14.7,1,8.44,2
2017-12-18,26.5,-81.55,25.5,1,4.26,1
2017-12-18,28.6,-81.55,6.8,1,11.440000000000001,3
2017-12-19,26.6,-81.0,28.4,1,4.06,1
2017-12-19,28.6,-81.55,14.7,1,13.18,4
2017-12-20,26.8,-81.95,73.3,1,65.9,2
2017-12-20,27.55,-81.3,4.7,1,66.75999999999999,6
2017-12-20,27.55,-80.8,374.8,3,108.8,3
2017-12-20,27.6,-82.1,28.9,2,108.04,11
2017-12-20,28.05,-81.65,9.1,1,18.36,2
2017-12-20,28.1,-81.05,53.0,1,31.939999999999998,5
2017-12-20,28.5,-82.05,7.0,1,41.25,3
2017-12-20,28.7,-82.05,25.4,2,21.729999999999997,2
2017-12-21,28.55,-82.3,62.4,2,19.63,3
2017-12-21,30.1,-82.85,13.4,1,14.42,2
2017-12-22,30.1,-82.85,16.3,1,24.73,6
2017-12-26,26.75,-81.2,7.5,1,12.36,4
2017-12-26,29.15,-82.3,19.200000000000003,2,13.52,1
2017-12-26,29.55,-82.6,24.200000000000003,2,14.129999999999999,2
2017-12-26,30.0,-81.95,13.1,1,5.51,1
2017-12-26,30.1,-82.9,23.200000000000003,2,44.980000000000004,4
2017-12-26,30.1,-82.85,15.700000000000001,2,14.540000000000001,2
2017-12-26,30.1,-81.4,15.6,1,11.55,1
2017-12-26,30.15,-83.05,5.6,1,2.06,1
2017-12-26,30.2,-85.1,8.4,1,10.83,2
2017-12-26,30.25,-82.8,4.4,1,16.5,3
2017-12-26,30.5,-83.2,4.8,1,4.85,1
2017-12-26,30.55,-84.1,45.6,1,32.94,3
2017-12-26,30.7,-87.1,56.5,1,21.32,4
2017-12-26,30.8,-85.5,11.5,1,42.51,3
2017-12-26,30.9,-85.9,9.6,1,21.009999999999998,4
2017-12-27,26.55,-81.2,5.3,1,1.34,1
2017-12-27,27.85,-81.75,22.4,1,10.17,2
2017-12-27,28.8,-82.05,32.2,2,8.27,1
2017-12-27,28.8,-81.05,18.700000000000003,2,11.45,3
2017-12-28,26.5,-81.55,9.2,1,4.92,1
2017-12-28,26.6,-81.25,7.0,1,9.47,1
2017-12-28,27.15,-81.85,107.7,2,3.01,1
2017-12-28,27.35,-82.3,17.6,1,34.39,4
2017-12-29,26.55,-81.25,20.0,1,14.03,2
2017-12-29,27.0,-82.3,51.6,1,11.18,2
2017-12-30,27.1,-81.2,10.4,1,4.68,1
2017-12-30,30.5,-83.45,11.7,1,22.46,3
2017-12-31,26.55,-81.25,8.0,1,11.219999999999999,2
2018-01-02,29.95,-84.55,20.0,1,12.42,1
2018-01-02,30.8,-86.85,57.099999999999994,2,110.29,5
2018-01-03,30.5,-84.4,17.2,1,6.28,2
2018-01-03,30.8,-87.0,75.2,1,22.25,2
2018-01-04,26.85,-81.9,8.0,1,66.14,3
2018-01-04,27.65,-82.35,7.0,1,6.76,2
2018-01-04,28.35,-82.0,29.4,2,37.14,3
2018-01-04,28.7,-82.05,11.6,1,16.64,3
2018-01-04,30.5,-85.85,66.4,2,84.64,4
2018-01-04,30.7,-86.8,118.2,2,46.22,4
2018-01-04,30.75,-86.8,326.4,3,6.82,1
2018-01-04,30.75,-86.75,237.4,2,6.7,1
2018-01-04,30.8,-86.9,21.6,1,8.7,2
2018-01-05,27.0,-81.75,7.4,1,5.57,1
2018-01-05,27.65,-82.35,25.9,2,3.3,1
2018-01-05,27.7,-82.25,5.9,1,4.91,1
2018-01-05,30.55,-85.4,27.1,1,13.3,1
2018-01-05,30.75,-87.2,12.6,1,3.71,1
2018-01-05,30.75,-85.35,12.4,1,5.87,1
2018-01-05,30.8,-87.2,9.3,1,8.46,2
2018-01-05,30.9,-85.6,12.1,1,7.63,2
2018-01-06,26.1,-81.4,9.2,1,10.48,2
2018-01-06,26.6,-81.4,52.9,2,56.3,3
2018-01-06,28.7,-82.05,23.6,1,32.739999999999995,7
2018-01-06,28.8,-81.5,11.3,1,11.399999999999999,2
2018-01-06,30.9,-86.35,32.3,1,27.990000000000002,3
2018-01-07,26.0,-80.45,9.8,1,10.399999999999999,3
2018-01-07,26.55,-81.2,10.6,1,9.25,2
2018-01-07,26.6,-81.4,9.4,1,55.08,2
2018-01-07,26.85,-80.55,240.2,4,4.48,1
2018-01-07,27.65,-81.65,7.3,1,7.41,1
2018-01-07,29.85,-81.95,29.4,1,5.83,1
2018-01-07,30.15,-83.1,37.400000000000006,2,8.72,1
2018-01-07,30.6,-86.35,157.60000000000002,4,1116.32,23
2018-01-07,30.6,-86.3,536.0,5,110.19,5
2018-01-07,30.65,-86.35,21.2,1,453.52,6
2018-01-07,30.65,-86.3,13.7,1,314.5,8
2018-01-09,28.7,-82.05,38.0,2,12.54,2
2018-01-09,30.45,-83.95,13.9,2,25.18,5
2018-01-10,26.75,-81.95,8.0,1,5.05,1
2018-01-11,26.5,-80.65,10.8,1,9.39,1
2018-01-11,26.75,-81.95,7.0,1,8.21,1
2018-01-11,26.8,-80.6,28.4,2,6.42,1
2018-01-11,27.2,-82.05,4.8,1,3.43,1
2018-01-11,27.2,-81.15,9.0,1,10.68,2
2018-01-11,27.5,-81.35,66.8,2,191.0,2
2018-01-11,27.55,-81.35,10.9,1,118.02000000000001,5
2018-01-11,27.55,-81.3,13.2,1,47.05,5
2018-01-12,26.35,-80.8,50.8,2,47.949999999999996,7
2018-01-12,26.7,-80.4,7.9,1,8.6,2
2018-01-13,29.95,-82.6,9.6,1,10.88,2
2018-01-14,27.7,-81.5,35.4,2,45.95,5
2018-01-14,27.7,-81.35,26.8,1,6.2,2
2018-01-14,27.7,-81.3,224.2,4,153.08,19
2018-01-14,28.5,-81.15,162.7,4,18.880000000000003,4
2018-01-14,30.3,-84.7,41.5,2,37.95,7
2018-01-14,30.65,-86.3,500.9,5,571.43,39
2018-01-14,30.75,-85.1,29.8,2,3.26,1
2018-01-15,27.0,-81.65,109.0,2,5.39,1
2018-01-15,27.55,-80.95,10.0,1,53.92,5
2018-01-15,27.95,-81.2,254.1,6,123.68,15
2018-01-15,28.6,-82.4,14.6,1,4.9399999999999995,2
2018-01-15,28.7,-82.05,137.2,6,46.94,7
2018-01-15,29.7,-82.7,20.8,1,14.66,4
2018-01-15,29.9,-85.25,7.9,1,6.82,2
2018-01-15,30.25,-84.5,386.5,7,218.75,16
2018-01-15,30.45,-85.85,50.9,2,104.17,3
2018-01-15,30.5,-85.95,13.1,1,15.46,3
2018-01-16,26.25,-81.15,13.2,1,4.49,1
2018-01-16,26.65,-81.05,9.0,1,1.87,1
2018-01-16,26.85,-81.55,147.7,3,75.16,5
2018-01-16,27.55,-81.4,59.3,1,15.11,1
2018-01-16,27.6,-81.75,6.8,1,18.810000000000002,2
2018-01-16,27.65,-82.3,33.3,2,9.48,2
2018-01-16,27.65,-81.3,25.6,2,8.9,2
2018-01-16,27.65,-81.25,38.0,2,30.13,5
2018-01-16,27.75,-80.55,26.4,1,41.28,6
2018-01-16,27.9,-80.9,37.3,1,156.09,3
2018-01-16,27.95,-81.4,8.6,1,21.58,1
2018-01-16,28.4,-81.9,9.3,1,13.2,1
2018-01-16,28.45,-82.0,93.39999999999999,3,236.99,13
2018-01-16,28.7,-82.05,78.9,3,26.900000000000002,4
2018-01-16,29.25,-81.55,20.0,2,13.38,1
2018-01-16,29.3,-81.75,66.8,2,64.02,9
2018-01-16,29.35,-82.6,79.6,2,102.78,3
2018-01-16,29.5,-82.8,17.0,2,1.58,1
2018-01-16,29.75,-82.65,65.4,1,8.89,1
2018-01-16,29.75,-81.85,8.5,1,15.99,3
2018-01-16,30.15,-84.75,19.4,1,53.47,7
2018-01-16,30.2,-84.75,259.6,4,78.53,5
2018-01-16,30.3,-82.4,83.0,3,29.46,4
2018-01-16,30.35,-84.9,26.2,3,38.1,6
2018-01-16,30.35,-82.2,63.3,2,43.1,2
2018-01-16,30.45,-85.85,32.4,1,48.2,5
2018-01-16,30.5,-85.55,9.7,1,3.77,1
2018-01-16,30.5,-83.1,8.5,1,4.87,1
2018-01-16,30.55,-83.25,95.60000000000001,2,289.49,2
2018-01-17,27.25,-81.15,49.9,1,127.55999999999999,6
2018-01-17,27.5,-82.25,237.2,4,26.67,4
2018-01-17,27.5,-82.2,495.9,9,192.44,27
2018-01-17,28.05,-81.2,45.3,1,116.76,2
2018-01-17,28.05,-81.1,320.2,2,158.29,9
2018-01-17,28.1,-81.25,52.1,3,17.93,4
2018-01-17,28.2,-82.0,55.8,1,23.27,2
2018-01-17,28.8,-82.5,136.9,2,8.760000000000002,3
2018-01-17,28.9,-81.45,9.5,1,20.73,3
2018-01-17,28.95,-81.6,6.8,1,15.36,4
2018-01-17,29.0,-82.3,20.1,2,13.28,3
2018-01-17,29.4,-81.75,22.9,2,5.03,1
2018-01-17,30.45,-85.8,63.5,2,28.21,6
2018-01-17,30.65,-85.45,11.5,1,21.92,2
2018-01-18,26.85,-81.5,69.60000000000001,2,62.309999999999995,3
2018-01-18,27.05,-82.3,59.7,4,25.65,4
2018-01-18,27.35,-80.75,20.1,2,10.36,2
2018-01-18,27.4,-81.85,12.9,2,6.2,1
2018-01-18,27.5,-81.45,4.5,1,6.59,1
2018-01-18,27.6,-81.3,22.4,2,40.79,6
2018-01-18,27.8,-81.85,18.1,1,56.42,3
2018-01-18,27.85,-81.6,7.4,1,9.96,1
2018-01-18,28.05,-81.2,87.6,2,126.33000000000001,3
2018-01-18,28.5,-81.05,53.4,2,11.06,2
2018-01-18,28.7,-82.05,9.7,1,8.9,1
2018-01-18,28.95,-82.3,24.4,3,6.1899999999999995,2
2018-01-18,28.95,-81.85,5.7,1,10.98,2
2018-01-18,29.0,-82.4,10.8,2,12.58,4
2018-01-18,29.0,-81.6,22.7,1,100.38,14
2018-01-18,29.0,-81.35,4.9,1,2.75,1
2018-01-18,29.5,-82.8,14.100000000000001,2,7.73,1
2018-01-18,29.5,-81.8,9.7,1,42.86,2
2018-01-18,29.65,-83.5,52.8,2,19.88,3
2018-01-18,29.7,-83.5,327.9,4,10.7,2
2018-01-18,29.7,-81.85,26.0,2,54.7,2
2018-01-18,29.9,-84.7,11.3,1,30.939999999999998,4
2018-01-18,29.95,-84.7,7.7,1,43.65,3
2018-01-18,30.0,-85.3,15.1,1,27.75,3
2018-01-18,30.1,-82.25,7.4,1,3.91,1
2018-01-18,30.25,-84.3,13.8,2,36.25,5
2018-01-18,30.3,-85.8,15.3,1,12.1,2
2018-01-18,30.3,-82.75,38.4,3,17.13,3
2018-01-18,30.4,-84.45,52.7,2,15.75,3
2018-01-18,30.4,-84.4,144.8,5,149.86,17
2018-01-18,30.4,-82.45,15.9,1,36.03,6
2018-01-18,30.4,-82.4,28.3,1,149.76999999999998,20
2018-01-18,30.45,-86.0,55.7,2,18.7,4
2018-01-18,30.45,-85.95,137.2,2,7.48,1
2018-01-18,30.45,-85.8,158.3,3,84.21000000000001,3
2018-01-18,30.45,-82.65,8.7,1,7.58,1
2018-01-18,30.5,-87.45,38.5,2,3.76,1
2018-01-18,30.5,-82.75,6.9,1,11.32,1
2018-01-18,30.55,-83.85,6.8,1,22.34,2
2018-01-18,30.85,-86.8,159.39999999999998,4,61.29,8
2018-01-19,26.5,-81.55,13.4,2,5.24,1
2018-01-19,29.35,-82.9,9.3,2,54.870000000000005,3
2018-01-19,30.15,-85.05,147.89999999999998,2,62.11,6
2018-01-19,30.15,-85.0,327.2,5,45.839999999999996,8
2018-01-19,30.2,-84.3,226.0,5,235.8,11
2018-01-19,30.5,-85.25,100.0,2,31.700000000000003,4
2018-01-19,30.5,-82.6,459.5,3,36.39,5
2018-01-19,30.6,-86.1,107.30000000000001,2,109.07000000000001,6
2018-01-19,30.6,-83.55,8.1,1,2.92,1
2018-01-19,30.7,-85.2,9.9,1,2.15,1
2018-01-20,30.3,-85.2,12.3,1,3.47,1
2018-01-20,30.85,-86.2,74.19999999999999,4,7.1,1
2018-01-21,29.65,-83.15,16.1,1,7.4,2
2018-01-21,30.5,-85.95,45.3,1,68.56,5
2018-01-22,26.75,-81.75,93.9,2,42.12,4
2018-01-22,26.8,-81.9,70.7,2,5.73,1
2018-01-22,26.85,-81.65,24.8,1,129.21,7
2018-01-22,27.0,-81.55,47.8,1,339.52000000000004,7
2018-01-22,27.1,-80.45,36.7,1,8.16,1
2018-01-22,27.25,-80.35,32.8,2,60.370000000000005,2
2018-01-22,27.35,-80.75,125.4,4,20.29,3
2018-01-22,27.5,-81.3,80.6,2,87.03999999999999,2
2018-01-22,27.75,-81.85,108.7,2,12.99,1
2018-01-22,28.4,-81.85,16.7,1,20.76,1
2018-01-22,28.9,-81.35,130.6,3,20.32,2
2018-01-22,28.95,-81.35,25.0,1,10.16,1
2018-01-23,30.35,-85.7,4.7,1,5.94,2
2018-01-23,30.8,-84.95,11.1,1,4.07,1
2018-01-23,30.95,-85.65,7.2,1,42.84,1
2018-01-24,26.95,-81.75,25.2,1,14.42,2
2018-01-24,27.15,-81.4,39.099999999999994,2,48.25,4
2018-01-24,27.2,-81.75,169.3,2,18.32,3
2018-01-24,27.5,-82.15,8.0,1,32.36,4
2018-01-24,27.55,-82.3,16.9,1,1.54,1
2018-01-24,27.55,-80.6,18.5,1,7.49,2
2018-01-24,27.8,-81.15,63.099999999999994,2,4.77,1
2018-01-24,27.8,-81.1,93.0,2,77.94,6
2018-01-24,27.85,-81.0,11.9,1,8.36,2
2018-01-24,27.95,-81.1,200.9,4,130.46,8
2018-01-24,28.0,-80.95,216.70000000000002,2,85.92999999999999,6
2018-01-24,28.15,-81.75,15.3,1,34.56,3
2018-01-24,28.4,-81.95,46.599999999999994,2,2.88,1
2018-01-24,28.55,-82.3,42.9,3,36.66,4
2018-01-24,28.6,-81.55,18.6,2,10.959999999999999,3
2018-01-24,29.4,-81.75,21.4,2,13.08,2
2018-01-25,26.0,-81.75,43.6,1,138.53,7
2018-01-25,26.15,-81.4,21.4,1,124.75999999999999,7
2018-01-25,26.2,-81.4,12.6,1,71.32,5
2018-01-25,26.3,-80.9,6.9,1,10.26,3
2018-01-25,27.0,-81.55,26.700000000000003,2,568.34,11
2018-01-25,27.2,-81.45,82.1,3,16.35,2
2018-01-25,28.8,-81.6,11.4,2,7.21,2
2018-01-25,29.0,-81.4,73.3,3,7.47,1
2018-01-25,29.5,-81.8,11.8,2,7.84,2
2018-01-25,29.65,-81.75,62.8,3,3.78,1
2018-01-25,29.8,-82.9,4.2,1,31.5,3
2018-01-25,29.85,-83.35,147.2,4,34.17,5
2018-01-25,29.95,-82.8,22.900000000000002,2,33.47,3
2018-01-25,30.0,-85.3,6.4,1,28.53,6
2018-01-25,30.0,-84.7,4.5,1,2.22,1
2018-01-25,30.05,-83.15,7.7,1,6.78,1
2018-01-25,30.1,-84.7,72.6,2,41.36,4
2018-01-25,30.1,-84.15,358.8,3,110.18,13
2018-01-25,30.1,-84.1,86.19999999999999,2,126.11,16
2018-01-25,30.15,-84.75,22.0,1,332.26,12
2018-01-25,30.15,-84.7,42.5,2,395.02,16
2018-01-25,30.25,-85.15,43.5,1,13.53,3
2018-01-25,30.25,-84.25,12.7,1,13.92,3
2018-01-25,30.3,-86.1,13.4,1,9.9,1
2018-01-25,30.3,-86.05,3.5,1,26.48,3
2018-01-25,30.4,-83.1,11.4,1,3.68,1
2018-01-25,30.4,-82.7,7.2,1,11.55,2
2018-01-25,30.45,-85.95,69.7,3,46.51,6
2018-01-25,30.45,-83.1,70.3,2,164.62,12
2018-01-25,30.45,-82.7,4.4,1,23.75,4
2018-01-25,30.45,-82.3,22.4,2,48.28,4
2018-01-25,30.5,-85.55,11.5,1,4.2,2
2018-01-25,30.5,-85.1,8.0,1,10.2,2
2018-01-25,30.5,-82.8,10.8,2,9.72,2
2018-01-25,30.55,-87.45,29.9,1,14.49,3
2018-01-25,30.55,-84.45,27.4,2,16.24,4
2018-01-25,30.65,-84.8,71.9,2,29.14,4
2018-01-25,30.75,-87.55,107.5,4,3.77,1
2018-01-25,30.8,-87.2,6.2,1,8.01,2
2018-01-25,30.8,-86.7,108.0,1,58.95,5
2018-01-25,30.85,-85.65,19.2,2,24.759999999999998,3
2018-01-25,30.95,-86.9,418.3,8,130.97,11
2018-01-26,30.15,-84.55,27.3,1,9.18,1
2018-01-26,30.15,-84.5,8.1,1,169.11,13
2018-01-26,30.2,-84.55,25.200000000000003,2,88.01,14
2018-01-26,30.8,-85.65,45.8,2,46.07,5
2018-01-26,30.85,-85.15,16.2,1,3.66,1
2018-01-30,29.95,-84.6,17.0,1,3.6,1
2018-01-30,30.05,-82.95,10.1,1,1.47,1
2018-01-30,30.3,-84.4,70.19999999999999,3,58.87,8
2018-01-30,30.4,-87.4,24.8,2,4.45,1
2018-01-30,30.45,-86.85,17.6,1,25.270000000000003,5
2018-01-30,30.5,-86.85,18.1,1,9.059999999999999,2
2018-01-30,30.75,-86.9,18.1,2,4.37,1
2018-01-31,25.95,-81.4,136.1,3,20.81,3
2018-01-31,26.25,-81.15,10.7,1,3.96,1
2018-01-31,26.5,-81.55,54.9,2,10.02,2
2018-01-31,26.6,-81.55,55.0,3,18.0,3
2018-01-31,26.8,-82.0,40.4,2,11.86,2
2018-01-31,26.85,-81.55,121.1,5,25.35,3
2018-01-31,26.9,-80.45,88.0,1,11.6,1
2018-01-31,27.05,-81.2,72.9,3,14.66,2
2018-01-31,27.1,-81.65,16.1,1,6.59,1
2018-01-31,27.55,-82.15,225.1,4,19.06,2
2018-01-31,27.75,-82.15,15.4,1,24.52,2
2018-01-31,27.75,-82.1,18.8,1,107.64,9
2018-01-31,27.8,-81.2,10.9,1,115.92,3
2018-01-31,27.85,-81.15,13.5,1,529.11,5
2018-01-31,28.0,-80.95,135.9,2,29.049999999999997,2
2018-01-31,28.1,-81.2,16.4,1,82.43,8
2018-01-31,28.2,-80.85,1013.0,8,436.97,8
2018-01-31,28.4,-81.75,34.0,1,27.48,6
2018-01-31,28.55,-81.05,17.8,1,16.75,4
2018-01-31,28.6,-82.25,23.9,2,75.24,5
2018-01-31,28.6,-81.55,26.2,2,12.49,3
2018-01-31,28.7,-82.05,150.9,5,86.61,8
2018-01-31,28.8,-82.45,64.8,1,22.64,2
2018-01-31,28.8,-82.4,188.9,4,101.50999999999999,4
2018-01-31,29.0,-82.4,24.8,1,16.650000000000002,5
2018-01-31,29.35,-83.15,77.4,2,60.45,4
2018-01-31,29.4,-82.65,31.1,2,19.439999999999998,4
2018-01-31,29.4,-81.75,61.5,3,20.93,5
2018-01-31,29.75,-82.75,40.2,1,15.030000000000001,4
2018-01-31,29.9,-85.05,119.1,1,263.04,5
2018-01-31,29.95,-85.0,72.6,4,6.88,1
2018-01-31,30.45,-83.2,86.3,3,48.5,4
2018-01-31,30.5,-86.05,11.2,1,13.940000000000001,3
2018-01-31,30.65,-84.8,23.0,1,48.44,3
2018-01-31,30.75,-87.2,15.7,1,9.04,1
2018-01-31,30.8,-86.75,288.0,4,4.88,1
2018-01-31,30.8,-86.7,47.9,2,2.85,1
2018-01-31,30.85,-86.85,25.299999999999997,2,47.96,4
2018-01-31,30.85,-86.75,45.7,2,106.47999999999999,10
2018-02-01,26.2,-80.95,103.1,4,34.150000000000006,5
2018-02-01,26.5,-81.55,12.2,1,11.17,1
2018-02-01,26.5,-81.1,24.0,1,17.5,4
2018-02-01,26.6,-81.55,35.7,2,57.449999999999996,6
2018-02-01,26.7,-81.35,165.8,1,153.17000000000002,4
2018-02-01,26.85,-81.85,121.8,1,94.0,4
2018-02-01,27.0,-81.15,13.1,1,6.09,1
2018-02-01,27.2,-81.45,167.0,2,74.89,3
2018-02-01,27.5,-82.3,28.7,1,14.8,2
2018-02-01,27.5,-80.9,94.2,2,5.78,1
2018-02-01,28.05,-80.75,66.9,1,52.38,3
2018-02-01,28.25,-80.8,49.8,2,28.69,2
2018-02-02,26.45,-81.6,7.8,1,5.36,2
2018-02-02,26.6,-81.5,199.29999999999998,3,168.32,5
2018-02-02,26.65,-81.55,19.1,1,4.6899999999999995,2
2018-02-02,26.7,-81.4,50.7,2,89.16,5
2018-02-02,26.9,-81.9,144.4,2,31.88,1
2018-02-02,26.9,-81.85,48.8,2,88.69,5
2018-02-02,26.95,-81.85,9.0,1,7.06,2
2018-02-02,27.0,-81.75,16.8,2,49.769999999999996,3
2018-02-02,27.05,-82.3,62.7,1,5.1,1
2018-02-02,27.45,-82.2,7.7,1,102.89999999999999,4
2018-02-02,27.6,-82.4,79.7,1,12.629999999999999,3
2018-02-02,27.6,-81.25,42.4,1,26.92,6
2018-02-02,30.05,-83.55,8.3,1,2.01,1
2018-02-02,30.1,-81.95,50.6,3,56.77,4
2018-02-02,30.25,-82.6,135.3,1,3.55,1
2018-02-02,30.25,-82.55,208.8,1,4.84,2
2018-02-02,30.3,-82.6,250.0,2,21.15,7
2018-02-02,30.3,-82.55,112.7,2,21.56,4
2018-02-03,29.95,-85.5,8.3,1,1.31,1
2018-02-03,30.1,-82.8,9.7,2,10.66,2
2018-02-03,30.2,-82.8,6.9,1,5.34,2
2018-02-03,30.25,-83.85,26.099999999999998,2,10.73,2
2018-02-03,30.35,-83.4,11.3,1,14.84,3
2018-02-03,30.4,-82.4,50.6,1,16.830000000000002,3
2018-02-04,26.55,-80.75,12.0,1,45.42,3
2018-02-04,27.5,-81.2,72.6,3,276.65999999999997,12
2018-02-05,29.8,-83.4,14.5,1,1.7,1
2018-02-05,29.95,-85.45,11.2,1,5.05,1
2018-02-06,26.15,-81.5,127.2,1,563.31,8
2018-02-06,26.15,-81.25,26.1,1,66.97,2
2018-02-06,26.3,-81.35,5.8,1,4.98,1
2018-02-06,26.55,-80.75,28.4,1,13.0,1
2018-02-06,26.85,-81.85,81.8,2,59.56,4
2018-02-06,26.85,-81.55,368.7,3,9.17,2
2018-02-06,26.95,-80.45,123.69999999999999,2,23.47,1
2018-02-06,27.15,-81.4,47.3,2,6.14,1
2018-02-06,27.2,-81.45,189.8,3,10.01,2
2018-02-06,27.6,-82.25,34.1,1,7.97,1
2018-02-06,27.6,-81.6,20.4,1,74.39,4
2018-02-06,28.35,-81.15,172.2,2,5.39,1
2018-02-06,28.4,-81.95,35.6,1,29.369999999999997,4
2018-02-06,28.4,-81.15,12.8,1,33.17,5
2018-02-06,28.7,-82.05,14.8,1,24.23,3
2018-02-06,28.8,-81.0,17.8,1,4.42,1
2018-02-06,30.2,-85.05,56.900000000000006,2,45.769999999999996,7
2018-02-06,30.5,-85.25,9.6,1,3.43,1
2018-02-06,30.5,-84.65,9.5,1,4.86,1
2018-02-07,28.35,-81.15,86.2,3,53.83,5
2018-02-07,29.05,-81.9,21.2,1,3.74,1
2018-02-07,29.25,-82.65,273.4,6,166.82,28
2018-02-08,26.2,-81.3,75.6,2,1160.41,33
2018-02-08,27.15,-82.05,13.8,1,2.57,1
2018-02-08,27.5,-82.05,12.0,1,3.06,1
2018-02-08,27.5,-82.0,8.3,1,15.32,2
2018-02-09,27.9,-80.8,50.8,2,58.800000000000004,11
2018-02-09,28.05,-80.8,145.89999999999998,3,6.28,1
2018-02-10,27.65,-81.65,38.7,3,55.6,8
2018-02-11,26.0,-80.45,7.4,1,11.219999999999999,7
2018-02-12,26.15,-81.5,261.6,2,229.87,2
2018-02-12,26.15,-81.45,43.3,2,100.01,1
2018-02-12,26.25,-81.4,16.9,1,8.76,2
2018-02-12,26.3,-81.35,13.2,1,6.84,1
2018-02-12,26.55,-81.6,19.9,2,12.93,2
2018-02-12,26.7,-81.45,6.7,1,6.18,1
2018-02-12,27.0,-81.7,5.6,1,4.22,1
2018-02-12,27.0,-80.65,10.8,1,55.08,5
2018-02-12,27.25,-80.45,6.3,1,7.22,1
2018-02-12,27.3,-81.2,194.7,4,212.73,7
2018-02-12,27.55,-80.6,10.2,1,24.54,2
2018-02-12,27.65,-81.9,7.4,1,28.11,3
2018-02-12,27.75,-81.85,7.0,1,9.67,1
2018-02-13,26.15,-81.5,5.6,1,96.44,10
2018-02-13,26.45,-81.5,11.7,1,6.05,1
2018-02-13,26.65,-81.55,11.2,1,8.96,1
2018-02-14,25.4,-80.5,23.8,2,7.699999999999999,2
2018-02-14,26.55,-81.05,20.1,1,34.68,2
2018-02-14,27.1,-81.3,11.3,1,6.23,1
2018-02-14,27.15,-81.45,8.8,1,12.950000000000001,2
2018-02-14,27.5,-82.05,10.6,1,7.43,1
2018-02-14,27.5,-82.0,16.2,1,5.36,1
2018-02-14,27.55,-82.2,7.2,1,6.88,1
2018-02-14,27.6,-81.3,23.3,1,57.31,6
2018-02-14,27.65,-81.85,56.3,2,21.28,3
2018-02-14,27.75,-81.0,15.6,1,7.7,1
2018-02-15,26.65,-81.55,85.7,2,8.85,2
2018-02-15,27.25,-80.95,7.6,1,48.349999999999994,4
2018-02-15,27.45,-81.85,24.700000000000003,2,7.98,2
2018-02-15,27.9,-81.15,21.799999999999997,2,142.76,8
2018-02-15,28.3,-81.8,41.7,2,11.620000000000001,2
2018-02-15,28.3,-81.3,6.6,1,2.45,1
2018-02-15,28.6,-81.35,9.1,1,5.98,2
2018-02-15,29.0,-81.55,358.2,2,89.33,10
2018-02-15,29.8,-82.4,10.0,1,2.79,1
2018-02-15,29.9,-84.95,14.3,1,5.02,1
2018-02-15,29.9,-84.9,41.1,2,36.129999999999995,6
2018-02-16,27.05,-81.35,31.8,1,6.82,1
2018-02-16,27.05,-81.3,66.1,2,10.23,2
2018-02-16,27.15,-80.45,76.8,1,5.25,1
2018-02-16,27.55,-81.35,327.6,4,24.31,1
2018-02-16,27.65,-81.0,44.8,1,18.04,1
2018-02-16,27.95,-81.1,468.29999999999995,4,20.5,1
2018-02-16,28.05,-80.95,325.3,5,12.88,3
2018-02-16,28.2,-82.15,19.7,1,16.43,3
2018-02-16,28.25,-81.65,18.2,1,2.66,1
2018-02-16,28.6,-82.35,33.0,1,18.84,4
2018-02-16,28.75,-82.45,717.6,8,127.13000000000001,9
2018-02-16,28.95,-82.4,96.4,3,3.67,1
2018-02-16,29.05,-82.55,11.5,1,5.08,1
2018-02-16,29.95,-82.05,49.7,2,13.99,2
2018-02-16,30.15,-84.65,15.6,1,9.48,2
2018-02-16,30.2,-84.7,61.7,2,93.67999999999999,3
2018-02-16,30.2,-84.65,13.1,1,28.61,2
2018-02-16,30.25,-82.65,76.2,1,55.33,10
2018-02-16,30.25,-82.6,141.5,3,91.42,23
2018-02-16,30.5,-87.45,7.4,1,3.91,1
2018-02-17,26.75,-80.45,113.6,3,57.199999999999996,2
2018-02-17,27.4,-80.55,37.2,2,63.14,9
2018-02-17,27.6,-81.8,13.2,1,14.02,2
2018-02-17,27.6,-81.7,96.6,1,40.82,1
2018-02-17,29.7,-83.05,4.9,1,6.21,1
2018-02-17,30.1,-84.65,35.3,2,79.55,15
2018-02-17,30.1,-82.9,225.20000000000002,2,77.98,2
2018-02-17,30.1,-81.95,11.0,1,7.88,2
2018-02-17,30.6,-86.5,22.4,1,5.82,1
2018-02-18,26.55,-81.35,37.4,1,4.57,1
2018-02-18,27.2,-81.25,21.1,1,5.3100000000000005,2
2018-02-18,27.25,-81.2,76.2,2,3.46,1
2018-02-18,27.55,-81.35,28.9,2,45.24,4
2018-02-18,30.1,-84.55,20.0,1,236.32999999999998,9
2018-02-18,30.5,-86.9,144.4,1,59.74,6
2018-02-19,26.0,-80.45,7.1,1,9.63,2
2018-02-19,27.3,-81.65,21.700000000000003,2,6.09,1
2018-02-19,27.35,-81.65,20.6,3,6.62,2
2018-02-19,27.5,-81.35,216.5,2,21.39,2
2018-02-19,27.55,-81.35,99.2,1,1.42,2
2018-02-19,28.8,-81.55,17.6,1,10.52,2
2018-02-19,29.2,-81.55,10.0,1,40.550000000000004,3
2018-02-19,29.3,-83.05,7.7,1,13.2,2
2018-02-19,29.6,-83.05,60.2,1,91.26,2
2018-02-19,29.7,-85.1,91.9,2,4.47,1
2018-02-19,29.75,-85.1,145.0,2,22.57,3
2018-02-19,29.75,-82.15,23.700000000000003,2,19.58,1
2018-02-19,30.1,-81.6,15.1,1,8.53,1
2018-02-19,30.2,-85.0,11.6,1,18.24,2
2018-02-19,30.25,-84.95,718.3,7,46.35,10
2018-02-19,30.25,-83.65,13.3,1,8.36,1
2018-02-19,30.35,-82.25,12.7,1,24.47,2
2018-02-19,30.4,-82.3,98.1,3,383.89,24
2018-02-19,30.5,-85.1,12.4,1,37.93,3
2018-02-19,30.55,-84.5,8.8,1,5.38,2
2018-02-19,30.85,-86.95,89.7,2,22.4,3
2018-02-20,27.2,-81.45,6.4,1,8.36,2
2018-02-20,28.45,-81.2,15.4,2,22.14,3
2018-02-20,28.45,-80.9,68.7,1,51.17,2
2018-02-20,29.2,-82.45,7.4,1,25.53,1
2018-02-20,29.25,-82.7,5.2,1,6.78,3
2018-02-20,29.85,-83.3,22.3,2,31.35,5
2018-02-20,30.35,-86.1,111.1,2,33.58,5
2018-02-20,30.35,-82.9,13.4,3,10.35,1
2018-02-21,27.25,-81.45,10.5,1,55.97,5
2018-02-21,27.75,-80.6,18.6,1,7.32,1
2018-02-21,27.85,-81.2,20.6,1,234.47,7
2018-02-21,28.45,-81.2,28.6,2,10.01,1
2018-02-21,28.55,-81.0,75.9,2,4.8,1
2018-02-21,28.6,-81.0,36.900000000000006,2,24.62,2
2018-02-21,28.8,-82.4,151.8,4,13.47,3
2018-02-21,28.95,-82.25,19.5,2,2.97,1
2018-02-21,29.4,-82.7,23.7,1,20.79,3
2018-02-21,30.0,-84.8,74.1,2,51.92,5
2018-02-21,30.05,-84.85,614.2,4,23.32,3
2018-02-21,30.05,-84.8,105.0,2,27.61,4
2018-02-21,30.05,-82.9,24.8,1,11.9,2
2018-02-21,30.45,-81.55,25.2,2,27.189999999999998,5
2018-02-21,30.45,-81.5,25.1,2,48.52,2
2018-02-21,30.5,-85.25,51.7,3,9.62,2
2018-02-21,30.5,-82.85,11.9,1,7.7,1
2018-02-21,30.55,-81.75,17.4,2,36.34,5
2018-02-22,26.0,-81.55,29.0,1,43.36,7
2018-02-22,28.55,-80.95,1300.4,4,401.98,10
2018-02-22,28.9,-82.7,37.3,1,34.61,5
2018-02-22,29.85,-84.9,130.6,3,565.09,20
2018-02-22,29.85,-81.95,139.8,1,846.22,18
2018-02-22,30.1,-84.35,34.5,2,11.46,1
2018-02-22,30.7,-87.25,47.3,2,11.0,2
2018-02-23,26.0,-81.55,47.0,2,22.64,4
2018-02-23,26.4,-81.25,9.8,1,5.72,1
2018-02-23,26.85,-81.6,12.5,1,50.16,4
2018-02-23,27.2,-82.3,26.9,1,177.95,6
2018-02-23,27.65,-81.95,19.5,1,15.82,3
2018-02-23,27.65,-81.9,26.8,1,19.54,4
2018-02-23,27.65,-80.55,21.0,1,31.54,3
2018-02-23,27.8,-80.95,36.5,2,17.21,3
2018-02-23,28.2,-81.35,14.5,1,26.919999999999998,3
2018-02-23,28.7,-81.1,9.5,1,25.56,1
2018-02-23,29.55,-82.55,15.3,1,61.94,4
2018-02-23,29.95,-81.65,13.1,1,6.43,2
2018-02-23,30.0,-82.4,18.5,1,13.07,2
2018-02-23,30.15,-84.3,10.7,1,19.63,3
2018-02-23,30.2,-84.65,83.5,3,272.01,19
2018-02-23,30.2,-84.6,326.7,3,809.16,33
2018-02-23,30.55,-83.3,123.1,3,26.07,5
2018-02-23,30.6,-84.75,29.4,1,13.68,2
2018-02-23,30.6,-84.65,13.8,1,3.49,1
2018-02-23,30.8,-86.3,14.2,2,17.56,4
2018-02-23,30.8,-85.65,51.1,1,3.85,1
2018-02-23,30.85,-86.9,22.5,2,39.17,6
2018-02-23,30.95,-87.0,153.0,3,4.12,2
2018-02-23,30.95,-86.95,64.5,2,19.76,2
2018-02-23,30.95,-86.75,12.0,2,6.02,2
2018-02-24,26.0,-80.45,7.5,1,12.92,2
2018-02-24,29.85,-85.1,26.7,2,8.59,1
2018-02-24,30.0,-82.6,30.7,1,35.42,2
2018-02-24,30.15,-84.05,43.2,2,127.71,16
2018-02-24,30.2,-84.05,47.7,2,156.75,11
2018-02-24,30.35,-84.8,38.2,2,7.82,2
2018-02-24,30.35,-83.9,14.6,1,16.44,1
2018-02-24,30.8,-86.2,9.0,1,10.440000000000001,2
2018-02-24,30.9,-86.25,42.5,2,32.47,5
2018-02-24,30.9,-85.15,6.0,1,3.41,1
2018-02-25,25.9,-81.45,114.2,2,113.25,14
2018-02-25,26.0,-80.45,6.0,1,5.62,3
2018-02-25,27.1,-80.45,61.1,2,38.24,6
2018-02-25,30.6,-85.05,12.2,1,6.63,1
2018-02-25,30.7,-85.2,7.3,1,2.52,1
2018-02-26,26.65,-81.2,13.3,1,3.42,1
2018-02-26,27.05,-81.3,56.6,2,101.87,10
2018-02-26,27.2,-82.4,30.2,2,43.07,4
2018-02-26,27.3,-81.2,21.0,1,214.59,4
2018-02-26,27.6,-80.85,44.1,2,80.12,8
2018-02-26,27.65,-80.6,67.0,3,13.65,3
2018-02-26,27.7,-81.15,1368.1,4,104.56,11
2018-02-26,27.75,-80.95,14.0,1,28.7,4
2018-02-26,28.05,-81.25,81.5,3,6.61,1
2018-02-26,28.35,-81.45,11.7,1,75.65,2
2018-02-26,29.5,-81.65,10.2,1,9.02,2
2018-02-27,27.05,-81.75,10.6,1,3.45,1
2018-02-27,27.85,-80.55,16.1,1,13.71,2
2018-02-27,28.5,-80.95,114.3,1,68.09,6
2018-02-27,28.8,-81.55,7.0,1,7.54,1
2018-02-27,30.0,-85.45,15.8,2,15.780000000000001,3
2018-02-27,30.2,-85.25,18.4,1,9.84,1
2018-02-27,30.9,-85.9,5.3,1,6.65,1
2018-02-27,30.95,-86.25,71.6,2,27.5,2
2018-02-28,26.65,-81.5,11.0,1,7.26,1
2018-02-28,27.25,-80.6,5.7,1,4.79,1
2018-02-28,27.6,-80.85,22.5,1,17.25,3
2018-02-28,27.6,-80.8,6.3,1,9.58,1
2018-02-28,27.65,-80.6,54.6,1,280.58000000000004,5
2018-02-28,29.2,-82.25,9.7,1,8.7,2
2018-02-28,29.35,-82.8,24.1,2,6.06,1
2018-02-28,29.4,-82.7,128.2,3,91.37,6
2018-02-28,29.65,-83.45,97.2,2,73.54,2
2018-02-28,30.0,-85.45,21.4,1,14.81,3
2018-02-28,30.05,-82.75,152.0,2,190.03,8
2018-02-28,30.1,-85.1,42.2,1,69.59,11
2018-02-28,30.7,-86.9,126.9,2,21.65,4
2018-02-28,30.7,-86.85,102.10000000000001,2,15.77,2
2018-02-28,30.75,-86.9,157.70000000000002,3,84.17,9
2018-02-28,30.75,-86.85,37.1,1,16.6,3
2018-03-01,25.9,-81.0,76.7,1,6.04,1
2018-03-01,25.95,-81.0,56.9,1,31.54,6
2018-03-01,26.3,-81.0,101.5,2,4.1,1
2018-03-01,26.4,-81.35,9.1,1,31.950000000000003,3
2018-03-01,26.65,-81.5,7.0,1,5.98,2
2018-03-01,26.7,-81.5,9.7,1,4.05,1
2018-03-01,26.95,-81.6,13.3,2,28.33,3
2018-03-01,27.3,-80.3,15.2,1,88.66,5
2018-03-01,27.65,-81.25,15.3,2,12.93,3
2018-03-01,30.25,-83.25,9.5,1,5.06,1
2018-03-02,25.9,-81.05,47.3,2,36.47,5
2018-03-02,26.0,-81.55,62.300000000000004,2,76.11,3
2018-03-02,26.55,-80.75,19.2,1,9.2,1
2018-03-02,26.9,-81.9,67.3,1,18.490000000000002,5
2018-03-02,27.0,-80.15,10.3,1,8.05,1
2018-03-02,27.05,-81.0,109.5,2,41.45,5
2018-03-02,27.05,-80.95,537.3,4,239.76,12
2018-03-02,27.1,-80.95,83.0,2,73.85,1
2018-03-02,27.2,-80.55,25.8,1,24.81,4
2018-03-02,27.2,-80.5,45.900000000000006,2,23.27,3
2018-03-02,27.55,-80.65,12.0,1,20.630000000000003,2
2018-03-02,27.6,-80.85,21.4,1,16.84,2
2018-03-02,28.45,-81.1,23.0,1,23.2,1
2018-03-02,28.85,-82.25,104.6,1,4.69,1
2018-03-02,28.85,-82.2,38.6,1,215.47,5
2018-03-02,29.05,-81.15,46.5,2,19.23,3
2018-03-02,29.25,-82.0,35.9,3,26.19,3
2018-03-02,29.45,-82.9,12.2,1,9.58,2
2018-03-02,29.45,-81.75,16.8,2,15.79,1
2018-03-02,29.5,-81.55,114.3,1,53.79,3
2018-03-02,29.75,-81.9,52.0,3,51.56,2
2018-03-02,29.8,-83.35,916.3000000000001,10,407.96999999999997,10
2018-03-02,29.85,-85.1,564.1,4,789.97,9
2018-03-02,29.85,-83.0,23.5,1,13.74,3
2018-03-02,29.9,-83.1,85.1,3,92.61,4
2018-03-02,29.9,-83.05,146.5,2,42.269999999999996,2
2018-03-02,29.95,-84.7,29.0,2,13.89,2
2018-03-02,30.1,-81.4,154.3,2,75.69,5
2018-03-02,30.15,-82.85,20.5,2,5.91,1
2018-03-02,30.15,-82.3,47.3,1,19.23,2
2018-03-02,30.25,-85.15,251.6,6,52.55,8
2018-03-02,30.35,-85.5,16.8,1,9.16,1
2018-03-02,30.35,-84.5,106.4,3,16.12,1
2018-03-02,30.35,-83.25,104.9,3,51.129999999999995,7
2018-03-02,30.35,-82.9,11.9,1,20.95,2
2018-03-02,30.4,-84.55,879.0,4,584.74,11
2018-03-02,30.4,-84.5,445.79999999999995,4,361.76,13
2018-03-02,30.45,-86.05,259.1,4,84.93,12
2018-03-02,30.5,-85.25,76.3,2,25.01,1
2018-03-02,30.5,-85.2,74.5,2,18.88,1
2018-03-02,30.5,-84.45,26.6,1,7.54,2
2018-03-02,30.55,-83.5,25.5,1,2.72,1
2018-03-02,30.55,-83.3,68.0,2,72.25,4
2018-03-02,30.55,-81.8,21.5,2,5.86,1
2018-03-02,30.6,-85.1,52.400000000000006,3,14.97,1
2018-03-02,30.6,-84.65,12.2,1,16.42,2
2018-03-02,30.6,-84.5,18.0,1,9.25,2
2018-03-02,30.6,-84.35,31.0,2,21.310000000000002,3
2018-03-02,30.85,-85.0,40.3,2,20.630000000000003,3
2018-03-02,30.95,-86.25,194.2,3,82.14,10
2018-03-03,25.9,-81.05,18.6,1,38.76,6
2018-03-03,25.9,-81.0,21.8,1,19.23,5
2018-03-03,26.0,-81.55,692.5999999999999,7,528.23,23
2018-03-03,26.25,-81.05,1042.3,10,880.48,26
2018-03-03,28.7,-81.6,18.0,2,4.3,1
2018-03-03,29.05,-81.15,13.2,1,16.86,4
2018-03-03,29.7,-83.2,20.2,1,4.26,1
2018-03-03,29.95,-82.75,49.199999999999996,2,3.01,1
2018-03-03,30.05,-82.95,43.2,2,103.16,4
2018-03-03,30.05,-82.9,14.1,1,11.2,2
2018-03-03,30.1,-82.85,23.1,2,3.8,1
2018-03-03,30.15,-84.15,174.0,6,34.239999999999995,5
2018-03-03,30.25,-84.0,31.2,1,14.129999999999999,2
2018-03-03,30.3,-85.5,9.6,1,12.1,3
2018-03-03,30.3,-84.0,291.3,4,952.79,50
2018-03-03,30.3,-83.95,42.7,1,772.89,25
2018-03-03,30.35,-85.15,8.8,1,4.8,2
2018-03-03,30.4,-83.9,15.6,1,12.35,3
2018-03-03,30.45,-83.85,19.3,1,14.1,3
2018-03-03,30.55,-83.6,84.3,3,21.5,4
2018-03-03,30.6,-84.95,81.2,2,6.84,2
2018-03-03,30.65,-84.3,19.5,2,45.400000000000006,5
2018-03-03,30.95,-86.35,48.5,3,59.93,7
2018-03-04,25.7,-80.75,162.89999999999998,2,756.29,47
2018-03-04,25.75,-80.8,36.2,1,100.66999999999999,3
2018-03-04,25.75,-80.75,27.9,1,1400.87,24
2018-03-04,25.9,-81.05,16.6,1,17.05,4
2018-03-04,25.95,-81.55,1120.8,8,1838.54,77
2018-03-04,26.0,-81.55,83.1,2,146.49,27
2018-03-04,26.25,-81.1,422.90000000000003,2,243.95,11
2018-03-04,26.25,-81.05,320.3,6,80.19,22
2018-03-04,27.45,-81.4,48.9,2,42.67,8
2018-03-04,29.55,-82.5,15.9,1,33.010000000000005,4
2018-03-04,29.7,-81.9,66.5,3,5.859999999999999,2
2018-03-04,29.8,-82.95,41.9,2,9.7,1
2018-03-04,29.85,-85.0,569.4,4,54.480000000000004,5
2018-03-04,30.6,-84.4,11.1,1,3.59,1
2018-03-04,30.65,-84.35,25.2,1,13.61,3
2018-03-04,30.75,-87.05,62.099999999999994,3,18.689999999999998,3
2018-03-05,25.75,-80.55,14.7,1,16.75,2
2018-03-05,25.9,-81.05,11.0,1,15.41,2
2018-03-05,25.95,-81.6,3001.7,9,650.9200000000001,15
2018-03-05,25.95,-81.55,1752.0,6,86.10999999999999,18
2018-03-05,26.0,-81.55,329.2,5,95.03999999999999,8
2018-03-05,26.25,-81.1,21.2,2,16.04,4
2018-03-05,26.25,-81.05,53.7,3,44.89,14
2018-03-05,27.45,-81.4,106.30000000000001,2,125.31,8
2018-03-05,27.6,-80.85,10.7,1,20.72,2
2018-03-05,27.65,-81.45,63.4,3,57.6,4
2018-03-05,28.4,-80.95,13.0,1,6.64,1
2018-03-05,28.7,-82.05,95.4,1,33.09,3
2018-03-05,29.05,-81.15,69.19999999999999,2,16.3,2
2018-03-05,29.25,-82.65,11.5,1,7.58,2
2018-03-05,29.75,-84.9,203.8,1,308.03,6
2018-03-05,29.8,-84.85,37.9,1,11.4,2
2018-03-05,30.0,-85.45,70.2,3,10.91,3
2018-03-05,30.2,-84.75,20.6,2,8.74,1
2018-03-05,30.25,-84.9,7.7,1,12.51,1
2018-03-05,30.3,-84.45,12.6,1,5.4,2
2018-03-05,30.3,-83.9,39.1,1,103.45,4
2018-03-05,30.3,-83.65,53.1,2,2.96,1
2018-03-05,30.4,-85.75,76.0,2,25.3,1
2018-03-05,30.45,-86.05,21.4,1,222.9,18
2018-03-05,30.5,-85.25,9.3,1,9.12,1
2018-03-05,30.55,-84.55,7.2,1,2.13,1
2018-03-05,30.55,-84.05,25.0,1,41.949999999999996,4
2018-03-05,30.55,-83.85,13.8,2,24.6,4
2018-03-05,30.6,-85.3,27.7,2,27.8,5
2018-03-05,30.6,-85.1,5.7,1,4.609999999999999,2
2018-03-05,30.6,-84.6,10.1,1,33.07,1
2018-03-05,30.6,-84.1,10.2,1,21.44,2
2018-03-05,30.65,-83.9,16.1,2,3.98,1
2018-03-05,30.8,-86.7,12.7,1,8.68,3
2018-03-05,30.85,-85.05,28.3,2,18.52,2
2018-03-05,30.9,-86.55,3.5,1,6.07,1
2018-03-05,30.9,-85.95,35.5,4,42.06,1
2018-03-05,30.95,-86.65,25.8,2,5.6,1
2018-03-05,30.95,-86.6,23.2,1,38.599999999999994,5
2018-03-05,30.95,-86.25,60.5,3,49.6,8
2018-03-05,30.95,-85.8,27.3,1,13.45,1
2018-03-06,25.95,-81.55,117.6,4,454.31,29
2018-03-06,25.95,-81.5,135.79999999999998,3,24.68,1
2018-03-06,26.0,-81.55,14.2,1,10.620000000000001,2
2018-03-06,26.25,-81.1,60.7,2,14.2,3
2018-03-06,26.25,-81.05,272.1,6,124.04,13
2018-03-06,26.7,-82.0,9.2,1,2.11,1
2018-03-06,26.85,-81.55,536.7,4,77.5,10
2018-03-06,27.3,-81.95,66.3,1,6.5,1
2018-03-06,27.45,-81.4,98.6,3,29.490000000000002,7
2018-03-06,27.65,-80.6,198.5,5,108.27,2
2018-03-06,28.0,-81.35,162.0,2,49.88,8
2018-03-06,28.05,-81.35,128.3,1,126.0,8
2018-03-07,25.95,-81.55,15.6,1,123.44,13
2018-03-07,25.95,-81.5,9.1,1,73.87,4
2018-03-07,26.0,-81.55,41.7,1,214.43,8
2018-03-07,26.0,-81.5,37.4,2,54.79,8
2018-03-07,26.25,-81.05,26.9,1,14.040000000000001,6
2018-03-07,30.35,-83.9,35.0,2,97.13,4
2018-03-07,30.4,-85.05,19.1,1,25.44,3
2018-03-07,30.55,-83.6,20.0,1,71.56,4
2018-03-07,30.6,-83.75,6.3,1,19.47,1
2018-03-07,30.9,-85.5,3.8,1,3.42,1
2018-03-08,25.4,-81.0,1068.7,4,104.17999999999999,9
2018-03-08,25.4,-80.95,576.4,5,191.81,10
2018-03-08,25.95,-81.55,88.5,2,111.08,7
2018-03-08,25.95,-81.5,96.2,1,210.14,5
2018-03-08,26.0,-81.5,279.3,5,237.76999999999998,16
2018-03-08,29.7,-83.2,6.3,1,8.040000000000001,3
2018-03-08,29.85,-83.05,42.4,2,31.66,3
2018-03-08,29.9,-85.25,11.2,1,4.34,1
2018-03-08,29.9,-82.8,4.5,1,18.02,2
2018-03-08,30.2,-85.25,83.2,1,72.25,5
2018-03-08,30.2,-85.2,24.6,1,13.92,1
2018-03-08,30.25,-84.0,5.2,1,10.2,2
2018-03-08,30.3,-85.1,25.5,2,10.57,3
2018-03-08,30.35,-83.95,218.4,4,149.21,6
2018-03-08,30.35,-83.9,150.4,2,213.02,17
2018-03-08,30.4,-83.9,15.700000000000001,2,2.16,1
2018-03-08,30.45,-86.05,34.1,1,63.41,6
2018-03-08,30.55,-83.6,44.0,2,38.01,5
2018-03-08,30.8,-86.8,183.6,3,3.64,1
2018-03-09,25.4,-81.1,26.8,1,24.34,2
2018-03-09,25.4,-81.0,18.2,2,16.71,3
2018-03-09,25.95,-81.5,75.5,2,110.24,7
2018-03-09,26.0,-81.5,1972.0,9,1657.34,47
2018-03-09,26.15,-81.35,20.2,1,27.34,5
2018-03-09,28.8,-81.55,19.7,1,37.95,5
2018-03-09,29.7,-83.2,13.2,1,8.64,2
2018-03-09,29.85,-83.6,27.8,1,5.73,2
2018-03-09,30.05,-84.4,21.7,1,3.23,1
2018-03-09,30.15,-85.25,55.8,2,35.7,3
2018-03-09,30.25,-83.25,8.8,1,8.17,2
2018-03-09,30.3,-84.2,20.9,1,11.67,2
2018-03-09,30.35,-83.8,9.6,1,13.6,3
2018-03-09,30.35,-83.75,5.6,1,3.15,1
2018-03-09,30.45,-85.2,18.8,1,8.41,2
2018-03-09,30.45,-83.85,8.1,1,52.940000000000005,5
2018-03-09,30.45,-83.5,17.5,1,12.32,2
2018-03-09,30.5,-83.85,35.8,3,24.23,4
2018-03-09,30.55,-84.45,23.799999999999997,2,31.939999999999998,8
2018-03-09,30.55,-84.4,112.6,4,5.31,1
2018-03-09,30.55,-83.6,46.0,2,33.46,4
2018-03-09,30.6,-85.55,39.6,4,27.41,4
2018-03-09,30.6,-84.35,92.6,2,50.15,5
2018-03-09,30.6,-83.8,79.4,4,55.01,9
2018-03-09,30.65,-85.2,25.5,1,71.91,6
2018-03-09,30.65,-84.25,82.6,4,45.68000000000001,7
2018-03-09,30.7,-87.35,157.0,2,4.64,1
2018-03-09,30.75,-87.35,77.5,2,79.6,2
2018-03-09,30.85,-86.25,9.3,1,8.08,1
2018-03-09,30.9,-86.95,72.8,2,113.85,11
2018-03-09,30.95,-87.4,61.900000000000006,3,9.25,1
2018-03-09,30.95,-86.9,150.5,2,4.12,1
2018-03-11,26.65,-80.55,11.8,1,12.31,2
2018-03-13,26.95,-80.6,318.29999999999995,2,38.37,1
2018-03-13,27.5,-80.8,57.300000000000004,2,5.13,1
2018-03-13,27.6,-80.85,93.69999999999999,3,22.89,3
2018-03-13,27.65,-82.0,99.7,1,1.79,1
2018-03-13,27.65,-80.9,32.8,1,29.91,3
2018-03-13,27.7,-82.0,1228.3000000000002,2,14.74,6
2018-03-13,27.7,-81.95,172.3,1,0.51,1
2018-03-13,28.8,-81.55,36.5,2,20.28,2
2018-03-13,28.9,-82.15,26.4,2,11.94,1
2018-03-13,29.05,-81.15,14.0,1,26.34,2
2018-03-13,29.45,-82.9,27.6,1,9.73,1
2018-03-13,29.5,-82.95,26.3,1,14.63,2
2018-03-13,29.7,-85.3,39.3,1,101.66,12
2018-03-13,29.95,-84.7,5.5,1,71.58,6
2018-03-13,30.0,-82.9,91.80000000000001,2,63.03,3
2018-03-13,30.0,-82.85,82.1,3,117.56,1
2018-03-13,30.2,-82.9,51.0,2,16.59,1
2018-03-13,30.2,-81.5,431.0,4,362.96000000000004,13
2018-03-13,30.25,-83.25,14.100000000000001,2,11.2,2
2018-03-13,30.25,-82.85,14.7,1,12.39,2
2018-03-13,30.3,-85.5,10.3,1,3.33,1
2018-03-13,30.3,-84.5,845.2,5,237.67000000000002,8
2018-03-13,30.3,-84.45,535.9,4,466.20000000000005,12
2018-03-13,30.35,-83.95,166.5,5,14.5,2
2018-03-13,30.35,-83.65,9.0,1,2.99,1
2018-03-13,30.45,-83.25,29.299999999999997,2,27.61,2
2018-03-13,30.55,-85.1,5.7,1,3.41,1
2018-03-13,30.55,-84.45,4.6,1,10.940000000000001,2
2018-03-13,30.55,-84.2,66.0,4,21.32,3
2018-03-13,30.55,-83.6,26.200000000000003,2,14.16,2
2018-03-13,30.6,-83.8,34.0,2,19.32,2
2018-03-13,30.65,-86.8,4.5,1,3.09,1
2018-03-13,30.65,-86.5,146.2,2,55.849999999999994,8
2018-03-13,30.8,-86.85,100.2,2,50.56,9
2018-03-13,30.8,-86.8,105.8,4,35.14,7
2018-03-14,26.45,-80.55,35.3,1,11.11,2
2018-03-14,26.85,-81.6,360.1,3,2.64,1
2018-03-14,26.9,-80.6,73.9,3,4.56,1
2018-03-14,26.95,-80.6,293.5,4,33.12,5
2018-03-14,27.0,-80.15,44.3,2,42.94,6
2018-03-14,27.1,-80.35,13.3,1,9.17,2
2018-03-14,27.2,-81.25,14.5,1,4.22,1
2018-03-14,27.65,-80.9,11.1,1,6.17,1
2018-03-14,27.7,-80.6,106.69999999999999,2,179.22,9
2018-03-14,30.0,-85.45,5.0,1,2.6,1
2018-03-14,30.05,-82.4,80.1,1,3.42,1
2018-03-14,30.15,-84.05,80.7,3,14.77,3
2018-03-14,30.15,-81.45,91.6,4,149.59,5
2018-03-14,30.2,-82.9,5.6,1,4.52,1
2018-03-14,30.25,-85.25,109.0,2,5.33,1
2018-03-14,30.25,-82.35,8.3,1,4.91,1
2018-03-14,30.35,-84.5,238.2,2,141.72,10
2018-03-14,30.35,-84.45,71.4,2,58.76,8
2018-03-14,30.35,-83.9,77.30000000000001,2,53.11,5
2018-03-14,30.4,-83.95,18.2,2,6.130000000000001,2
2018-03-14,30.4,-83.85,55.7,2,11.690000000000001,2
2018-03-14,30.45,-86.0,179.5,3,11.190000000000001,2
2018-03-14,30.5,-86.0,142.9,1,42.08,4
2018-03-14,30.55,-84.2,28.4,3,9.370000000000001,3
2018-03-14,30.55,-83.8,15.0,2,33.86,3
2018-03-14,30.6,-85.65,16.799999999999997,2,9.95,3
2018-03-14,30.6,-84.35,39.099999999999994,2,17.54,3
2018-03-14,30.6,-83.8,4.5,1,17.63,2
2018-03-14,30.65,-84.25,4.0,1,34.64,3
2018-03-14,30.65,-84.15,15.6,2,11.18,2
2018-03-14,30.8,-85.9,15.5,2,11.9,2
2018-03-14,30.9,-87.0,83.5,3,11.82,2
2018-03-14,30.9,-86.55,19.3,2,8.81,1
2018-03-14,30.9,-85.55,5.3,1,15.92,2
2018-03-14,30.95,-87.1,104.19999999999999,4,13.95,2
2018-03-15,28.95,-82.45,26.5,2,4.01,1
2018-03-15,29.4,-82.45,12.2,1,5.42,1
2018-03-15,29.45,-82.9,7.6,1,3.08,1
2018-03-15,29.5,-82.95,20.5,1,48.94,2
2018-03-15,29.9,-85.25,6.4,1,8.0,2
2018-03-15,29.95,-82.7,9.1,1,11.0,2
2018-03-15,30.0,-85.45,7.1,1,12.2,3
2018-03-15,30.0,-82.85,18.6,2,19.34,3
2018-03-15,30.15,-83.2,14.6,1,9.63,1
2018-03-15,30.25,-82.85,13.7,1,1.97,1
2018-03-15,30.3,-84.3,18.299999999999997,2,15.72,2
2018-03-15,30.3,-83.15,11.6,1,6.16,1
2018-03-15,30.35,-85.0,18.0,2,24.839999999999996,3
2018-03-15,30.35,-83.95,90.7,3,105.74,7
2018-03-15,30.35,-83.9,17.3,1,4.4,1
2018-03-15,30.35,-83.8,44.5,1,35.480000000000004,5
2018-03-15,30.5,-84.45,62.7,3,19.74,2
2018-03-15,30.55,-84.45,14.899999999999999,2,4.08,1
2018-03-15,30.55,-84.05,23.3,2,81.62,14
2018-03-15,30.6,-85.85,55.2,2,10.32,2
2018-03-15,30.6,-84.35,73.9,3,6.24,1
2018-03-15,30.6,-83.8,3.4,1,21.92,4
2018-03-15,30.7,-87.35,23.6,1,13.96,2
2018-03-15,30.7,-85.05,15.1,1,1.64,1
2018-03-15,30.7,-84.95,15.100000000000001,2,9.71,1
2018-03-15,30.9,-87.0,196.0,4,98.22,10
2018-03-15,30.9,-86.5,9.3,1,4.1,1
2018-03-15,30.95,-87.0,40.5,1,132.87,5
2018-03-16,26.35,-81.05,7.1,1,6.86,1
2018-03-16,26.75,-80.4,286.6,4,279.48,6
2018-03-16,27.15,-81.85,18.6,2,12.92,1
2018-03-16,27.35,-80.95,12.4,1,45.1,2
2018-03-16,27.35,-80.9,28.5,1,40.26,2
2018-03-16,28.0,-81.0,11.5,1,6.35,1
2018-03-16,28.65,-81.05,7.5,1,7.8,2
2018-03-16,29.3,-83.1,30.0,1,17.98,2
2018-03-16,29.5,-82.95,6.6,1,8.76,2
2018-03-16,29.6,-83.15,169.7,1,94.91,1
2018-03-16,29.65,-83.15,90.9,1,94.91,1
2018-03-16,29.65,-83.1,95.3,1,69.98,1
2018-03-16,29.7,-83.2,6.6,1,12.5,2
2018-03-16,29.95,-82.85,14.3,1,4.91,1
2018-03-16,30.0,-84.65,27.0,1,25.86,4
2018-03-16,30.0,-82.85,14.7,1,36.89,7
2018-03-16,30.05,-82.9,73.1,2,19.33,1
2018-03-16,30.1,-83.1,18.5,1,4.47,1
2018-03-16,30.2,-84.05,133.3,4,50.94,8
2018-03-16,30.25,-85.5,35.4,2,18.94,3
2018-03-16,30.25,-84.35,31.7,2,7.48,2
2018-03-16,30.25,-84.05,159.79999999999998,2,144.23000000000002,5
2018-03-16,30.25,-84.0,144.3,3,199.21999999999997,7
2018-03-16,30.25,-83.25,5.6,1,6.34,1
2018-03-16,30.25,-82.95,7.3,1,3.16,1
2018-03-16,30.3,-83.8,5.5,1,3.71,1
2018-03-16,30.3,-83.15,8.4,1,3.6,1
2018-03-16,30.35,-83.9,8.1,1,7.03,1
2018-03-16,30.35,-83.6,56.6,3,30.8,4
2018-03-16,30.35,-83.25,10.4,1,38.46,5
2018-03-16,30.5,-84.75,16.5,1,12.129999999999999,2
2018-03-16,30.5,-84.15,14.1,1,4.68,1
2018-03-16,30.55,-84.35,5.0,1,10.969999999999999,2
2018-03-16,30.55,-84.05,136.79999999999998,4,88.05000000000001,14
2018-03-16,30.55,-84.0,9.8,1,22.840000000000003,3
2018-03-16,30.55,-83.6,11.3,1,10.75,1
2018-03-16,30.6,-84.15,22.5,2,9.56,1
2018-03-16,30.65,-84.3,5.4,1,8.4,1
2018-03-16,30.65,-84.05,8.5,1,5.22,2
2018-03-17,26.15,-81.2,5.5,1,9.44,2
2018-03-17,26.55,-80.65,30.4,2,1.34,2
2018-03-17,28.15,-82.15,81.0,2,30.1,1
2018-03-17,30.0,-82.9,225.9,2,1.18,1
2018-03-17,30.1,-83.15,13.8,1,6.64,1
2018-03-18,27.05,-81.95,29.7,1,121.36,4
2018-03-19,26.6,-81.35,22.5,1,9.72,1
2018-03-19,27.0,-81.15,29.4,1,2.15,1
2018-03-19,27.15,-80.5,123.39999999999999,3,23.08,4
2018-03-20,26.5,-80.85,51.8,3,7.699999999999999,4
2018-03-20,26.7,-80.6,45.3,2,10.879999999999999,2
2018-03-20,30.65,-86.75,7.2,1,5.24,1
2018-03-21,26.0,-81.6,25.4,2,21.28,2
2018-03-21,26.05,-81.7,147.5,2,45.08,2
2018-03-21,26.05,-81.65,38.699999999999996,2,16.97,1
2018-03-21,26.1,-81.65,121.2,2,17.12,1
2018-03-21,26.25,-81.15,199.7,3,58.269999999999996,4
2018-03-21,26.3,-81.15,199.2,4,150.73,13
2018-03-21,26.7,-80.5,33.9,1,31.96,5
2018-03-21,27.1,-81.1,7.7,1,11.620000000000001,2
2018-03-21,27.65,-80.6,103.2,2,21.57,1
2018-03-21,29.9,-85.25,5.2,1,3.46,1
2018-03-21,30.0,-85.4,4.1,1,3.92,1
2018-03-21,30.4,-83.9,58.5,3,11.43,1
2018-03-21,30.6,-84.05,16.4,2,26.41,5
2018-03-21,30.65,-84.95,21.6,2,22.53,3
2018-03-21,30.65,-84.25,9.9,1,3.77,1
2018-03-21,30.75,-85.75,3.8,1,16.17,3
2018-03-22,25.95,-80.75,169.9,4,29.009999999999998,4
2018-03-22,26.0,-80.8,323.0,4,5.93,1
2018-03-22,26.0,-80.75,107.6,2,664.5699999999999,15
2018-03-22,26.05,-81.7,391.7,6,70.78999999999999,7
2018-03-22,26.05,-81.65,454.40000000000003,6,314.08,11
2018-03-22,26.1,-81.65,981.3,7,142.74,21
2018-03-22,26.1,-81.6,245.8,4,49.5,11
2018-03-22,26.15,-81.65,37.0,1,30.02,3
2018-03-22,26.3,-81.15,58.400000000000006,3,71.6,19
2018-03-22,27.55,-82.45,16.2,2,6.59,2
2018-03-22,28.3,-82.1,612.8,5,370.6,10
2018-03-22,29.3,-81.8,232.2,4,960.72,16
2018-03-22,29.3,-81.75,187.7,3,106.25,2
2018-03-22,29.5,-82.85,9.9,1,5.67,1
2018-03-22,29.5,-82.6,9.2,1,25.82,5
2018-03-22,29.7,-82.7,6.1,1,7.16,2
2018-03-22,29.75,-81.3,35.1,1,83.34,16
2018-03-22,29.95,-82.7,6.6,1,6.12,1
2018-03-22,30.0,-85.4,15.9,2,6.62,2
2018-03-22,30.0,-83.05,78.8,3,3.06,1
2018-03-22,30.0,-83.0,12.0,1,20.71,2
2018-03-22,30.0,-82.85,12.5,1,312.99,7
2018-03-22,30.2,-81.5,49.7,1,16.76,3
2018-03-22,30.2,-81.45,129.5,3,10.75,1
2018-03-22,30.25,-85.5,4.2,1,6.12,1
2018-03-22,30.25,-85.2,12.5,1,17.95,2
2018-03-22,30.25,-83.25,9.0,1,5.5,1
2018-03-22,30.35,-83.95,140.39999999999998,5,42.32,7
2018-03-22,30.4,-83.9,13.7,2,7.59,1
2018-03-22,30.45,-83.5,49.599999999999994,3,20.36,4
2018-03-22,30.5,-84.65,6.9,1,6.64,1
2018-03-22,30.55,-84.05,15.2,1,82.97,14
2018-03-22,30.55,-83.95,39.400000000000006,3,42.42,7
2018-03-22,30.55,-83.6,40.4,3,29.21,3
2018-03-22,30.6,-84.15,3.3,1,23.0,4
2018-03-22,30.6,-84.05,8.3,1,9.49,2
2018-03-22,30.6,-83.95,14.2,2,34.06,3
2018-03-22,30.6,-83.8,24.3,2,7.6899999999999995,2
2018-03-22,30.6,-83.7,73.7,4,110.54,13
2018-03-22,30.65,-86.05,54.3,2,134.01,12
2018-03-22,30.65,-84.95,13.6,1,6.76,2
2018-03-22,30.65,-84.25,4.8,1,5.5600000000000005,2
2018-03-22,30.7,-87.55,9.4,1,4.89,1
2018-03-22,30.75,-87.2,11.5,1,14.1,1
2018-03-22,30.8,-87.0,34.6,2,8.88,1
2018-03-22,30.85,-87.0,33.8,1,71.91,3
2018-03-22,30.95,-85.95,24.6,1,8.07,3
2018-03-23,26.0,-81.6,1788.8,18,729.36,45
2018-03-23,26.0,-81.55,848.3,4,15.719999999999999,3
2018-03-23,26.05,-81.7,212.7,2,5.56,4
2018-03-23,26.05,-81.65,857.0,16,363.7,43
2018-03-23,26.1,-81.65,719.6,8,282.01,16
2018-03-23,26.1,-81.6,689.3,15,296.11,45
2018-03-23,26.15,-81.65,33.5,1,28.89,4
2018-03-23,26.15,-81.6,60.3,2,115.85,8
2018-03-23,26.25,-81.15,12.8,1,9.13,4
2018-03-23,26.25,-81.1,83.19999999999999,3,61.53,7
2018-03-23,26.3,-81.15,531.2,12,331.51,29
2018-03-23,26.65,-80.65,50.8,1,4.62,2
2018-03-23,28.3,-82.1,90.8,3,14.27,2
2018-03-23,28.35,-82.1,591.7,5,895.73,13
2018-03-23,28.6,-82.4,12.2,1,8.75,1
2018-03-23,28.8,-80.85,9.0,1,32.0,4
2018-03-23,29.9,-85.25,8.6,1,15.85,3
2018-03-23,29.95,-82.0,37.3,1,47.849999999999994,3
2018-03-23,29.95,-81.95,13.8,1,25.16,2
2018-03-23,30.0,-82.85,9.0,1,250.38,4
2018-03-23,30.0,-81.6,128.29999999999998,4,123.71,7
2018-03-23,30.25,-83.25,6.2,1,3.94,1
2018-03-23,30.35,-84.5,98.6,3,129.72,17
2018-03-23,30.35,-84.45,96.80000000000001,2,91.52,10
2018-03-23,30.5,-85.7,78.5,3,8.76,1
2018-03-23,30.55,-84.1,7.4,1,13.05,1
2018-03-23,30.55,-83.9,10.6,2,7.33,1
2018-03-23,30.6,-84.7,6.5,1,3.51,1
2018-03-23,30.6,-84.65,154.6,6,49.16,3
2018-03-23,30.6,-84.55,11.7,1,4.74,1
2018-03-23,30.6,-84.05,25.299999999999997,2,16.82,1
2018-03-23,30.6,-83.9,6.4,1,5.96,1
2018-03-23,30.6,-83.8,27.4,2,16.8,2
2018-03-23,30.6,-83.75,7.1,1,1.23,1
2018-03-23,30.6,-83.7,17.8,1,39.28,8
2018-03-23,30.65,-87.4,18.2,1,10.48,1
2018-03-23,30.65,-85.95,10.1,1,2.47,1
2018-03-23,30.7,-87.35,15.2,1,18.38,2
2018-03-23,30.9,-86.3,15.0,2,8.11,1
2018-03-24,26.0,-81.6,2470.9,22,2446.75,68
2018-03-24,26.05,-81.7,243.20000000000002,3,0.73,1
2018-03-24,26.05,-81.65,2478.5,15,334.79,47
2018-03-24,26.05,-81.6,53.400000000000006,2,119.33,8
2018-03-24,26.25,-81.1,52.6,2,97.65,7
2018-03-24,26.3,-81.15,133.2,2,104.96,10
2018-03-24,26.3,-81.1,60.8,1,36.27,2
2018-03-24,28.0,-81.0,130.5,2,11.03,1
2018-03-24,28.5,-80.6,101.8,1,362.21,4
2018-03-24,29.25,-82.4,11.5,1,10.08,1
2018-03-24,29.3,-82.4,11.0,1,5.9,1
2018-03-24,29.5,-81.6,32.2,1,104.86,6
2018-03-24,30.0,-82.85,11.5,1,4.35,1
2018-03-24,30.3,-84.7,17.7,1,1.94,1
2018-03-24,30.3,-84.65,404.9,9,110.08,11
2018-03-24,30.6,-83.85,51.9,2,18.86,3
2018-03-24,30.65,-86.1,25.7,2,8.120000000000001,2
2018-03-24,30.65,-83.85,11.0,1,7.75,1
2018-03-25,25.5,-80.35,23.0,2,173.53,17
2018-03-25,25.95,-81.6,248.3,3,90.43,6
2018-03-25,26.0,-81.6,301.3,9,148.88,33
2018-03-25,26.0,-81.55,77.5,3,240.23000000000002,13
2018-03-25,26.05,-81.65,30.3,2,30.69,6
2018-03-25,26.05,-81.6,2455.7,24,1639.79,139
2018-03-25,26.1,-81.65,95.3,2,62.42,3
2018-03-25,26.3,-81.15,148.2,5,63.87,18
2018-03-25,26.7,-81.85,19.6,1,1.2999999999999998,2
2018-03-25,28.5,-80.6,94.1,2,472.4,18
2018-03-25,28.65,-80.7,228.3,4,335.98,16
2018-03-25,30.1,-84.75,34.8,1,11.38,1
2018-03-26,25.45,-81.15,394.5,8,2.62,1
2018-03-26,25.45,-81.1,3325.8,14,837.48,30
2018-03-26,25.45,-81.05,1515.1,4,2323.23,24
2018-03-26,25.95,-81.6,287.2,7,69.22,13
2018-03-26,26.0,-81.6,89.2,2,70.09,14
2018-03-26,26.0,-81.55,89.3,1,90.23,6
2018-03-26,26.05,-81.6,364.1,5,167.89,25
2018-03-26,26.1,-81.65,22.2,1,35.43,3
2018-03-26,27.05,-81.75,10.3,1,3.47,1
2018-03-26,28.15,-81.6,37.1,1,43.849999999999994,4
2018-03-27,25.45,-81.05,13.9,1,23.57,7
2018-03-27,26.0,-81.65,37.3,1,28.599999999999998,3
2018-03-27,26.0,-81.6,107.5,2,158.32,9
2018-03-27,26.0,-81.55,26.4,1,44.74,10
2018-03-27,26.05,-81.65,98.30000000000001,3,11.45,2
2018-03-27,26.55,-80.85,34.7,1,42.78,6
2018-03-27,26.55,-80.8,23.6,1,18.21,4
2018-03-27,27.45,-80.65,10.3,1,10.4,1
2018-03-27,29.9,-85.25,659.9,4,162.32999999999998,7
2018-03-27,29.9,-84.8,235.2,4,207.39,6
2018-03-27,29.95,-84.7,157.3,4,181.26,7
2018-03-27,30.25,-85.95,17.0,2,2.61,1
2018-03-27,30.6,-84.2,54.599999999999994,2,10.79,2
2018-03-28,25.45,-80.6,32.0,1,88.79,5
2018-03-28,25.55,-80.55,39.5,1,47.8,9
2018-03-28,25.75,-80.45,71.9,2,18.54,5
2018-03-28,26.0,-81.6,14.4,2,14.75,8
2018-03-28,26.0,-80.45,11.0,1,9.36,2
2018-03-28,27.25,-81.8,7.8,1,13.75,1
2018-03-28,27.95,-81.3,13.3,1,163.23000000000002,11
2018-03-28,28.0,-81.3,271.70000000000005,3,5.78,1
2018-03-28,28.35,-82.4,28.1,1,16.7,2
2018-03-28,28.4,-82.3,86.3,3,27.66,1
2018-03-28,28.95,-81.6,131.8,3,47.410000000000004,3
2018-03-28,28.95,-81.55,22.2,1,5.39,1
2018-03-28,29.0,-81.2,8.3,1,4.07,1
2018-03-28,29.0,-81.05,15.7,1,6.58,3
2018-03-28,29.0,-81.0,42.1,2,31.64,4
2018-03-28,29.25,-82.3,9.0,1,16.73,3
2018-03-28,29.5,-82.9,32.7,1,77.53,2
2018-03-28,29.6,-82.75,47.8,2,56.2,2
2018-03-28,29.6,-82.1,16.7,1,8.99,2
2018-03-28,29.65,-83.15,22.6,1,23.89,2
2018-03-28,29.65,-82.75,57.9,2,42.14,2
2018-03-28,29.65,-81.3,27.0,1,81.75,3
2018-03-28,29.75,-82.0,86.8,2,51.98,2
2018-03-28,29.8,-82.1,25.8,2,5.41,1
2018-03-28,29.85,-82.0,158.5,3,95.75999999999999,7
2018-03-28,29.9,-84.8,23.2,1,12.170000000000002,2
2018-03-28,29.95,-85.3,529.9000000000001,8,400.1,33
2018-03-28,29.95,-85.25,1696.8,7,602.57,21
2018-03-28,30.0,-85.3,373.2,6,289.69,10
2018-03-28,30.05,-82.9,67.7,2,14.52,2
2018-03-28,30.25,-82.85,73.7,3,64.5,2
2018-03-28,30.35,-83.75,22.5,1,10.54,2
2018-03-28,30.4,-84.45,83.4,2,25.61,2
2018-03-28,30.45,-83.5,16.9,1,1.68,1
2018-03-28,30.5,-84.5,17.8,2,4.89,1
2018-03-28,30.55,-84.25,9.9,1,5.67,1
2018-03-28,30.55,-83.95,56.1,2,160.64,10
2018-03-28,30.6,-84.2,12.7,1,35.129999999999995,4
2018-03-28,30.6,-84.15,20.2,1,7.07,1
2018-03-28,30.6,-84.1,7.6,1,42.13,6
2018-03-28,30.6,-83.7,16.8,1,26.26,6
2018-03-28,30.65,-84.7,16.0,1,23.34,2
2018-03-28,30.8,-85.4,64.7,3,13.74,1
2018-03-28,30.8,-85.35,27.3,1,13.89,2
2018-03-28,30.85,-85.35,53.800000000000004,3,12.94,2
2018-03-29,26.0,-81.55,228.3,5,76.3,6
2018-03-29,26.05,-81.65,67.0,1,102.91,1
2018-03-29,30.3,-82.5,327.1,3,289.20000000000005,11
2018-03-29,30.35,-82.5,384.5,4,237.21,7
2018-03-29,30.35,-82.45,167.2,3,401.93,9
2018-03-30,26.0,-81.55,60.4,3,114.25999999999999,13
2018-03-31,30.6,-86.3,136.5,2,983.37,23
2018-04-01,26.8,-81.55,10.1,1,4.71,1
2018-04-01,29.9,-84.8,28.5,2,12.600000000000001,3
2018-04-01,30.4,-84.0,16.8,2,22.11,5
2018-04-01,30.6,-86.3,400.9,5,7.38,1
2018-04-01,30.6,-86.25,959.2,11,291.7,21
2018-04-01,30.65,-86.3,436.4,6,13.469999999999999,3
2018-04-01,30.65,-86.25,191.3,2,141.45,23
2018-04-02,27.2,-81.25,12.4,1,5.17,1
2018-04-02,27.55,-81.8,6.5,1,15.63,1
2018-04-02,27.65,-81.25,9.9,1,85.97,1
2018-04-02,29.05,-82.55,7.4,1,6.12,1
2018-04-02,30.35,-83.8,15.1,1,6.1,1
2018-04-02,30.55,-84.1,8.4,1,25.22,4
2018-04-02,30.55,-83.95,16.0,1,92.63,4
2018-04-02,30.65,-84.2,59.3,1,14.93,4
2018-04-02,30.65,-84.15,23.1,1,3.54,1
2018-04-02,30.65,-84.1,24.200000000000003,2,6.19,2
2018-04-02,30.9,-86.25,12.6,1,23.92,3
2018-04-03,26.85,-80.45,109.89999999999999,2,202.51999999999998,2
2018-04-03,26.85,-80.4,32.4,1,11.93,1
2018-04-03,27.1,-80.45,29.3,2,83.28,8
2018-04-03,27.1,-80.4,44.3,2,268.17,14
2018-04-03,27.2,-82.3,1503.0,9,764.0,16
2018-04-03,27.55,-81.3,13.6,1,13.39,2
2018-04-03,27.55,-81.05,199.0,3,88.89,6
2018-04-03,27.85,-80.95,77.1,2,40.42,3
2018-04-03,30.0,-82.85,83.8,1,20.259999999999998,2
2018-04-03,30.05,-85.05,865.3,7,348.44,15
2018-04-03,30.05,-82.9,21.2,1,6.86,1
2018-04-03,30.1,-85.1,146.9,3,4.27,1
2018-04-03,30.1,-85.05,223.4,4,230.67000000000002,6
2018-04-03,30.2,-84.3,37.1,1,156.47,6
2018-04-03,30.25,-85.5,67.9,3,46.489999999999995,3
2018-04-03,30.3,-84.05,21.6,1,20.82,2
2018-04-03,30.35,-82.4,245.5,5,39.26,8
2018-04-03,30.4,-84.05,57.7,1,27.45,4
2018-04-03,30.55,-84.15,99.2,3,48.22,6
2018-04-03,30.6,-84.1,31.2,1,34.53,6
2018-04-03,30.6,-83.7,48.900000000000006,2,21.76,4
2018-04-03,30.65,-84.1,424.8,2,36.82,5
2018-04-03,30.65,-84.05,598.1,2,9.86,1
2018-04-03,30.65,-84.0,35.0,1,62.43,7
2018-04-03,30.85,-85.15,38.6,2,33.53,4
2018-04-04,26.85,-81.15,488.1,3,130.49,6
2018-04-04,26.9,-81.15,1302.9,5,385.83,14
2018-04-04,26.9,-81.1,524.8,4,24.3,1
2018-04-04,27.65,-81.25,59.2,2,14.809999999999999,2
2018-04-04,27.75,-82.15,201.7,5,211.48,4
2018-04-04,27.75,-82.1,13.1,1,90.63,8
2018-04-04,28.0,-81.4,81.4,1,40.89,3
2018-04-04,28.05,-81.25,12.2,1,15.47,5
2018-04-05,26.0,-80.8,897.4000000000001,4,79.58,2
2018-04-05,26.0,-80.75,447.1,2,12.92,1
2018-04-05,28.0,-81.05,41.8,1,19.56,2
2018-04-05,28.0,-81.0,136.6,2,7.75,1
2018-04-05,28.75,-82.45,179.6,1,66.17,4
2018-04-05,28.75,-82.4,245.39999999999998,4,20.0,2
2018-04-05,28.8,-82.05,32.4,2,16.46,8
2018-04-05,29.35,-81.8,130.0,1,10.08,1
2018-04-05,29.4,-81.85,56.900000000000006,2,74.46000000000001,7
2018-04-05,29.4,-81.8,41.7,1,73.0,7
2018-04-05,30.0,-83.0,46.3,2,2.71,1
2018-04-05,30.25,-83.05,23.5,2,13.809999999999999,2
2018-04-05,30.5,-85.95,23.299999999999997,2,7.1,1
2018-04-05,30.6,-83.9,20.3,1,9.98,2
2018-04-05,30.6,-83.7,41.6,2,13.58,3
2018-04-05,30.65,-84.15,78.1,3,21.54,3
2018-04-05,30.65,-84.05,46.6,2,76.82,6
2018-04-05,30.65,-84.0,11.6,1,83.6,7
2018-04-05,30.9,-86.9,92.0,3,10.05,3
2018-04-05,30.9,-86.85,139.1,4,20.21,5
2018-04-05,30.95,-87.1,67.1,4,5.13,1
2018-04-05,30.95,-86.85,45.9,2,12.1,2
2018-04-06,27.1,-82.0,66.1,4,18.17,2
2018-04-06,27.9,-81.15,24.2,1,47.37,3
2018-04-06,28.8,-82.05,24.7,1,26.68,4
2018-04-06,28.95,-81.6,807.3,9,13.67,2
2018-04-06,28.95,-81.55,75.7,1,33.64,6
2018-04-06,29.95,-82.05,15.5,1,12.56,2
2018-04-06,30.0,-83.0,44.900000000000006,2,23.14,2
2018-04-06,30.1,-84.35,43.2,2,10.94,2
2018-04-06,30.15,-84.55,5.3,1,3.94,1
2018-04-06,30.4,-83.85,58.6,2,116.52,8
2018-04-06,30.5,-84.6,12.9,1,13.54,3
2018-04-06,30.5,-84.1,19.4,1,11.03,1
2018-04-06,30.5,-83.15,14.6,1,13.12,2
2018-04-06,30.55,-84.8,6.4,1,2.93,1
2018-04-06,30.6,-85.65,7.4,1,11.18,3
2018-04-06,30.6,-84.1,7.9,1,15.28,4
2018-04-06,30.6,-84.0,33.7,2,7.27,1
2018-04-06,30.6,-83.9,10.5,1,17.65,2
2018-04-06,30.6,-83.7,20.7,1,8.77,2
2018-04-06,30.65,-84.2,7.5,1,6.4,2
2018-04-06,30.7,-85.9,12.4,1,2.18,1
2018-04-06,30.9,-86.5,6.7,1,8.26,2
2018-04-07,26.0,-80.45,8.1,1,8.14,2
2018-04-08,30.35,-83.2,7.6,1,4.1,1
2018-04-09,28.8,-82.05,6.1,1,20.75,1
2018-04-11,26.0,-80.95,67.3,3,108.03,11
2018-04-11,27.7,-82.4,14.1,1,4.71,1
2018-04-11,28.65,-82.25,17.7,2,6.99,1
2018-04-11,29.55,-82.65,39.8,1,8.31,1
2018-04-11,30.25,-83.05,17.0,2,2.93,1
2018-04-11,30.65,-84.1,12.9,1,26.47,4
2018-04-11,30.75,-87.2,20.0,1,4.06,1
2018-04-11,30.95,-86.65,16.2,1,7.43,3
2018-04-12,26.0,-80.95,10.3,1,25.630000000000003,11
2018-04-12,27.35,-81.35,106.4,2,9.07,1
2018-04-12,27.65,-82.4,23.1,1,15.98,2
2018-04-12,28.3,-82.15,33.2,2,4.1,1
2018-04-12,28.5,-81.0,82.0,2,19.99,5
2018-04-12,28.55,-82.25,24.0,1,24.29,1
2018-04-12,28.6,-82.4,10.5,1,11.17,1
2018-04-12,28.6,-82.3,23.2,1,9.11,1
2018-04-12,28.6,-82.25,77.6,2,196.92000000000002,7
2018-04-12,28.95,-81.6,686.5,3,12.02,1
2018-04-12,28.95,-81.55,92.9,2,142.32000000000002,6
2018-04-12,29.0,-81.6,434.1,2,79.03999999999999,7
2018-04-12,29.75,-85.05,35.4,1,49.14,6
2018-04-12,30.25,-82.5,108.6,3,26.47,5
2018-04-12,30.3,-86.1,61.2,2,27.85,4
2018-04-12,30.3,-86.0,146.1,5,19.48,3
2018-04-12,30.5,-86.6,1048.8,6,217.51000000000002,5
2018-04-12,30.55,-87.45,31.8,2,0.39,1
2018-04-12,30.55,-86.6,541.4000000000001,5,226.43,24
2018-04-12,30.6,-84.1,55.7,3,27.55,3
2018-04-12,30.6,-83.95,38.4,2,24.92,5
2018-04-12,30.65,-84.05,14.1,1,19.880000000000003,3
2018-04-12,30.65,-81.75,17.3,1,12.770000000000001,2
2018-04-12,30.75,-87.2,10.6,1,2.74,1
2018-04-12,30.9,-86.85,716.1,10,28.96,7
2018-04-12,30.95,-87.1,17.8,1,6.96,1
2018-04-13,26.0,-80.95,63.9,2,18.09,13
2018-04-13,27.2,-82.3,220.3,2,361.68,15
2018-04-13,27.9,-80.65,8.9,1,8.53,1
2018-04-13,28.75,-81.45,236.0,2,22.65,2
2018-04-13,29.0,-81.7,33.0,1,3.45,1
2018-04-13,30.2,-84.65,49.3,1,72.76,6
2018-04-13,30.25,-82.4,14.1,1,148.48,18
2018-04-13,30.6,-86.5,27.9,1,155.49,3
2018-04-13,30.6,-86.45,1264.1,12,1024.8899999999999,23
2018-04-13,30.6,-86.2,18.9,1,9.62,1
2018-04-13,30.65,-86.4,16.3,1,196.75,8
2018-04-13,30.95,-86.85,18.3,2,4.93,7
2018-04-14,25.35,-80.7,71.7,2,87.18,4
2018-04-14,25.35,-80.65,26.4,1,34.32,1
2018-04-14,26.0,-80.95,323.2,4,267.56,13
2018-04-14,26.0,-80.9,61.3,1,19.44,2
2018-04-14,27.2,-81.25,20.4,1,7.25,1
2018-04-14,27.6,-81.2,148.60000000000002,4,48.47,7
2018-04-14,27.7,-81.4,162.8,1,30.43,2
2018-04-14,27.75,-81.4,36.6,1,10.46,1
2018-04-15,26.0,-80.95,17.5,2,21.28,9
2018-04-16,26.0,-80.95,41.1,3,53.760000000000005,3
2018-04-16,26.3,-81.6,405.6,6,239.97,13
2018-04-16,27.6,-81.8,10.0,1,3.25,1
2018-04-16,27.6,-81.25,4.5,1,99.78,1
2018-04-16,27.6,-81.2,17.1,1,18.84,1
2018-04-16,29.95,-81.55,6.0,1,7.35,2
2018-04-16,29.95,-81.4,8.9,1,1.84,1
2018-04-16,30.3,-83.85,7.6,1,3.73,1
2018-04-16,30.4,-81.85,8.0,1,4.73,1
2018-04-16,30.55,-84.55,7.6,1,7.290000000000001,2
2018-04-16,30.65,-84.2,12.2,1,2.64,1
2018-04-16,30.65,-84.15,16.9,1,2.64,1
2018-04-17,25.95,-80.95,9.1,1,2.82,2
2018-04-17,26.0,-81.0,87.6,3,99.98,4
2018-04-17,26.0,-80.95,182.0,4,114.33,8
2018-04-17,26.3,-81.6,165.5,5,60.1,6
2018-04-17,26.65,-80.5,48.4,2,23.66,2
2018-04-17,27.35,-80.85,7.7,1,16.96,3
2018-04-17,27.55,-81.05,551.5,5,10.35,1
2018-04-17,27.55,-81.0,130.0,1,10.27,1
2018-04-17,27.6,-81.8,12.8,1,17.37,5
2018-04-17,27.6,-81.05,82.1,3,40.5,3
2018-04-17,28.2,-81.5,5.4,1,4.83,1
2018-04-17,28.3,-82.1,505.40000000000003,4,393.26,15
2018-04-17,29.0,-82.65,7.0,1,8.56,1
2018-04-17,29.3,-81.2,83.2,2,50.23,2
2018-04-17,29.45,-81.85,809.6,4,476.06,9
2018-04-17,29.9,-81.9,29.8,2,32.58,2
2018-04-17,29.95,-81.4,7.8,1,6.34,1
2018-04-17,30.0,-84.9,351.7,5,437.73,12
2018-04-17,30.0,-82.9,5.6,1,2.46,1
2018-04-17,30.3,-84.05,135.0,2,182.43,14
2018-04-17,30.35,-83.8,28.9,2,6.29,2
2018-04-17,30.5,-84.6,9.1,1,7.62,2
2018-04-17,30.65,-84.2,17.5,2,13.84,1
2018-04-17,30.65,-84.15,5.3,1,7.16,3
2018-04-17,30.65,-84.1,16.5,1,28.32,3
2018-04-17,30.65,-84.05,26.5,2,19.060000000000002,3
2018-04-17,30.65,-83.85,7.5,1,4.43,1
2018-04-17,30.75,-85.0,26.1,2,8.62,1
2018-04-17,30.85,-85.05,13.9,1,12.13,1
2018-04-18,25.4,-80.6,392.0,9,136.87,5
2018-04-18,25.95,-80.95,585.0,6,466.97999999999996,21
2018-04-18,26.0,-81.0,38.3,1,91.36,5
2018-04-18,26.0,-80.95,245.5,4,123.94,12
2018-04-18,26.3,-81.6,40.099999999999994,2,17.28,2
2018-04-18,26.85,-80.4,442.7,7,336.28,20
2018-04-18,26.85,-80.3,39.1,2,7.27,1
2018-04-18,27.2,-80.5,7.5,1,4.59,1
2018-04-18,27.25,-80.6,12.2,1,8.81,1
2018-04-18,27.6,-81.8,15.3,1,1.1099999999999999,2
2018-04-18,27.6,-81.2,303.20000000000005,6,61.11,7
2018-04-18,28.4,-81.75,72.2,1,12.68,1
2018-04-18,28.8,-81.45,4.8,1,4.53,1
2018-04-18,29.3,-81.2,8.1,1,1.85,1
2018-04-18,29.4,-82.65,9.0,1,5.05,1
2018-04-18,29.4,-81.85,77.30000000000001,2,50.1,2
2018-04-18,29.4,-81.8,26.799999999999997,2,14.99,2
2018-04-18,29.55,-81.6,8.5,1,3.75,1
2018-04-18,29.95,-81.4,13.7,2,0.93,1
2018-04-18,30.0,-84.9,16.1,1,6.31,1
2018-04-18,30.1,-84.8,24.1,1,13.96,2
2018-04-18,30.1,-84.75,149.1,3,405.0,25
2018-04-18,30.1,-84.7,67.6,1,30.05,1
2018-04-18,30.15,-84.05,84.80000000000001,2,73.66,3
2018-04-18,30.25,-85.5,17.8,1,7.58,2
2018-04-18,30.35,-83.0,7.4,1,4.3,1
2018-04-18,30.4,-83.9,66.5,3,82.49000000000001,7
2018-04-18,30.4,-83.35,7.5,1,1.54,1
2018-04-18,30.45,-85.25,45.599999999999994,2,17.08,3
2018-04-18,30.55,-84.05,13.9,1,7.4,1
2018-04-18,30.6,-84.05,9.5,1,9.12,2
2018-04-18,30.6,-84.0,34.5,2,25.509999999999998,4
2018-04-18,30.6,-83.95,21.2,1,29.9,5
2018-04-18,30.65,-86.9,15.0,1,13.440000000000001,2
2018-04-18,30.65,-84.25,44.4,2,76.64,8
2018-04-18,30.65,-84.15,8.2,1,11.5,3
2018-04-18,30.65,-84.05,10.6,1,12.04,2
2018-04-19,25.95,-80.95,267.5,6,124.42,16
2018-04-19,26.0,-81.0,30.200000000000003,2,23.189999999999998,8
2018-04-19,26.0,-80.95,32.2,1,45.27,5
2018-04-19,26.3,-81.6,12.0,1,25.51,5
2018-04-19,26.75,-81.75,37.2,2,20.76,4
2018-04-19,26.8,-82.2,23.8,1,28.51,3
2018-04-19,27.1,-81.4,42.9,2,32.4,4
2018-04-19,27.15,-82.45,156.5,3,16.85,4
2018-04-19,27.25,-80.6,13.7,1,13.08,1
2018-04-19,27.6,-81.35,313.0,2,544.3,5
2018-04-19,27.65,-81.5,16.7,1,20.92,2
2018-04-19,27.75,-80.95,129.1,5,50.81,4
2018-04-19,27.8,-80.95,10.3,1,25.47,3
2018-04-19,27.9,-82.25,13.0,1,5.19,1
2018-04-19,28.0,-81.05,44.2,1,22.52,2
2018-04-19,28.05,-81.15,18.6,1,16.26,2
2018-04-19,28.05,-81.0,1243.7,4,46.17,3
2018-04-19,28.45,-82.05,13.4,1,6.56,2
2018-04-19,28.55,-82.35,18.3,1,3.85,1
2018-04-19,29.3,-81.5,37.0,2,16.92,1
2018-04-19,29.95,-84.95,19.7,1,5.62,1
2018-04-19,30.05,-84.8,53.5,1,14.34,2
2018-04-19,30.05,-84.75,249.7,3,44.55,4
2018-04-19,30.1,-84.8,526.8,5,925.2199999999999,41
2018-04-19,30.1,-84.75,531.3,5,254.14000000000001,17
2018-04-19,30.35,-82.75,71.7,3,8.57,1
2018-04-19,30.35,-82.35,256.6,6,100.05,13
2018-04-19,30.4,-82.35,140.9,3,165.72,17
2018-04-19,30.45,-81.55,10.0,1,15.34,3
2018-04-19,30.45,-81.5,12.3,1,5.94,1
2018-04-19,30.5,-84.65,23.4,1,16.22,2
2018-04-19,30.75,-87.5,27.5,2,12.39,3
2018-04-20,25.95,-80.95,9.6,1,8.73,5
2018-04-20,26.0,-81.0,81.7,3,59.510000000000005,13
2018-04-20,26.85,-81.6,35.0,2,61.510000000000005,4
2018-04-20,27.0,-80.15,34.5,1,26.5,2
2018-04-20,27.3,-81.1,30.7,2,15.05,2
2018-04-20,27.55,-81.0,11.7,1,82.08,10
2018-04-20,27.65,-81.2,94.69999999999999,4,262.93,8
2018-04-20,29.95,-84.95,358.4,5,67.38,7
2018-04-20,30.0,-84.95,27.7,2,19.12,2
2018-04-20,30.35,-85.95,9.7,1,3.73,1
2018-04-20,30.5,-85.95,32.400000000000006,2,14.64,2
2018-04-20,30.55,-86.6,13.8,1,2.86,1
2018-04-20,30.6,-86.6,110.2,3,108.07,11
2018-04-20,30.6,-84.8,12.1,1,5.46,1
2018-04-20,30.6,-84.05,53.9,3,40.33,5
2018-04-20,30.65,-84.3,31.4,2,3.75,1
2018-04-20,30.65,-84.25,35.4,1,19.14,3
2018-04-20,30.65,-84.05,10.2,1,50.73,8
2018-04-21,26.0,-81.0,10.7,1,18.0,10
2018-04-22,26.3,-81.6,6.3,1,4.640000000000001,2
2018-04-24,26.6,-80.8,76.9,1,12.84,2
2018-04-24,26.75,-81.75,7.0,1,8.16,1
2018-04-24,27.85,-81.7,119.1,2,3.54,1
2018-04-24,27.9,-82.25,8.5,1,6.44,1
2018-04-24,28.35,-82.0,59.7,2,50.87,3
2018-04-24,28.35,-81.95,163.8,5,482.28,16
2018-04-24,30.15,-84.55,175.6,3,430.4,34
2018-04-25,26.95,-80.6,12.3,1,181.69,9
2018-04-25,27.35,-81.7,20.0,1,20.8,1
2018-04-25,27.45,-80.8,7.2,1,30.39,5
2018-04-25,27.85,-80.6,39.9,2,166.94,8
2018-04-25,29.6,-83.15,16.0,1,3.31,1
2018-04-25,29.7,-85.3,9.8,1,6.99,1
2018-04-25,29.85,-82.05,107.1,2,61.269999999999996,7
2018-04-25,29.85,-82.0,17.3,1,14.5,2
2018-04-25,29.9,-84.6,8.9,1,6.73,2
2018-04-25,30.2,-85.25,11.2,1,17.15,3
2018-04-25,30.2,-84.75,18.0,1,45.11,9
2018-04-25,30.25,-85.55,120.4,4,116.67,7
2018-04-25,30.25,-82.5,33.5,1,141.29999999999998,6
2018-04-25,30.25,-82.45,827.2,13,790.03,22
2018-04-25,30.3,-84.65,88.9,1,44.08,7
2018-04-25,30.3,-84.6,28.4,3,260.15999999999997,19
2018-04-25,30.3,-82.45,694.0,7,142.11,8
2018-04-25,30.35,-83.05,20.3,1,5.09,1
2018-04-25,30.4,-83.1,13.7,1,6.21,1
2018-04-25,30.65,-84.05,12.3,2,17.39,3
2018-04-26,26.3,-81.5,15.1,1,9.76,2
2018-04-26,26.75,-81.75,9.4,1,5.53,1
2018-04-26,27.65,-81.45,13.9,1,52.37,14
2018-04-26,27.7,-80.9,10.3,1,14.56,3
2018-04-26,27.8,-80.6,734.1,7,241.24,16
2018-04-26,27.85,-81.2,177.1,2,105.58,7
2018-04-26,28.2,-82.3,8.2,1,28.759999999999998,5
2018-04-27,27.5,-82.0,27.6,1,15.100000000000001,3
2018-04-27,29.95,-83.75,17.7,1,6.84,1
2018-04-28,26.0,-81.0,14.4,1,22.17,3
2018-04-28,27.2,-80.65,26.9,2,17.04,3
2018-04-28,28.45,-80.6,88.2,2,48.42999999999999,4
2018-04-28,30.15,-82.45,22.4,1,15.24,2
2018-04-28,30.65,-86.5,179.2,2,748.74,20
2018-04-28,30.65,-86.45,27.4,1,262.22,7
2018-04-29,26.0,-81.0,15.1,1,10.17,7
2018-04-29,30.45,-86.75,446.5,3,89.9,3
2018-04-30,25.95,-81.05,65.4,1,18.5,3
2018-04-30,25.95,-81.0,571.5,5,986.34,16
2018-04-30,26.0,-81.0,316.3,3,427.76,22
2018-04-30,26.25,-81.25,77.2,1,158.16,5
2018-04-30,28.65,-82.6,50.9,1,101.37,4
2018-04-30,29.6,-83.4,104.4,2,51.34,7
2018-04-30,30.15,-84.55,21.8,1,5.12,1
2018-04-30,30.25,-85.9,39.1,2,116.92999999999999,9
2018-04-30,30.3,-83.2,13.7,1,8.39,2
2018-04-30,30.35,-83.6,90.3,3,99.33,5
2018-04-30,30.55,-86.7,272.8,6,135.49,23
2018-04-30,30.6,-86.7,42.3,2,26.94,5
2018-04-30,30.6,-84.05,20.6,1,17.58,2
2018-04-30,30.7,-85.4,17.0,1,5.02,1
2018-05-01,25.95,-81.05,285.9,10,216.07,13
2018-05-01,25.95,-81.0,98.7,4,4.08,1
2018-05-01,26.0,-81.05,30.9,2,453.18,18
2018-05-01,26.0,-81.0,75.5,2,27.6,4
2018-05-01,29.9,-84.75,21.6,2,5.48,2
2018-05-01,30.45,-84.65,18.2,2,3.51,1
2018-05-01,30.55,-84.3,9.2,1,7.92,2
2018-05-01,30.6,-83.95,10.8,1,3.83,1
2018-05-01,30.6,-83.7,37.8,2,8.36,1
2018-05-01,30.65,-83.8,33.5,3,8.31,1
2018-05-01,30.7,-85.45,11.1,2,4.41,1
2018-05-02,25.7,-81.1,434.8,3,259.95,18
2018-05-02,25.7,-81.05,214.8,2,11.29,1
2018-05-02,25.95,-81.1,1566.9,4,343.86,21
2018-05-02,25.95,-81.05,37.3,1,20.9,6
2018-05-02,26.2,-81.25,224.5,4,99.78,11
2018-05-02,26.25,-81.25,16.5,1,6.800000000000001,4
2018-05-02,29.0,-82.3,11.1,1,25.15,3
2018-05-02,29.4,-82.75,27.200000000000003,2,8.2,1
2018-05-02,29.5,-82.65,43.3,2,10.36,1
2018-05-02,29.95,-84.7,72.3,1,41.04,2
2018-05-02,30.05,-82.75,27.5,2,7.73,1
2018-05-02,30.25,-85.9,39.3,1,23.0,2
2018-05-02,30.25,-83.25,95.10000000000001,2,35.16,6
2018-05-02,30.3,-86.15,31.1,1,18.32,2
2018-05-02,30.3,-86.0,71.7,3,10.120000000000001,2
2018-05-02,30.6,-84.05,23.700000000000003,2,5.64,1
2018-05-02,30.65,-82.05,6.2,1,17.66,2
2018-05-02,30.85,-85.05,15.2,1,6.25,1
2018-05-03,25.95,-81.15,265.4,5,1.4,1
2018-05-03,25.95,-81.1,196.5,6,41.269999999999996,11
2018-05-03,25.95,-81.05,15.6,1,43.46,5
2018-05-03,25.95,-81.0,62.4,4,15.0,5
2018-05-03,26.0,-81.05,52.7,4,51.76,12
2018-05-03,26.0,-81.0,7.3,1,20.83,5
2018-05-03,26.45,-80.45,1789.1,4,3.6,1
2018-05-03,26.85,-81.5,34.1,2,25.72,2
2018-05-03,26.95,-81.6,21.6,2,32.14,3
2018-05-03,27.6,-81.05,15.5,1,21.94,2
2018-05-03,29.15,-81.8,160.7,4,171.72,7
2018-05-03,29.25,-82.1,55.9,2,23.74,2
2018-05-03,29.5,-82.65,7.1,1,8.4,2
2018-05-04,25.7,-81.1,96.10000000000001,2,40.96,5
2018-05-04,25.9,-81.1,43.9,2,3.2399999999999998,4
2018-05-04,25.95,-81.4,151.5,2,3.88,1
2018-05-04,25.95,-81.1,609.8,7,309.97,14
2018-05-04,25.95,-81.05,49.2,1,59.300000000000004,3
2018-05-04,26.0,-81.1,246.1,4,26.71,2
2018-05-04,26.0,-81.0,108.5,3,55.08,4
2018-05-04,26.2,-81.25,346.3,6,27.17,11
2018-05-04,26.45,-80.25,296.9,5,40.06,5
2018-05-04,26.5,-80.3,64.4,1,19.490000000000002,5
2018-05-04,26.55,-80.3,251.7,4,37.57,8
2018-05-04,28.75,-81.5,24.2,1,24.51,1
2018-05-04,30.45,-86.8,32.6,1,5.71,1
2018-05-05,26.0,-81.0,16.6,1,6.09,1
2018-05-05,26.2,-81.25,245.8,6,99.85,26
2018-05-05,27.35,-81.45,89.3,4,35.68,8
2018-05-05,30.45,-86.85,292.2,3,23.1,4
2018-05-05,30.45,-86.8,336.70000000000005,4,18.28,3
2018-05-06,25.7,-81.1,64.5,2,8.53,1
2018-05-06,25.7,-81.05,42.8,1,15.99,1
2018-05-06,25.9,-81.15,72.4,1,63.769999999999996,5
2018-05-06,25.9,-81.1,139.7,1,118.55,8
2018-05-06,25.95,-81.05,93.7,1,126.9,10
2018-05-06,26.0,-81.1,48.0,1,29.439999999999998,2
2018-05-06,30.9,-85.85,34.4,2,14.89,3
2018-05-07,25.7,-81.05,20.2,1,235.10000000000002,6
2018-05-07,28.05,-80.75,42.8,1,9.36,1
2018-05-07,30.2,-85.25,17.3,1,9.14,1
2018-05-07,30.2,-83.05,15.2,1,14.59,3
2018-05-07,30.35,-86.0,14.6,1,116.33,5
2018-05-07,30.55,-84.3,122.7,3,6.92,1
2018-05-07,30.6,-85.85,31.5,2,58.34,2
2018-05-07,30.7,-85.55,11.7,1,2.46,1
2018-05-08,25.7,-81.1,108.8,1,44.19,2
2018-05-08,25.7,-81.05,103.7,1,137.73000000000002,9
2018-05-08,25.9,-81.15,67.1,3,59.64,6
2018-05-08,25.9,-81.1,663.2,5,393.57,22
2018-05-08,25.95,-81.15,56.5,1,75.36,9
2018-05-08,25.95,-81.1,159.4,3,289.77,10
2018-05-08,26.0,-81.1,193.70000000000002,5,194.65,24
2018-05-08,26.0,-81.05,104.7,2,93.98,8
2018-05-08,26.0,-81.0,101.8,3,139.28,12
2018-05-08,26.2,-81.25,143.5,1,76.46000000000001,4
2018-05-08,26.9,-80.3,35.3,1,38.04,2
2018-05-08,26.9,-80.25,35.4,1,54.239999999999995,3
2018-05-08,27.1,-80.25,476.6,2,222.79999999999998,5
2018-05-08,27.15,-81.2,51.9,2,6.57,1
2018-05-08,27.15,-81.15,73.7,2,97.95,15
2018-05-08,27.3,-81.1,53.5,2,36.42,3
2018-05-08,27.35,-81.45,53.2,3,11.83,4
2018-05-08,28.05,-80.75,5.2,1,1.81,1
2018-05-09,25.7,-81.1,83.0,2,34.33,2
2018-05-09,25.75,-81.1,70.2,1,61.21,2
2018-05-09,25.9,-81.1,280.9,4,325.84999999999997,17
2018-05-09,25.95,-81.15,1122.1000000000001,5,478.83,12
2018-05-09,25.95,-81.1,129.7,2,43.64,5
2018-05-09,25.95,-81.0,31.9,3,192.79999999999998,11
2018-05-09,26.0,-81.15,973.5,4,681.12,14
2018-05-09,26.0,-81.1,1750.8,9,548.81,30
2018-05-09,26.0,-81.05,567.8,9,388.09000000000003,21
2018-05-09,26.0,-81.0,176.5,3,197.17,21
2018-05-09,26.2,-81.25,56.8,1,86.49000000000001,10
2018-05-09,26.85,-81.55,302.3,5,112.27000000000001,8
2018-05-09,26.9,-81.4,23.1,1,25.39,2
2018-05-09,26.9,-80.55,488.6,4,64.19,10
2018-05-09,27.35,-81.45,12.2,1,94.77,20
2018-05-09,28.35,-82.15,228.1,2,128.84,11
2018-05-09,29.05,-81.45,262.5,1,11.93,1
2018-05-09,29.05,-81.4,704.9,7,68.44,10
2018-05-09,29.1,-81.4,520.6,3,173.79,19
2018-05-09,29.8,-82.85,11.0,1,10.68,1
2018-05-09,29.8,-82.0,23.8,1,4.28,1
2018-05-09,29.8,-81.95,19.9,1,4.28,1
2018-05-09,30.25,-83.15,25.6,2,0.59,1
2018-05-10,25.9,-81.1,418.6,10,44.04,16
2018-05-10,25.95,-81.2,72.3,4,18.810000000000002,9
2018-05-10,25.95,-81.15,346.4,8,57.6,34
2018-05-10,25.95,-81.0,321.8,8,18.099999999999998,12
2018-05-10,26.0,-81.15,356.5,5,28.13,23
2018-05-10,26.0,-81.1,39.2,2,16.490000000000002,9
2018-05-10,26.0,-81.05,144.9,7,247.23000000000002,27
2018-05-10,26.0,-81.0,37.3,4,9.379999999999999,5
2018-05-10,26.2,-81.25,993.8,6,14.26,9
2018-05-10,26.85,-80.35,196.6,4,103.71000000000001,11
2018-05-10,27.35,-81.45,7.9,1,28.48,14
2018-05-10,30.0,-84.9,72.6,2,43.22,3
2018-05-10,30.1,-84.6,18.799999999999997,2,1.8,1
2018-05-10,30.65,-84.25,7.2,1,6.24,2
2018-05-11,25.9,-81.1,138.89999999999998,4,40.63,11
2018-05-11,25.95,-81.2,31.9,1,7.2299999999999995,4
2018-05-11,25.95,-81.15,78.39999999999999,2,4.34,3
2018-05-11,25.95,-81.0,57.4,3,4.55,4
2018-05-11,26.0,-81.2,19.0,1,0.69,1
2018-05-11,26.0,-81.15,714.1,7,14.5,10
2018-05-11,26.0,-81.1,65.3,2,4.39,3
2018-05-11,26.0,-81.05,139.10000000000002,4,40.37,22
2018-05-11,29.5,-82.8,32.8,1,18.95,2
2018-05-11,29.8,-83.05,39.4,2,149.29,7
2018-05-11,29.85,-85.3,424.7,4,183.85,9
2018-05-11,30.2,-83.05,8.5,1,13.38,1
2018-05-11,30.35,-83.85,10.7,1,9.14,1
2018-05-13,26.15,-81.25,32.9,1,8.27,6
2018-05-13,26.15,-81.2,21.2,1,8.08,8
2018-05-19,30.4,-86.8,91.0,2,42.44,6
2018-05-22,30.6,-83.6,13.2,1,6.59,1
2018-05-24,28.4,-82.0,169.7,3,51.239999999999995,3
2018-05-24,30.2,-83.05,15.3,1,10.120000000000001,2
2018-05-31,27.85,-81.7,49.4,1,2.84,3
2018-06-01,30.35,-83.35,11.4,1,5.84,1
2018-06-04,26.8,-81.95,8.6,1,79.29,9
2018-06-04,28.05,-81.4,12.5,1,99.82,5
2018-06-04,28.1,-81.05,29.0,2,47.660000000000004,5
2018-06-04,28.2,-81.15,25.9,1,13.82,2
2018-06-04,30.4,-86.1,38.6,1,5.24,1
2018-06-04,30.4,-85.65,190.3,6,11.14,2
2018-06-04,30.45,-86.1,102.9,1,58.34,6
2018-06-05,26.35,-80.75,272.6,7,17.93,12
2018-06-06,26.0,-81.45,64.8,3,14.3,2
2018-06-06,26.35,-80.75,127.0,5,144.32999999999998,20
2018-06-06,26.4,-80.75,143.4,7,94.42,13
2018-06-06,26.8,-82.0,16.1,1,12.96,3
2018-06-07,26.4,-80.8,521.4,5,33.61,17
2018-06-07,26.4,-80.75,407.2,7,40.62,11
2018-06-07,27.05,-82.35,13.8,1,6.77,2
2018-06-09,27.1,-82.1,73.69999999999999,2,4.86,1
2018-06-14,28.2,-82.65,179.6,4,20.16,4
2018-06-15,28.2,-82.65,15.6,1,25.16,2
2018-06-18,26.9,-81.9,40.2,2,54.49,2
2018-06-18,27.8,-80.55,212.5,3,42.26,5
2018-06-18,29.95,-83.7,59.900000000000006,2,22.53,2
2018-06-18,30.35,-83.6,18.299999999999997,2,14.32,2
2018-06-19,27.9,-81.15,225.29999999999998,4,85.42,2
2018-06-19,28.0,-81.05,87.89999999999999,3,44.72,3
2018-06-19,28.0,-81.0,24.6,1,19.46,1
2018-06-19,28.1,-81.0,234.7,4,50.72,6
2018-06-19,28.65,-82.3,12.2,1,4.94,1
2018-06-20,25.95,-80.95,135.9,4,76.37,6
2018-06-20,25.95,-80.9,64.5,4,122.72999999999999,12
2018-06-20,27.6,-80.9,19.6,1,4.29,1
2018-06-20,27.65,-80.9,27.1,1,39.88,2
2018-06-20,29.9,-82.85,10.1,1,7.41,1
2018-06-21,26.8,-81.95,209.1,6,107.78,4
2018-06-21,26.95,-80.2,87.6,2,6.08,2
2018-06-21,27.05,-82.3,98.6,4,277.71,1
2018-06-21,27.55,-81.15,139.8,4,4.43,1
2018-06-21,27.65,-81.45,73.5,3,284.99,5
2018-06-22,26.85,-81.95,219.9,1,39.0,2
2018-06-22,29.75,-83.55,15.4,1,11.68,2
2018-06-22,29.75,-82.55,10.7,1,3.2,1
2018-06-22,30.05,-82.9,63.900000000000006,3,33.839999999999996,3
2018-06-22,30.15,-81.95,34.5,2,66.85,8
2018-06-22,30.55,-86.8,78.4,2,6.78,2
2018-06-22,30.75,-86.9,41.4,1,23.43,5
2018-06-22,30.75,-86.85,93.0,4,44.84,8
2018-06-23,30.05,-85.6,658.8,7,76.92,4
2018-06-23,30.45,-86.75,18.1,1,83.96,6
2018-06-25,27.6,-81.0,41.2,2,3.8,1
2018-06-25,29.75,-84.9,8.1,1,8.22,5
2018-06-25,30.25,-82.75,5.5,1,0.65,1
2018-06-26,28.8,-82.05,22.8,1,1.22,1
2018-06-26,30.4,-83.15,17.7,1,19.93,1
2018-06-27,30.4,-86.05,54.3,1,5.91,1
2018-06-27,30.5,-83.95,12.5,2,10.38,1
2018-06-28,30.25,-83.2,9.0,1,2.89,1
2018-06-29,29.65,-82.9,10.0,1,3.75,1
2018-07-03,30.35,-83.35,8.9,1,13.55,1
2018-07-09,27.05,-81.45,39.9,1,10.33,1
2018-07-09,27.5,-82.2,31.2,1,116.66,10
2018-07-10,29.9,-85.35,25.2,1,31.82,5
2018-07-11,28.8,-82.05,18.8,1,30.93,2
2018-07-12,29.85,-85.35,23.9,1,3.28,1
2018-07-12,29.85,-85.3,12.2,1,11.88,1
2018-07-12,29.9,-85.35,10.5,1,45.83,5
2018-07-12,30.05,-82.75,90.1,2,54.14,3
2018-07-16,26.65,-81.5,7.6,1,1.65,1
2018-07-17,26.4,-82.15,285.6,1,349.54,13
2018-07-17,27.15,-81.0,14.2,1,4.57,1
2018-07-18,29.9,-85.3,9.0,1,7.6,1
2018-07-19,27.65,-80.95,80.80000000000001,2,13.54,2
2018-07-21,30.5,-86.9,29.1,1,126.38,5
2018-07-23,29.9,-85.3,25.3,3,23.11,2
2018-07-24,29.85,-85.3,50.5,2,12.43,1
2018-07-24,30.6,-83.55,11.4,1,7.8,1
2018-07-25,30.2,-85.85,15.3,1,15.1,3
2018-07-26,30.6,-84.0,15.3,1,6.22,1
2018-07-26,30.6,-83.55,14.0,1,13.32,2
2018-07-27,25.2,-80.9,36.3,2,37.07,5
2018-07-27,27.65,-82.5,10.9,1,13.99,1
2018-08-02,26.6,-80.2,11.8,1,0.96,1
2018-08-04,27.5,-82.35,17.2,1,4.77,1
2018-08-06,27.6,-81.05,125.1,3,12.12,1
2018-08-06,30.5,-85.7,27.0,1,6.83,1
2018-08-07,26.65,-81.55,8.5,1,8.8,1
2018-08-07,26.9,-81.7,10.0,1,19.8,4
2018-08-07,28.2,-82.05,21.8,2,35.22,6
2018-08-07,29.55,-82.55,7.2,1,4.5,1
2018-08-08,28.05,-81.45,82.4,2,37.519999999999996,3
2018-08-08,30.4,-87.0,199.39999999999998,4,144.7,5
2018-08-09,26.65,-81.55,30.4,1,9.07,1
2018-08-09,26.65,-81.3,14.9,1,2.59,1
2018-08-09,27.2,-80.7,17.2,1,31.08,2
2018-08-09,28.0,-81.0,10.2,1,83.64,8
2018-08-09,28.2,-82.65,19.2,1,105.8,2
2018-08-16,30.3,-83.3,9.9,1,7.13,1
2018-08-17,26.95,-80.2,40.7,2,7.52,1
2018-08-17,27.0,-80.2,81.6,1,7.52,1
2018-08-17,27.0,-80.15,26.4,1,7.52,1
2018-08-17,28.5,-81.65,10.5,1,4.04,1
2018-08-20,30.3,-82.15,11.1,1,2.72,1
2018-08-22,30.0,-85.4,31.0,2,27.799999999999997,6
2018-08-22,30.4,-85.35,3.8,1,1.44,1
2018-08-22,30.75,-87.4,12.4,1,4.58,1
2018-08-23,29.3,-81.35,14.6,1,124.83,1
2018-08-23,29.5,-82.85,8.2,1,18.54,2
2018-08-23,29.7,-82.85,10.1,1,10.04,1
2018-08-23,30.45,-83.1,77.6,2,10.43,1
2018-08-23,30.6,-85.2,14.5,1,15.43,2
2018-08-24,26.65,-81.35,8.5,1,2.1,1
2018-08-24,30.0,-85.4,18.9,1,10.04,2
2018-08-25,30.85,-85.05,13.7,1,13.91,1
2018-08-28,28.8,-82.05,4.0,1,10.9,4
2018-08-28,30.5,-85.95,15.9,1,23.349999999999998,4
2018-08-28,30.9,-86.45,9.1,1,9.65,1
2018-08-31,29.2,-81.4,10.1,1,3.88,1
2018-09-05,27.95,-80.9,44.7,2,49.43,5
2018-09-07,29.45,-82.6,11.0,1,0.86,1
2018-09-07,30.85,-85.05,14.2,1,1.08,1
2018-09-08,29.95,-82.7,7.3,1,3.45,1
2018-09-08,30.35,-84.0,13.7,1,13.59,3
2018-09-11,30.85,-85.05,15.3,1,11.66,3
2018-09-12,30.9,-85.3,52.599999999999994,2,18.5,2
2018-09-13,26.45,-80.8,17.8,1,9.66,1
2018-09-13,28.7,-82.0,90.7,3,17.41,1
2018-09-13,28.75,-82.0,13.9,1,60.739999999999995,3
2018-09-13,29.9,-85.25,18.7,2,14.39,2
2018-09-13,30.95,-85.2,6.8,1,6.01,1
2018-09-14,28.7,-82.0,24.1,2,11.1,2
2018-09-14,30.1,-82.75,71.0,2,10.2,1
2018-09-14,30.6,-85.2,4.7,1,2.05,1
2018-09-14,30.95,-85.2,6.5,1,0.68,1
2018-09-15,30.0,-81.9,73.5,4,42.3,3
2018-09-15,30.1,-83.15,21.6,1,27.68,2
2018-09-15,30.1,-82.75,11.0,1,20.91,3
2018-09-15,30.85,-85.35,30.7,1,45.73,2
2018-09-15,30.9,-85.35,67.5,1,35.69,1
2018-09-16,28.45,-80.6,280.9,3,216.92,6
2018-09-16,30.8,-85.3,5.8,1,2.21,1
2018-09-17,26.65,-81.55,12.9,1,17.62,2
2018-09-17,28.7,-82.0,16.2,1,7.76,1
2018-09-17,29.9,-85.25,30.3,2,10.489999999999998,2
2018-09-18,27.95,-80.9,26.4,1,13.82,3
2018-09-18,29.1,-81.95,120.9,2,9.61,1
2018-09-18,30.75,-87.4,10.7,1,11.46,2
2018-09-19,28.7,-82.0,10.8,1,38.9,4
2018-09-19,29.7,-82.95,25.3,1,14.65,2
2018-09-20,30.5,-84.6,177.39999999999998,4,80.81,5
2018-09-20,30.55,-84.6,48.5,1,11.16,2
2018-09-21,30.1,-82.75,37.5,2,23.66,4
2018-09-21,30.5,-85.95,16.8,1,10.55,3
2018-09-24,26.65,-81.55,5.5,1,6.16,2
2018-09-24,28.7,-82.0,24.6,2,11.35,1
2018-09-24,28.85,-82.05,19.4,1,14.22,2
2018-09-24,30.1,-82.75,31.9,2,23.270000000000003,3
2018-09-24,30.45,-84.6,7.5,1,6.77,1
2018-09-25,27.95,-80.85,38.7,1,30.58,2
2018-09-25,28.85,-82.1,23.6,1,13.78,2
2018-09-25,28.85,-82.05,7.8,1,8.149999999999999,4
2018-09-25,30.1,-82.75,99.1,3,23.33,1
2018-09-26,30.1,-82.75,41.2,2,8.98,3
2018-09-26,30.35,-85.2,17.3,1,12.87,1
2018-09-26,30.45,-84.6,27.9,1,13.05,1
2018-09-27,26.7,-81.7,81.8,2,36.370000000000005,2
2018-09-27,27.95,-80.85,20.5,1,125.38999999999999,8
2018-09-30,26.7,-81.85,5.6,1,6.01,3
2018-09-30,30.85,-85.05,5.5,1,0.6,1
2018-10-01,30.4,-83.95,4.5,1,5.14,1
2018-10-01,30.85,-85.05,10.6,1,7.28,1
2018-10-02,30.1,-82.75,36.2,2,25.45,2
2018-10-03,29.15,-81.8,170.5,2,833.5699999999999,14
2018-10-03,29.55,-81.65,17.1,1,9.88,1
2018-10-03,30.4,-83.55,52.3,1,10.13,1
2018-10-03,30.5,-84.6,69.1,2,42.07,5
2018-10-03,30.55,-84.6,13.6,1,17.0,2
2018-10-04,28.8,-82.05,18.2,2,15.02,1
2018-10-04,29.15,-81.8,152.9,4,17.2,3
2018-10-04,29.55,-81.65,27.5,2,5.57,1
2018-10-04,30.1,-83.3,8.8,1,4.23,1
2018-10-04,30.1,-82.75,11.9,1,3.76,1
2018-10-04,30.5,-83.8,35.0,1,69.01,4
2018-10-04,30.65,-86.0,51.099999999999994,2,56.61,5
2018-10-04,30.75,-87.45,103.9,3,60.95,4
2018-10-05,26.4,-80.95,102.0,1,110.72,6
2018-10-05,27.65,-80.6,7.1,1,7.52,2
2018-10-05,29.15,-81.8,688.0,6,207.92000000000002,7
2018-10-05,29.3,-81.15,25.5,1,30.509999999999998,3
2018-10-05,30.4,-86.1,28.0,1,124.39999999999999,5
2018-10-06,29.65,-82.7,19.4,1,20.23,1
2018-10-06,30.5,-85.3,116.80000000000001,5,15.57,2
2018-10-06,30.75,-87.4,146.89999999999998,2,47.95,6
2018-10-07,30.35,-83.15,9.0,1,16.02,1
2018-10-07,30.35,-83.1,33.0,2,6.67,2
2018-10-07,30.85,-87.15,48.5,1,83.52,5
2018-10-07,30.9,-87.15,38.5,1,181.65,4
2018-10-08,30.35,-83.15,4.3,1,5.15,2
2018-10-08,30.4,-86.05,63.3,2,13.37,1
2018-10-12,29.7,-82.7,14.8,1,5.51,1
2018-10-13,29.85,-81.95,6.8,1,1.38,1
2018-10-14,26.55,-80.85,42.7,1,7.72,1
2018-10-15,27.05,-81.45,9.8,1,4.72,1
2018-10-15,28.75,-82.5,14.6,1,4.6,1
2018-10-15,30.0,-83.05,31.2,1,8.87,1
2018-10-15,30.25,-84.25,89.69999999999999,3,33.76,4
2018-10-15,30.75,-87.0,22.5,1,33.12,4
2018-10-16,26.65,-81.5,28.5,1,8.24,2
2018-10-16,30.05,-83.15,13.1,1,7.19,1
2018-10-16,30.75,-87.0,28.0,1,16.05,3
2018-10-17,28.2,-80.8,21.3,1,5.23,1
2018-10-18,26.65,-81.5,17.7,1,2.31,1
2018-10-18,28.2,-81.55,14.9,1,6.18,1
2018-10-18,30.35,-83.1,24.9,2,13.969999999999999,2
2018-10-19,29.65,-82.7,40.6,1,10.24,1
2018-10-19,30.35,-83.1,8.8,1,13.09,3
2018-10-19,30.4,-83.3,11.4,1,12.54,3
2018-10-21,26.55,-80.95,57.4,2,12.26,2
2018-10-22,28.35,-82.45,39.2,2,27.080000000000002,4
2018-10-22,28.75,-82.55,18.1,1,3.97,1
2018-10-22,30.35,-83.1,16.2,1,0.34,1
2018-10-22,30.45,-83.3,31.700000000000003,2,27.12,2
2018-10-23,27.15,-80.45,43.8,2,20.28,1
2018-10-23,27.85,-80.65,30.6,1,6.81,1
2018-10-24,28.1,-82.2,16.1,1,2.7,1
2018-10-26,26.45,-80.8,15.4,1,8.33,2
2018-10-28,26.45,-80.75,18.4,1,13.57,2
2018-10-28,26.45,-80.5,43.2,2,18.3,2
2018-10-28,27.75,-81.9,331.2,4,206.01999999999998,10
2018-10-28,27.75,-81.85,14.2,1,48.8,2
2018-10-28,30.7,-87.3,53.2,1,28.779999999999998,2
2018-10-28,30.7,-87.25,218.1,4,379.61,18
2018-10-29,26.3,-81.25,9.7,1,6.92,2
2018-10-29,26.6,-81.05,14.1,1,6.41,1
2018-10-29,26.65,-81.5,26.9,2,38.43,7
2018-10-29,28.2,-81.6,11.3,1,2.97,1
2018-10-29,29.2,-81.4,14.5,2,2.78,1
2018-10-29,29.7,-83.0,71.1,1,70.01,5
2018-10-29,29.95,-81.9,85.8,1,4.85,1
2018-10-29,30.3,-84.2,57.8,2,43.05,6
2018-10-29,30.5,-83.15,8.8,1,6.07,2
2018-10-29,30.85,-87.45,296.4,5,186.94,13
2018-10-30,26.65,-81.5,106.6,4,20.419999999999998,4
2018-10-30,26.95,-80.55,24.0,1,185.1,16
2018-10-30,27.1,-80.4,107.3,3,31.89,6
2018-10-30,27.3,-81.75,37.7,2,154.44,9
2018-10-30,27.5,-82.3,34.1,2,169.01,7
2018-10-30,27.6,-80.65,16.7,1,19.39,3
2018-10-30,27.6,-80.6,16.1,1,13.54,2
2018-10-30,27.65,-82.5,17.2,1,65.05,3
2018-10-30,28.35,-82.3,13.2,1,16.990000000000002,3
2018-10-30,29.0,-82.4,14.1,1,18.57,3
2018-10-30,29.05,-82.55,14.8,1,19.85,3
2018-10-30,29.85,-82.85,12.2,1,7.83,2
2018-10-30,30.55,-83.9,63.6,2,17.45,2
2018-10-30,30.55,-83.75,65.0,4,17.35,3
2018-10-30,30.65,-85.6,30.1,2,20.990000000000002,2
2018-10-31,26.45,-80.75,12.5,1,2.13,1
2018-10-31,26.95,-81.95,20.3,1,47.94,2
2018-10-31,27.0,-82.35,9.8,1,6.88,2
2018-10-31,27.5,-82.3,24.0,1,27.81,3
2018-10-31,27.7,-82.3,50.5,2,10.98,2
2018-10-31,28.5,-80.85,60.3,3,10.88,1
2018-10-31,28.75,-82.55,30.799999999999997,2,8.43,1
2018-10-31,28.75,-82.0,8.5,1,4.68,1
2018-10-31,29.0,-82.4,36.599999999999994,3,52.34,3
2018-10-31,30.5,-84.0,366.8,4,121.21,4
2018-10-31,30.55,-83.5,32.8,2,14.57,2
2018-10-31,30.65,-85.6,10.4,1,13.02,2
2018-10-31,30.75,-87.45,218.89999999999998,3,153.01999999999998,5
2018-10-31,30.8,-87.0,104.2,2,99.43,9
2018-10-31,30.9,-87.5,315.7,3,174.44,5
2018-10-31,30.9,-87.45,192.1,2,54.09,3
2018-10-31,30.9,-86.7,19.1,1,18.97,1
2018-11-01,26.45,-80.75,7.1,1,17.43,5
2018-11-02,26.5,-80.85,33.4,2,29.09,6
2018-11-02,27.55,-80.55,46.8,2,9.76,1
2018-11-03,30.65,-85.6,6.2,1,5.55,2
2018-11-05,26.4,-80.95,12.0,1,69.84,4
2018-11-05,26.65,-81.55,21.1,2,5.01,1
2018-11-07,25.35,-80.8,14.5,1,61.290000000000006,3
2018-11-07,27.65,-80.6,33.8,2,48.57,4
2018-11-07,28.2,-81.6,9.9,1,8.370000000000001,2
2018-11-07,28.3,-81.75,23.299999999999997,2,6.91,1
2018-11-07,29.25,-82.3,38.2,3,8.49,2
2018-11-07,30.1,-81.55,14.1,1,7.26,1
2018-11-08,27.05,-81.7,14.7,1,35.629999999999995,2
2018-11-08,29.4,-82.9,10.1,1,8.32,1
2018-11-09,26.65,-81.5,47.3,2,98.73,7
2018-11-09,27.65,-80.6,65.5,2,52.17,4
2018-11-09,27.7,-80.6,23.5,1,58.15,3
2018-11-09,28.85,-81.55,23.1,2,8.47,1
2018-11-09,29.15,-81.85,379.5,3,155.41,4
2018-11-09,30.1,-81.55,7.8,1,5.35,1
2018-11-09,30.35,-85.0,6.5,1,8.43,4
2018-11-10,26.75,-80.55,125.8,1,50.5,4
2018-11-10,30.35,-85.0,7.2,1,3.61,1
2018-11-11,30.5,-86.85,287.1,5,137.95,12
2018-11-11,30.5,-86.8,138.6,3,103.84,3
2018-11-12,26.65,-81.5,13.7,1,69.56,6
2018-11-12,28.2,-82.75,7.9,1,6.12,1
2018-11-12,28.75,-82.55,5.7,1,2.87,1
2018-11-12,28.75,-82.5,8.3,1,1.32,1
2018-11-13,27.6,-80.9,23.2,1,10.67,1
2018-11-13,28.65,-81.85,16.5,1,17.96,1
2018-11-13,28.95,-82.1,11.1,1,6.55,3
2018-11-14,26.65,-81.55,37.8,2,94.87,12
2018-11-16,26.4,-80.8,15.5,1,25.62,2
2018-11-16,26.45,-80.55,28.0,3,4.18,1
2018-11-16,27.3,-80.55,25.4,2,15.73,3
2018-11-16,27.65,-80.6,38.3,2,48.95,5
2018-11-16,27.7,-81.3,34.1,3,9.88,1
2018-11-16,30.0,-82.9,32.5,2,21.16,2
2018-11-16,30.35,-85.0,5.9,1,11.57,2
2018-11-16,30.45,-84.9,5.6,1,6.58,2
2018-11-17,30.25,-82.65,7.5,1,5.6,1
2018-11-17,30.35,-85.0,8.7,2,14.129999999999999,4
2018-11-17,30.55,-86.75,70.4,4,5.28,2
2018-11-17,30.65,-86.05,4.5,1,13.72,2
2018-11-18,30.55,-86.8,45.0,2,74.01,6
2018-11-18,30.55,-85.45,5.8,1,6.2,2
2018-11-18,30.95,-86.5,8.8,1,17.93,3
2018-11-19,28.75,-81.9,10.5,1,4.24,1
2018-11-19,29.2,-81.8,3.7,1,7.34,1
2018-11-19,29.65,-83.4,5.3,1,1.83,1
2018-11-19,30.45,-83.85,16.9,2,14.61,3
2018-11-20,30.25,-82.65,5.6,1,2.69,1
2018-11-20,30.3,-84.25,6.7,1,6.140000000000001,2
2018-11-20,30.35,-84.1,6.9,1,4.58,1
2018-11-20,30.45,-83.85,27.400000000000002,3,12.52,2
2018-11-21,26.25,-81.25,12.4,1,1.96,1
2018-11-21,27.4,-82.5,4.3,1,3.32,1
2018-11-21,28.2,-82.75,5.3,1,5.48,1
2018-11-21,30.35,-82.8,6.6,1,4.17,1
2018-11-21,30.45,-83.75,33.6,1,38.02,2
2018-11-23,27.15,-81.6,15.0,1,5.55,1
2018-11-23,28.8,-81.95,7.1,1,4.39,1
2018-11-26,26.65,-81.55,36.8,2,15.98,2
2018-11-27,26.8,-81.75,6.8,1,12.25,1
2018-11-27,27.05,-81.7,4.2,1,21.03,3
2018-11-27,27.45,-82.4,4.6,1,5.16,1
2018-11-27,28.2,-81.6,5.4,1,5.52,1
2018-11-27,29.6,-82.9,7.0,1,13.42,4
2018-11-27,30.0,-82.65,5.0,1,5.84,1
2018-11-27,30.5,-83.35,15.1,1,13.07,1
2018-11-27,30.55,-85.45,8.7,1,9.06,1
2018-11-28,26.5,-81.55,5.3,1,2.94,1
2018-11-28,27.05,-81.7,7.5,1,7.24,1
2018-11-28,28.75,-82.5,5.2,1,4.1,2
2018-11-29,27.0,-80.2,161.2,4,169.4,8
2018-11-29,27.0,-80.15,13.2,2,6.33,1
2018-11-29,30.5,-84.0,14.7,1,9.55,1
2018-11-29,30.65,-85.05,44.0,2,50.620000000000005,6
2018-11-30,29.7,-83.1,73.30000000000001,3,25.589999999999996,3
2018-11-30,30.65,-85.05,19.7,1,24.06,4
2018-11-30,30.65,-84.6,28.5,2,4.63,1
2018-11-30,30.65,-84.55,16.9,1,16.299999999999997,3
2018-11-30,30.7,-85.05,20.5,1,18.35,2
2018-11-30,30.9,-86.45,11.6,1,2.39,1
2018-11-30,30.9,-86.25,13.0,1,1.4,1
2018-12-01,26.7,-80.4,202.2,4,11.11,2
2018-12-02,26.15,-80.75,67.9,5,31.85,7
2018-12-02,26.15,-80.7,19.5,1,6.8500000000000005,2
2018-12-02,26.5,-80.6,25.8,1,55.900000000000006,2
2018-12-02,26.5,-80.55,19.1,1,12.34,1
2018-12-03,26.75,-80.4,180.2,5,45.5,2
2018-12-03,26.85,-81.1,596.7,2,22.48,6
2018-12-03,27.3,-80.45,33.8,1,5.16,1
2018-12-03,28.2,-82.75,12.7,1,3.71,1
2018-12-04,27.65,-82.5,4.9,1,14.350000000000001,2
2018-12-04,28.8,-82.55,7.3,1,16.42,1
2018-12-04,30.55,-85.45,10.0,2,5.88,2
2018-12-06,26.6,-81.05,7.7,1,6.72,1
2018-12-06,26.85,-81.25,84.5,3,3.57,1
2018-12-06,26.85,-80.3,9.6,1,115.0,10
2018-12-06,27.35,-81.4,26.5,1,15.71,2
2018-12-06,27.35,-80.75,11.0,1,4.91,1
2018-12-06,27.75,-80.55,11.9,1,31.22,4
2018-12-06,27.85,-81.4,100.5,2,7.58,1
2018-12-06,28.4,-81.0,6.6,1,38.87,4
2018-12-06,28.75,-82.0,22.0,2,27.18,6
2018-12-06,28.75,-81.9,6.8,1,21.54,3
2018-12-06,29.0,-82.4,26.8,3,36.11,5
2018-12-06,29.35,-83.0,6.3,1,6.33,2
2018-12-06,29.7,-82.95,20.5,1,32.48,5
2018-12-06,30.1,-83.05,7.4,1,9.58,3
2018-12-06,30.1,-82.75,10.4,1,10.149999999999999,2
2018-12-06,30.15,-81.95,5.4,1,4.5600000000000005,2
2018-12-06,30.55,-85.45,10.8,1,3.51,1
2018-12-07,26.65,-80.75,24.900000000000002,2,101.19,3
2018-12-07,26.95,-82.3,78.19999999999999,2,74.60000000000001,5
2018-12-07,27.3,-81.1,6.5,1,34.74,4
2018-12-07,27.35,-81.4,60.1,3,5.08,1
2018-12-07,27.55,-82.55,5.1,1,2.46,1
2018-12-07,27.55,-80.9,20.6,2,6.57,1
2018-12-07,27.65,-81.25,4.0,1,14.45,1
2018-12-07,27.65,-81.2,5.3,1,61.5,4
2018-12-07,27.85,-81.35,40.6,2,23.439999999999998,3
2018-12-07,28.2,-80.8,74.2,3,11.37,1
2018-12-07,28.4,-82.35,31.0,2,5.55,1
2018-12-07,28.55,-82.1,8.3,1,2.28,1
2018-12-07,28.7,-81.9,9.4,2,4.19,2
2018-12-07,28.75,-82.0,65.6,3,12.64,2
2018-12-07,29.7,-83.05,27.0,2,14.0,2
2018-12-07,30.8,-87.25,46.9,2,47.12,6
2018-12-08,27.15,-82.35,118.4,3,195.18,14
2018-12-08,27.9,-81.85,15.9,1,9.75,3
2018-12-11,26.5,-80.9,8.5,1,45.269999999999996,4
2018-12-11,27.1,-80.4,6.8,1,10.149999999999999,2
2018-12-11,27.35,-81.4,95.9,3,29.669999999999998,4
2018-12-11,28.4,-82.35,22.2,2,20.85,3
2018-12-11,28.75,-82.45,40.1,2,9.629999999999999,2
2018-12-11,30.55,-85.45,13.1,1,13.98,3
2018-12-11,30.65,-85.35,9.3,1,12.100000000000001,3
2018-12-12,27.95,-80.9,7.6,1,29.939999999999998,2
2018-12-12,28.65,-81.6,14.100000000000001,2,8.559999999999999,2
2018-12-12,30.55,-85.45,9.0,1,0.92,1
2018-12-12,30.65,-85.35,11.4,1,0.37,1
2018-12-13,26.25,-81.5,11.0,1,3.7,1
2018-12-16,26.5,-80.95,19.7,1,119.85,2
2018-12-17,27.05,-81.7,29.2,2,18.82,5
2018-12-17,27.35,-81.4,12.7,1,8.91,1
2018-12-17,27.35,-81.2,12.7,1,192.79,7
2018-12-17,27.8,-80.6,72.7,3,12.36,1
2018-12-17,30.35,-83.25,16.8,1,5.53,1
2018-12-17,30.55,-85.45,5.2,1,2.16,1
2018-12-17,30.6,-86.7,52.2,2,7.68,2
2018-12-18,28.05,-81.45,26.7,1,41.89,4
2018-12-18,28.35,-82.45,19.8,2,17.7,4
2018-12-18,28.7,-82.05,14.6,1,14.85,1
2018-12-18,29.6,-82.95,13.6,1,30.14,1
2018-12-18,30.5,-85.0,5.3,1,4.83,2
2018-12-18,30.65,-85.35,14.6,1,20.169999999999998,5
2018-12-20,26.55,-80.65,46.1,2,22.72,2
2018-12-23,26.65,-80.9,47.3,1,112.44,4
2018-12-24,27.1,-80.65,23.200000000000003,2,2.14,1
2018-12-24,30.35,-83.25,25.3,1,11.94,1
2018-12-26,30.35,-83.25,30.1,1,9.84,1
2018-12-29,26.7,-81.05,107.4,2,12.3,1
2019-01-02,26.7,-81.4,42.5,2,266.89,5
2019-01-02,27.2,-81.8,50.9,1,23.64,4
2019-01-02,27.45,-80.9,63.6,2,43.5,4
2019-01-02,27.55,-80.9,13.0,1,13.73,2
2019-01-02,28.05,-81.15,66.2,2,70.84,7
2019-01-03,27.2,-81.85,26.0,1,11.06,1
2019-01-05,26.65,-80.9,9.4,1,2.71,1
2019-01-05,26.7,-81.4,119.39999999999999,4,53.15,6
2019-01-05,28.7,-81.55,6.8,1,7.39,1
2019-01-07,26.6,-81.4,5.8,1,31.990000000000002,3
2019-01-07,26.65,-81.05,13.3,1,2.18,1
2019-01-07,26.7,-81.4,43.7,2,12.41,1
2019-01-07,26.7,-81.35,66.0,2,91.22,7
2019-01-07,26.85,-81.85,224.3,5,45.03,6
2019-01-07,26.85,-80.35,26.1,1,5.99,1
2019-01-07,26.9,-81.6,6.6,1,13.48,2
2019-01-07,27.05,-81.05,6.4,1,16.47,2
2019-01-07,27.2,-81.45,59.0,4,75.9,6
2019-01-07,27.3,-82.05,22.8,2,22.15,3
2019-01-07,27.55,-82.35,9.6,1,3.12,1
2019-01-07,27.55,-82.3,18.3,1,9.22,1
2019-01-07,27.65,-82.3,29.3,2,52.67999999999999,3
2019-01-07,27.7,-81.3,17.8,1,99.72999999999999,6
2019-01-07,27.7,-81.25,21.9,1,82.25,3
2019-01-07,28.2,-80.8,4.8,1,9.940000000000001,2
2019-01-07,28.75,-82.0,7.8,1,14.309999999999999,3
2019-01-07,30.45,-86.75,136.8,1,20.4,4
2019-01-07,30.45,-86.7,277.7,1,4.02,1
2019-01-07,30.55,-84.55,5.1,1,2.99,1
2019-01-07,30.6,-83.7,22.4,2,18.05,3
2019-01-07,30.65,-85.35,8.4,1,11.02,2
2019-01-07,30.65,-85.0,77.1,2,78.77,6
2019-01-07,30.65,-84.95,129.3,4,28.17,2
2019-01-08,26.95,-80.5,8.5,1,12.23,2
2019-01-08,27.05,-81.9,36.0,2,15.79,4
2019-01-08,27.3,-82.25,20.6,3,4.63,1
2019-01-08,27.6,-81.15,70.9,1,47.66,6
2019-01-08,27.75,-82.35,8.4,1,6.48,2
2019-01-08,28.35,-82.5,8.0,1,15.8,2
2019-01-08,30.0,-82.0,4.4,1,11.75,2
2019-01-08,30.05,-82.0,5.4,1,11.879999999999999,2
2019-01-08,30.8,-85.05,18.9,1,21.31,1
2019-01-09,27.55,-82.3,11.9,1,11.6,2
2019-01-09,27.7,-82.05,13.5,1,14.76,4
2019-01-09,27.75,-81.1,22.6,2,28.64,4
2019-01-09,28.15,-81.7,13.2,1,36.480000000000004,3
2019-01-09,28.65,-82.45,55.099999999999994,3,59.42,11
2019-01-09,28.75,-82.0,8.6,1,10.9,2
2019-01-09,28.75,-81.95,9.5,1,13.44,2
2019-01-09,29.0,-82.45,33.0,1,56.76,5
2019-01-09,29.0,-82.3,36.2,2,52.56,6
2019-01-09,29.05,-82.6,19.6,1,7.88,2
2019-01-09,29.7,-82.25,8.1,1,7.56,2
2019-01-09,29.7,-81.85,26.4,2,15.719999999999999,3
2019-01-09,29.9,-81.95,7.3,1,12.43,1
2019-01-09,30.2,-81.95,32.2,1,12.1,2
2019-01-09,30.35,-86.1,18.4,1,2.42,1
2019-01-09,30.4,-86.1,170.0,4,21.080000000000002,3
2019-01-09,30.4,-86.05,20.3,1,8.48,1
2019-01-09,30.4,-85.6,264.0,4,115.27,6
2019-01-09,30.4,-83.35,9.4,1,17.43,2
2019-01-09,30.4,-83.1,33.4,1,7.46,2
2019-01-09,30.4,-83.05,184.2,1,18.29,2
2019-01-09,30.45,-85.6,9.1,1,20.02,2
2019-01-09,30.55,-83.15,11.8,1,23.02,3
2019-01-09,30.65,-85.35,16.7,1,10.83,1
2019-01-09,30.7,-86.85,272.6,3,392.87,28
2019-01-09,30.7,-86.8,44.3,2,7.36,2
2019-01-09,30.75,-86.8,447.20000000000005,2,512.03,19
2019-01-09,30.8,-85.05,54.0,2,27.3,3
2019-01-10,26.85,-80.3,39.9,3,30.93,6
2019-01-10,26.95,-80.5,21.3,2,1.98,1
2019-01-10,27.2,-80.5,21.200000000000003,3,18.28,2
2019-01-10,27.25,-81.45,36.1,2,74.63,7
2019-01-10,27.5,-81.4,27.1,2,15.32,3
2019-01-10,27.6,-81.1,89.9,3,168.46,4
2019-01-10,27.7,-81.4,10.4,1,12.469999999999999,2
2019-01-10,27.7,-81.3,72.5,2,99.13,7
2019-01-10,27.75,-80.9,16.5,1,50.8,4
2019-01-10,27.8,-80.85,8.8,1,3.54,1
2019-01-10,27.9,-80.9,16.4,1,30.020000000000003,3
2019-01-10,28.35,-82.45,64.7,3,68.59,7
2019-01-10,28.75,-82.45,21.6,1,4.47,1
2019-01-10,28.75,-82.4,83.1,2,119.23,8
2019-01-10,28.75,-81.95,11.9,1,24.52,4
2019-01-10,28.8,-81.5,22.1,1,18.91,3
2019-01-10,29.1,-82.65,272.5,4,212.39,16
2019-01-10,29.1,-82.6,265.1,4,989.4,41
2019-01-10,29.1,-81.45,26.0,1,30.3,3
2019-01-10,29.2,-82.4,26.8,2,4.08,1
2019-01-10,29.2,-81.2,23.0,1,3.16,1
2019-01-10,29.25,-82.1,72.0,3,60.64,6
2019-01-10,29.25,-81.4,43.7,2,47.32,3
2019-01-10,29.45,-82.6,15.8,1,22.04,3
2019-01-10,29.7,-82.75,50.7,2,43.49,4
2019-01-10,29.8,-81.85,13.9,1,10.97,1
2019-01-10,29.9,-81.85,12.3,1,35.3,2
2019-01-10,30.15,-81.9,11.2,1,8.32,2
2019-01-10,30.3,-84.2,102.6,2,5.83,1
2019-01-10,30.3,-84.15,51.900000000000006,2,47.2,3
2019-01-10,30.3,-83.8,10.3,1,39.86,4
2019-01-10,30.4,-86.1,255.8,3,103.59,6
2019-01-10,30.45,-85.65,245.4,4,80.47,6
2019-01-10,30.55,-83.7,65.3,2,39.82,6
2019-01-10,30.6,-86.35,19.4,2,32.24,1
2019-01-10,30.6,-86.3,81.9,2,62.97,6
2019-01-10,30.65,-86.85,6.2,1,5.64,1
2019-01-10,30.65,-85.35,6.0,1,8.01,1
2019-01-10,30.7,-86.85,29.400000000000002,2,58.230000000000004,8
2019-01-10,30.7,-85.4,14.6,1,7.54,3
2019-01-10,30.75,-86.95,36.4,2,12.25,2
2019-01-10,30.75,-86.75,62.3,3,59.05,7
2019-01-10,30.8,-86.95,175.2,2,116.21000000000001,5
2019-01-10,30.8,-85.1,17.3,2,20.17,1
2019-01-11,26.55,-81.4,136.7,3,266.32,24
2019-01-11,26.55,-81.35,38.7,1,49.66,6
2019-01-11,26.55,-81.2,146.4,2,143.35,8
2019-01-11,26.85,-81.8,41.3,1,102.71000000000001,7
2019-01-11,26.95,-81.75,32.3,1,2.19,1
2019-01-11,27.75,-80.55,261.4,2,227.38,2
2019-01-11,27.8,-80.55,490.5,2,134.65,3
2019-01-11,29.25,-82.65,57.0,1,7.7,1
2019-01-11,29.3,-82.7,303.3,2,34.5,5
2019-01-11,29.3,-82.65,222.7,2,257.83,17
2019-01-11,29.5,-81.65,116.7,3,76.55,2
2019-01-11,29.5,-81.6,150.4,2,57.65,1
2019-01-11,30.45,-85.6,355.4,4,125.11,12
2019-01-11,30.5,-86.9,127.2,1,24.33,3
2019-01-11,30.5,-86.85,135.9,1,104.66,6
2019-01-11,30.55,-84.85,7.4,1,1.07,1
2019-01-11,30.55,-84.8,19.700000000000003,2,7.53,1
2019-01-11,30.55,-83.7,18.8,1,12.71,2
2019-01-11,30.65,-85.35,4.9,1,33.95,6
2019-01-12,28.75,-82.0,12.0,1,6.2,1
2019-01-13,27.65,-81.3,4.6,1,25.12,2
2019-01-13,27.7,-81.45,22.7,1,52.48,2
2019-01-13,30.65,-85.35,7.4,1,8.6,1
2019-01-14,26.7,-80.95,21.9,2,91.41,2
2019-01-14,26.9,-81.8,14.399999999999999,2,35.800000000000004,2
2019-01-14,26.9,-81.75,10.0,2,16.06,1
2019-01-14,26.9,-81.6,6.8,1,7.52,2
2019-01-14,26.9,-81.15,121.3,2,26.15,3
2019-01-14,26.95,-81.15,422.4,5,687.44,23
2019-01-14,27.2,-80.75,34.6,2,61.71,1
2019-01-14,27.3,-81.1,42.400000000000006,2,26.68,2
2019-01-14,27.35,-81.2,24.3,2,33.45,6
2019-01-14,27.35,-80.75,13.4,1,9.24,1
2019-01-14,27.4,-81.85,8.0,1,4.88,1
2019-01-14,27.5,-82.2,62.9,3,70.25,8
2019-01-14,27.55,-82.2,93.7,3,106.63,7
2019-01-14,27.55,-82.15,128.2,3,157.65,8
2019-01-14,27.6,-80.85,7.2,1,21.479999999999997,3
2019-01-14,28.1,-81.05,123.5,3,36.45,4
2019-01-14,28.75,-82.45,23.1,1,54.5,6
2019-01-15,26.1,-81.5,234.7,2,94.97,9
2019-01-15,26.1,-81.45,293.1,2,36.88,7
2019-01-15,26.15,-81.5,55.8,1,230.11,3
2019-01-15,26.55,-80.5,19.5,2,7.29,2
2019-01-15,26.6,-81.4,9.7,1,2.43,1
2019-01-15,26.85,-81.5,342.4,2,9.36,2
2019-01-15,26.9,-81.95,119.4,2,25.77,6
2019-01-15,27.45,-80.6,5.7,1,3.37,1
2019-01-15,27.65,-80.85,23.3,2,47.47,3
2019-01-15,27.75,-80.9,132.5,1,16.7,4
2019-01-15,28.2,-82.35,14.7,1,31.660000000000004,5
2019-01-16,26.3,-81.0,17.2,1,19.119999999999997,2
2019-01-16,26.4,-81.7,28.1,2,13.99,2
2019-01-16,29.7,-83.0,8.2,1,13.02,2
2019-01-16,29.95,-81.95,23.2,2,41.88,2
2019-01-16,30.5,-84.75,25.7,2,8.95,1
2019-01-16,30.65,-85.35,13.4,1,14.43,2
2019-01-16,30.95,-85.1,9.1,1,8.28,1
2019-01-17,26.85,-81.75,91.19999999999999,2,114.28,10
2019-01-17,27.1,-81.65,17.6,2,9.62,1
2019-01-17,27.2,-82.15,7.5,1,20.259999999999998,3
2019-01-17,27.5,-80.45,9.899999999999999,2,6.47,1
2019-01-17,27.6,-82.3,7.5,1,2.6,1
2019-01-17,27.7,-81.3,88.3,2,101.36,6
2019-01-17,27.7,-81.25,24.0,1,137.98000000000002,4
2019-01-17,27.8,-81.1,23.1,2,17.68,5
2019-01-17,27.8,-80.95,6.3,1,10.59,2
2019-01-17,28.2,-82.35,22.4,2,9.7,2
2019-01-17,28.45,-81.65,15.3,2,1.87,1
2019-01-17,28.55,-81.85,11.6,1,2.62,1
2019-01-17,28.75,-82.1,64.69999999999999,3,44.43,3
2019-01-17,28.75,-81.95,6.1,1,8.17,2
2019-01-17,30.25,-85.55,13.1,2,22.3,4
2019-01-17,30.35,-84.95,65.89999999999999,2,14.08,2
2019-01-17,30.4,-84.95,18.2,1,6.76,1
2019-01-17,30.45,-84.55,54.0,2,38.41,3
2019-01-17,30.55,-85.45,13.3,2,4.56,1
2019-01-17,30.55,-85.2,11.9,1,4.48,1
2019-01-17,30.55,-83.7,18.1,2,11.08,2
2019-01-17,30.65,-85.35,5.9,1,9.46,3
2019-01-17,30.65,-85.0,12.1,2,9.59,2
2019-01-17,30.65,-84.7,36.0,2,4.36,1
2019-01-18,26.75,-81.7,110.0,3,10.23,2
2019-01-18,26.85,-81.6,176.5,3,405.02,20
2019-01-18,27.0,-81.65,72.3,1,30.72,3
2019-01-18,27.15,-81.45,19.2,1,16.75,3
2019-01-18,27.25,-82.15,25.7,2,6.38,1
2019-01-18,27.6,-80.55,29.0,2,9.83,2
2019-01-18,27.8,-81.05,32.2,2,11.55,3
2019-01-18,28.0,-81.25,191.0,4,35.94,4
2019-01-18,28.2,-80.8,32.0,2,20.25,4
2019-01-18,29.15,-81.45,14.8,1,3.35,1
2019-01-19,26.3,-81.0,42.6,2,42.32,4
2019-01-19,26.3,-80.65,122.8,3,109.38,9
2019-01-19,26.35,-81.0,245.4,4,165.4,7
2019-01-19,26.55,-80.95,37.900000000000006,2,260.08000000000004,5
2019-01-19,26.8,-81.6,79.9,2,49.47,3
2019-01-19,27.1,-80.45,14.6,1,14.850000000000001,3
2019-01-19,27.15,-82.0,35.6,2,28.0,2
2019-01-19,27.35,-81.1,7.2,1,51.25,3
2019-01-19,27.5,-81.3,42.7,1,12.61,2
2019-01-19,27.5,-81.25,41.7,2,22.93,3
2019-01-19,27.55,-81.3,30.0,1,8.98,2
2019-01-19,27.55,-81.25,64.2,2,71.36,15
2019-01-19,28.85,-82.05,31.1,2,30.52,1
2019-01-19,29.7,-81.85,11.1,1,9.99,3
2019-01-22,28.75,-82.0,18.9,2,11.73,1
2019-01-22,28.75,-81.9,9.8,1,5.32,1
2019-01-22,28.8,-82.05,14.200000000000001,2,8.66,3
2019-01-22,28.8,-81.6,5.1,1,3.46,1
2019-01-22,28.8,-81.0,14.2,2,5.56,1
2019-01-22,29.05,-82.2,3.6,1,24.97,2
2019-01-22,29.45,-82.45,28.200000000000003,2,9.36,1
2019-01-22,30.35,-82.9,10.8,1,11.41,1
2019-01-22,30.55,-83.7,11.100000000000001,2,2.21,1
2019-01-22,30.65,-85.35,48.7,3,14.969999999999999,3
2019-01-23,28.75,-82.4,33.8,2,5.64,2
2019-01-23,28.85,-81.5,61.6,3,59.81,3
2019-01-23,29.2,-82.1,33.8,1,15.98,2
2019-01-23,29.25,-82.1,22.5,2,30.92,4
2019-01-23,29.7,-83.0,13.4,1,19.0,3
2019-01-23,29.9,-82.85,8.3,1,9.870000000000001,2
2019-01-25,26.85,-81.9,88.6,3,8.15,2
2019-01-25,27.55,-80.55,6.4,1,8.64,2
2019-01-25,27.6,-80.9,74.4,1,24.08,2
2019-01-25,28.0,-80.9,30.9,2,26.09,5
2019-01-25,28.75,-82.0,16.0,2,11.86,1
2019-01-25,28.85,-82.05,9.6,1,6.65,1
2019-01-25,29.95,-82.0,51.5,2,11.75,2
2019-01-26,30.55,-86.75,27.5,1,16.95,2
2019-01-26,30.6,-86.75,54.1,3,5.95,1
2019-01-26,30.7,-87.1,23.200000000000003,2,6.52,1
2019-01-26,30.75,-86.75,23.0,2,16.810000000000002,3
2019-01-28,29.2,-82.4,7.2,1,2.15,1
2019-01-28,29.4,-82.45,10.3,2,3.33,1
2019-01-28,29.45,-82.45,5.1,1,8.27,2
2019-01-28,30.3,-86.1,21.2,2,3.86,1
2019-01-28,30.4,-83.4,29.5,1,6.05,1
2019-01-28,30.45,-86.85,25.9,3,54.739999999999995,3
2019-01-28,30.55,-83.7,17.1,2,14.649999999999999,2
2019-01-28,30.65,-85.35,14.4,2,6.890000000000001,3
2019-01-28,30.65,-85.25,4.7,1,13.48,3
2019-01-28,30.75,-86.85,337.6,8,22.560000000000002,2
2019-01-30,27.55,-80.75,8.3,1,5.5,1
2019-01-31,28.8,-82.45,366.1,3,68.95,12
2019-01-31,29.9,-82.85,6.3,1,1.8,1
2019-01-31,30.15,-81.95,13.399999999999999,2,21.830000000000002,3
2019-01-31,30.3,-83.25,47.5,2,36.39,5
2019-01-31,30.4,-86.05,47.7,1,362.78999999999996,7
2019-01-31,30.45,-86.05,25.8,1,5.03,1
2019-01-31,30.5,-83.55,8.0,1,5.050000000000001,2
2019-01-31,30.5,-83.3,48.4,2,22.02,3
2019-01-31,30.55,-86.75,223.7,3,104.95,5
2019-01-31,30.55,-84.85,15.7,1,50.9,6
2019-01-31,30.55,-83.35,22.8,1,28.97,3
2019-01-31,30.65,-85.35,14.4,1,11.350000000000001,2
2019-01-31,30.9,-86.95,101.6,3,325.38,14
2019-01-31,30.9,-86.9,45.6,1,114.5,5
2019-02-03,26.95,-80.45,33.7,1,11.15,2
2019-02-04,26.3,-81.1,41.1,2,15.049999999999999,3
2019-02-04,26.85,-81.25,326.3,5,63.379999999999995,6
2019-02-04,27.05,-80.2,15.8,1,4.92,1
2019-02-04,29.9,-82.55,7.4,1,4.38,1
2019-02-04,30.5,-86.9,7.1,1,43.78,9
2019-02-05,26.3,-81.15,113.5,2,4.52,1
2019-02-05,26.4,-81.7,18.1,2,4.34,1
2019-02-05,26.4,-81.4,148.2,3,108.9,2
2019-02-05,26.6,-81.45,95.4,2,8.8,2
2019-02-05,26.85,-81.25,20.4,1,13.67,3
2019-02-05,27.0,-81.8,12.0,1,10.04,2
2019-02-05,27.3,-81.55,12.2,1,5.14,1
2019-02-05,27.4,-80.75,63.9,1,82.61,2
2019-02-05,27.5,-80.8,11.0,1,17.73,2
2019-02-05,27.6,-82.4,9.7,1,35.839999999999996,11
2019-02-05,27.6,-80.85,11.1,1,4.0,1
2019-02-05,27.9,-81.15,129.9,4,98.87,5
2019-02-05,28.05,-81.05,15.7,2,10.28,2
2019-02-05,28.8,-82.05,11.6,1,8.25,2
2019-02-05,29.1,-82.2,6.7,1,24.57,1
2019-02-05,29.9,-82.85,7.0,1,4.1,1
2019-02-05,30.35,-82.95,27.8,2,10.3,2
2019-02-06,25.5,-81.15,39.099999999999994,2,7.44,3
2019-02-06,25.5,-81.05,6.9,1,10.67,4
2019-02-06,25.5,-81.0,5.5,1,8.41,1
2019-02-06,25.55,-80.6,208.6,8,170.4,16
2019-02-06,25.6,-80.6,13.7,1,112.28,11
2019-02-06,26.55,-81.2,21.200000000000003,2,36.79,5
2019-02-06,26.55,-81.15,41.1,2,49.68,5
2019-02-06,26.6,-81.75,24.1,1,21.380000000000003,2
2019-02-06,26.75,-81.75,16.5,2,4.94,1
2019-02-06,26.85,-81.25,210.0,4,18.55,2
2019-02-06,26.85,-80.35,13.5,1,38.949999999999996,3
2019-02-06,27.0,-81.65,21.7,2,18.84,3
2019-02-06,27.05,-81.3,20.9,2,11.47,3
2019-02-06,27.15,-81.4,22.8,2,8.53,1
2019-02-06,27.2,-80.65,126.9,2,37.32,3
2019-02-06,27.25,-81.05,12.5,1,13.24,2
2019-02-06,27.35,-81.35,14.9,1,79.36,3
2019-02-06,27.4,-81.7,5.7,1,12.94,2
2019-02-06,27.45,-82.4,5.4,1,5.859999999999999,2
2019-02-06,27.45,-80.7,9.0,1,4.21,1
2019-02-06,27.5,-81.2,35.3,3,118.38000000000001,4
2019-02-06,27.55,-81.15,61.5,3,89.73,11
2019-02-06,27.75,-80.9,161.8,5,53.97,7
2019-02-06,27.8,-80.95,81.7,4,322.46000000000004,4
2019-02-06,27.8,-80.6,31.9,1,77.14,4
2019-02-06,27.85,-80.9,31.9,2,17.91,3
2019-02-06,27.95,-81.15,9.3,1,32.62,6
2019-02-06,28.25,-82.3,5.9,1,7.02,2
2019-02-06,28.25,-80.8,79.6,4,141.32999999999998,9
2019-02-06,28.35,-82.5,5.3,1,2.84,1
2019-02-06,29.35,-81.85,29.5,2,42.160000000000004,3
2019-02-06,29.35,-81.8,29.7,1,142.75,6
2019-02-06,29.6,-82.6,7.8,1,8.61,1
2019-02-06,29.7,-81.85,6.7,1,8.22,2
2019-02-06,30.25,-82.4,33.7,2,4.43,1
2019-02-06,30.45,-83.15,14.1,1,16.04,2
2019-02-06,30.6,-85.1,4.5,1,2.03,1
2019-02-07,25.5,-81.15,22.6,1,9.39,2
2019-02-07,25.55,-81.15,33.5,2,18.55,3
2019-02-07,26.0,-80.7,56.5,4,9.040000000000001,2
2019-02-07,26.4,-81.7,17.5,2,13.12,2
2019-02-07,26.4,-81.65,7.5,1,8.59,1
2019-02-07,26.65,-81.05,21.4,1,25.650000000000002,3
2019-02-07,26.65,-80.55,15.5,1,178.08,2
2019-02-07,26.85,-81.25,8.0,1,21.119999999999997,2
2019-02-07,26.85,-80.3,4.9,1,7.48,2
2019-02-07,26.95,-81.8,6.6,1,9.94,1
2019-02-07,27.0,-81.3,4.4,1,10.7,2
2019-02-07,27.4,-80.75,20.2,1,58.38,5
2019-02-07,27.5,-82.2,119.2,4,61.47,10
2019-02-07,27.5,-82.15,172.6,4,15.88,2
2019-02-07,27.5,-81.35,6.8,1,25.17,3
2019-02-07,27.55,-81.8,6.5,1,6.83,1
2019-02-07,27.6,-81.0,20.4,2,15.05,1
2019-02-07,27.95,-80.95,35.2,2,14.44,2
2019-02-07,28.0,-80.95,64.1,2,300.84,5
2019-02-07,28.0,-80.9,10.9,1,10.33,1
2019-02-07,28.2,-80.8,31.900000000000002,2,21.1,3
2019-02-07,28.5,-81.15,41.6,1,78.44,4
2019-02-07,28.8,-81.0,5.7,1,8.620000000000001,2
2019-02-07,29.35,-81.8,10.6,1,36.41,3
2019-02-07,29.85,-82.05,21.2,2,9.0,1
2019-02-07,29.95,-85.4,25.3,1,9.24,3
2019-02-07,29.95,-84.6,82.19999999999999,2,13.47,1
2019-02-07,29.95,-84.55,169.3,2,22.89,3
2019-02-07,30.25,-84.7,24.6,3,902.97,26
2019-02-07,30.35,-83.2,10.7,2,24.669999999999998,2
2019-02-07,30.6,-85.25,11.1,1,12.8,2
2019-02-08,27.6,-82.1,46.4,1,10.290000000000001,3
2019-02-08,27.65,-81.35,140.6,1,18.22,1
2019-02-08,27.8,-80.9,23.3,1,10.14,2
2019-02-08,28.05,-81.1,137.8,2,58.080000000000005,5
2019-02-08,28.1,-81.2,20.700000000000003,2,11.75,2
2019-02-08,28.5,-81.15,16.7,1,12.96,2
2019-02-08,28.8,-82.05,6.8,1,5.98,4
2019-02-08,29.35,-81.85,13.7,1,8.2,1
2019-02-08,29.55,-82.8,7.1,1,33.28,2
2019-02-08,29.65,-82.8,74.5,2,10.97,2
2019-02-08,30.3,-82.65,96.8,3,13.49,3
2019-02-08,30.3,-82.6,147.9,3,9.82,1
2019-02-09,30.35,-84.9,63.6,1,28.2,2
2019-02-09,30.4,-84.9,88.7,1,36.75,3
2019-02-09,30.5,-86.05,19.4,1,13.09,3
2019-02-11,27.15,-82.4,13.6,1,10.17,3
2019-02-11,27.65,-81.45,30.8,1,100.56,5
2019-02-11,30.2,-84.15,86.8,2,97.36,5
2019-02-13,30.3,-86.1,28.9,2,13.52,1
2019-02-13,30.7,-85.1,5.0,1,2.09,1
2019-02-14,25.95,-80.75,21.3,1,6.84,1
2019-02-14,25.95,-80.7,299.5,1,22.25,3
2019-02-14,26.0,-80.75,243.5,3,51.040000000000006,5
2019-02-14,26.0,-80.7,653.5,3,351.43,11
2019-02-15,26.0,-81.65,8.5,1,6.3,2
2019-02-15,27.05,-81.65,7.5,1,8.02,1
2019-02-15,27.1,-81.3,61.0,4,46.5,3
2019-02-15,27.15,-81.3,7.9,1,4.62,1
2019-02-15,27.15,-81.15,29.9,2,22.28,2
2019-02-15,28.5,-82.15,9.0,1,2.04,1
2019-02-15,29.2,-82.65,23.2,1,22.009999999999998,3
2019-02-16,26.4,-81.3,41.9,2,22.67,2
2019-02-16,26.5,-80.6,4.9,1,56.0,5
2019-02-16,26.7,-82.05,5.0,1,1.98,1
2019-02-17,26.4,-81.3,17.0,1,3.2,1
2019-02-17,27.55,-80.8,738.4,4,6.43,1
2019-02-17,28.5,-80.65,114.7,3,346.15999999999997,21
2019-02-17,28.55,-80.65,18.3,1,154.16,16
2019-02-17,29.15,-81.95,94.2,2,6.88,1
2019-02-18,27.15,-82.5,33.3,1,69.67999999999999,6
2019-02-18,27.35,-80.75,6.3,1,17.810000000000002,3
2019-02-18,27.4,-80.8,12.2,2,5.640000000000001,3
2019-02-18,27.55,-80.7,6.0,1,91.69,11
2019-02-19,27.75,-81.85,61.0,2,20.08,3
2019-02-19,27.95,-81.05,240.1,3,2.85,1
2019-02-19,28.7,-82.4,28.6,1,55.53,6
2019-02-20,26.35,-81.15,14.4,1,4.08,1
2019-02-20,27.7,-81.5,9.1,1,6.0600000000000005,2
2019-02-20,29.25,-83.05,7.3,1,27.15,2
2019-02-20,29.55,-82.85,8.4,1,6.9,1
2019-02-21,27.6,-81.2,15.2,1,111.17,11
2019-02-21,27.8,-80.6,35.8,1,51.05,8
2019-02-21,27.95,-81.1,117.5,2,112.24,13
2019-02-21,28.45,-81.15,44.800000000000004,2,176.86,7
2019-02-21,29.75,-82.0,10.1,1,26.6,2
2019-02-21,29.8,-82.9,10.5,1,5.15,1
2019-02-21,30.05,-82.75,27.8,2,4.15,1
2019-02-21,30.15,-83.2,61.7,3,19.45,3
2019-02-21,30.2,-84.0,4.9,1,25.8,5
2019-02-21,30.3,-82.55,418.40000000000003,3,110.61999999999999,18
2019-02-21,30.3,-82.5,39.5,1,4.99,1
2019-02-21,30.35,-83.15,15.0,1,8.98,2
2019-02-21,30.35,-82.25,5.8,1,11.34,1
2019-02-22,26.6,-81.5,12.6,1,26.64,4
2019-02-22,26.75,-81.75,10.0,1,24.85,3
2019-02-22,26.8,-81.65,117.4,3,6.71,1
2019-02-22,27.1,-80.5,56.7,4,62.06,4
2019-02-22,27.1,-80.4,40.6,2,42.92,3
2019-02-22,27.15,-82.1,23.6,2,31.770000000000003,5
2019-02-22,27.15,-80.45,40.8,1,17.84,2
2019-02-22,28.0,-80.95,169.9,3,140.61,15
2019-02-22,29.65,-82.95,11.3,1,5.58,1
2019-02-22,30.25,-82.5,8.9,1,0.88,1
2019-02-23,27.7,-81.3,66.3,1,261.48,12
2019-02-23,29.55,-82.85,14.4,1,6.66,1
2019-02-23,29.8,-83.0,8.3,1,17.86,2
2019-02-23,30.55,-86.35,173.4,4,114.81,14
2019-02-24,28.65,-82.4,10.9,1,5.72,1
2019-02-25,26.0,-81.75,21.5,1,26.509999999999998,2
2019-02-25,26.05,-81.6,5.8,1,9.55,1
2019-02-25,26.15,-81.45,39.1,1,51.99,5
2019-02-25,26.6,-81.5,50.5,1,20.75,1
2019-02-25,28.75,-82.1,36.0,2,27.88,2
2019-02-25,28.8,-82.1,7.2,1,2.61,1
2019-02-25,29.05,-82.45,87.9,2,8.84,1
2019-02-25,29.1,-82.45,25.1,1,8.84,1
2019-02-25,29.1,-82.3,8.9,1,3.73,1
2019-02-25,29.5,-81.65,5.7,1,90.79,2
2019-02-25,29.95,-85.0,79.1,3,32.730000000000004,4
2019-02-25,30.0,-84.5,31.1,1,78.98,3
2019-02-25,30.4,-85.0,19.3,1,4.15,1
2019-02-25,30.45,-84.5,28.3,1,35.24,3
2019-02-25,30.45,-83.45,11.1,1,3.05,1
2019-02-25,30.65,-84.3,24.6,2,34.22,4
2019-02-26,27.4,-80.8,232.29999999999998,3,45.52,2
2019-02-28,26.6,-80.7,18.1,1,4.55,1
2019-02-28,26.65,-81.2,182.3,2,3.24,1
2019-02-28,26.65,-80.7,29.2,1,18.24,2
2019-02-28,27.0,-81.5,23.1,1,55.5,4
2019-02-28,27.1,-81.75,172.4,4,29.15,3
2019-02-28,29.1,-82.3,12.2,1,9.54,1
2019-03-01,28.25,-82.0,19.5,2,5.85,1
2019-03-02,27.6,-81.25,155.2,4,92.15,8
2019-03-02,28.7,-82.05,34.4,1,7.47,1
2019-03-03,26.55,-80.7,54.3,2,92.37,5
2019-03-03,26.85,-80.55,121.6,1,247.93,7
2019-03-03,27.05,-80.65,9.7,1,3.25,1
2019-03-03,27.35,-81.05,16.2,2,19.13,3
2019-03-03,27.6,-81.25,20.6,1,5.81,1
2019-03-03,27.6,-81.2,83.4,2,70.53,5
2019-03-03,28.75,-82.5,101.4,2,22.93,2
2019-03-03,28.8,-82.5,28.6,2,70.56,7
2019-03-04,26.55,-81.55,6.7,1,3.84,1
2019-03-04,26.85,-81.95,13.2,1,33.34,4
2019-03-04,28.7,-82.05,48.2,1,26.0,3
2019-03-06,26.35,-81.2,14.2,1,35.76,3
2019-03-06,27.15,-81.2,74.9,2,255.61,14
2019-03-06,27.2,-82.15,25.2,1,13.719999999999999,2
2019-03-06,27.25,-81.75,13.1,1,29.229999999999997,4
2019-03-06,27.3,-82.1,11.3,1,19.08,6
2019-03-06,27.35,-81.45,14.2,1,62.77,1
2019-03-06,27.5,-81.45,96.0,2,99.05,5
2019-03-06,27.65,-81.05,42.3,1,64.06,3
2019-03-06,27.65,-81.0,52.2,2,224.11,9
2019-03-06,27.7,-81.0,20.2,1,145.66,7
2019-03-06,28.8,-82.35,47.1,3,18.82,3
2019-03-06,29.0,-82.3,39.3,2,130.29,13
2019-03-06,29.8,-83.35,37.3,2,3.72,1
2019-03-06,30.0,-84.5,89.2,2,73.86,8
2019-03-06,30.3,-84.0,27.4,1,30.62,4
2019-03-06,30.55,-86.65,115.5,2,59.07,7
2019-03-06,30.6,-86.1,6.9,1,1.84,1
2019-03-06,30.6,-84.35,31.8,3,69.15,7
2019-03-06,30.6,-84.1,10.4,1,5.01,1
2019-03-06,30.65,-85.35,4.1,1,7.61,2
2019-03-06,30.7,-85.4,5.7,1,4.05,3
2019-03-06,30.8,-86.95,63.400000000000006,3,34.379999999999995,4
2019-03-06,30.85,-86.7,28.4,2,32.17,3
2019-03-06,30.85,-86.25,14.1,1,4.24,1
2019-03-07,26.25,-81.35,16.7,1,7.19,1
2019-03-07,26.4,-81.15,81.7,2,19.66,2
2019-03-07,26.45,-81.05,40.5,2,3.05,1
2019-03-07,26.6,-81.4,34.7,2,57.379999999999995,4
2019-03-07,26.65,-80.45,43.6,1,118.43,4
2019-03-07,26.75,-81.65,150.6,2,74.46,7
2019-03-07,26.85,-81.85,81.80000000000001,2,30.380000000000003,4
2019-03-07,26.85,-80.45,99.3,1,23.84,4
2019-03-07,26.85,-80.4,54.0,1,14.85,3
2019-03-07,27.05,-81.15,32.8,2,15.51,2
2019-03-07,27.2,-82.3,36.2,2,5.06,1
2019-03-07,27.25,-81.45,81.7,2,122.65,7
2019-03-07,27.3,-81.95,25.7,2,17.95,4
2019-03-07,27.35,-81.45,385.1,4,29.810000000000002,2
2019-03-07,27.65,-82.4,39.1,2,3.73,2
2019-03-07,27.95,-81.05,235.0,4,205.81,4
2019-03-07,27.95,-80.6,37.7,2,79.81,5
2019-03-07,28.05,-81.15,140.8,4,390.96999999999997,10
2019-03-07,28.1,-81.3,33.4,2,36.75,5
2019-03-07,28.15,-81.55,65.1,3,15.100000000000001,5
2019-03-07,28.35,-81.05,32.3,1,10.64,1
2019-03-07,28.4,-81.05,123.0,3,61.09,5
2019-03-07,28.6,-82.6,18.5,1,41.42,4
2019-03-07,28.7,-82.5,525.2,7,285.46,16
2019-03-07,28.75,-82.5,109.3,4,13.73,1
2019-03-07,28.85,-82.2,38.2,1,71.24000000000001,4
2019-03-07,28.9,-82.35,66.1,2,3.53,1
2019-03-07,28.9,-82.25,27.4,1,12.42,2
2019-03-07,29.0,-82.3,22.3,1,86.21000000000001,5
2019-03-07,29.2,-82.4,80.5,2,23.6,3
2019-03-07,29.3,-81.8,995.2,9,553.77,12
2019-03-07,29.55,-82.85,67.9,3,25.29,1
2019-03-07,29.85,-83.25,69.3,2,52.4,5
2019-03-07,29.9,-81.85,21.1,1,22.13,2
2019-03-07,29.95,-84.45,30.8,1,4.9,1
2019-03-07,30.0,-82.85,43.1,1,2.11,1
2019-03-07,30.3,-84.7,46.7,2,4.79,1
2019-03-07,30.3,-84.65,27.4,2,56.0,4
2019-03-07,30.35,-83.95,48.5,2,58.76,3
2019-03-07,30.45,-83.15,30.0,2,6.18,2
2019-03-07,30.5,-83.3,403.0,7,181.64,7
2019-03-07,30.6,-87.3,585.6,4,395.89,5
2019-03-07,30.65,-84.35,7.0,1,14.16,1
2019-03-07,30.85,-86.75,177.20000000000002,2,33.08,8
2019-03-07,30.9,-86.75,172.4,3,100.75,12
2019-03-08,25.35,-80.6,44.8,1,3.25,1
2019-03-08,25.4,-80.6,401.2,3,227.91,7
2019-03-08,27.0,-81.5,42.0,2,18.08,1
2019-03-08,27.05,-81.1,20.7,1,17.97,1
2019-03-08,27.15,-82.3,100.0,3,179.74,9
2019-03-08,27.2,-82.3,57.1,1,111.57,2
2019-03-08,27.5,-82.05,36.7,1,48.39,3
2019-03-08,29.1,-81.7,41.5,1,38.14,5
2019-03-08,29.45,-83.0,11.6,1,14.7,1
2019-03-08,29.5,-83.0,10.7,1,10.64,2
2019-03-08,29.55,-82.85,19.2,1,12.58,2
2019-03-08,29.7,-85.15,16.6,2,6.26,1
2019-03-08,29.75,-83.35,63.8,4,36.44,2
2019-03-08,29.8,-82.35,20.5,2,2.7,1
2019-03-08,29.95,-85.0,28.6,2,38.5,9
2019-03-08,30.0,-82.85,10.0,1,22.57,3
2019-03-08,30.1,-84.2,10.3,1,25.81,3
2019-03-08,30.25,-83.3,8.5,1,13.35,1
2019-03-08,30.3,-82.6,119.8,2,118.61999999999999,6
2019-03-08,30.4,-86.1,145.8,2,7.57,1
2019-03-08,30.4,-86.05,11.5,1,66.0,3
2019-03-08,30.45,-84.0,7.4,1,7.11,1
2019-03-08,30.45,-83.55,34.3,3,10.690000000000001,3
2019-03-08,30.45,-83.15,14.9,1,5.18,1
2019-03-08,30.5,-83.3,63.5,2,16.91,3
2019-03-08,30.6,-87.3,6.3,1,1.95,1
2019-03-08,30.6,-84.65,11.1,2,9.54,3
2019-03-08,30.6,-84.35,46.5,2,98.99,8
2019-03-08,30.6,-84.0,5.6,1,9.28,2
2019-03-08,30.6,-83.9,5.1,1,8.72,2
2019-03-08,30.65,-84.25,25.7,1,25.62,1
2019-03-08,30.8,-85.55,38.0,2,23.48,2
2019-03-08,30.85,-86.25,5.2,1,10.32,2
2019-03-08,30.85,-85.5,9.7,1,1.99,1
2019-03-08,30.9,-85.6,3.6,1,2.53,1
2019-03-09,25.55,-80.5,19.0,1,4.48,1
2019-03-09,27.15,-82.3,162.2,2,164.92,5
2019-03-09,27.85,-81.8,12.1,1,4.9,1
2019-03-09,29.05,-81.45,1254.5,4,1253.56,25
2019-03-09,30.15,-84.85,770.0,2,37.94,6
2019-03-09,30.2,-84.85,79.8,3,434.33,33
2019-03-09,30.6,-87.3,10.1,1,10.09,3
2019-03-09,30.95,-85.45,6.9,1,2.93,1
2019-03-10,27.8,-81.5,25.1,1,22.63,3
2019-03-10,29.1,-81.7,7.1,1,10.69,1
2019-03-11,27.35,-81.65,27.700000000000003,2,5.82,1
2019-03-12,26.85,-81.3,21.8,1,9.899999999999999,2
2019-03-12,26.9,-81.9,44.3,1,101.97,6
2019-03-12,26.9,-81.85,110.3,4,19.32,2
2019-03-12,26.95,-80.6,104.2,1,30.6,3
2019-03-12,26.95,-80.55,31.0,1,13.88,2
2019-03-12,27.0,-80.6,12.1,1,30.6,2
2019-03-12,29.5,-81.75,7.6,1,64.95,6
2019-03-12,29.9,-82.8,39.900000000000006,3,20.4,3
2019-03-12,30.0,-84.5,53.0,2,107.17,11
2019-03-12,30.0,-82.85,118.5,1,147.47,15
2019-03-12,30.05,-83.6,25.0,2,11.14,2
2019-03-12,30.15,-84.45,93.9,2,24.77,5
2019-03-12,30.2,-84.5,976.5,10,189.97,38
2019-03-12,30.2,-84.45,440.40000000000003,5,122.83,19
2019-03-12,30.3,-83.9,149.29999999999998,4,68.44,5
2019-03-12,30.35,-83.9,59.4,1,45.150000000000006,4
2019-03-12,30.5,-83.3,52.900000000000006,3,41.260000000000005,6
2019-03-12,30.6,-84.1,6.5,1,1.82,1
2019-03-12,30.65,-84.2,28.0,2,33.58,6
2019-03-13,25.55,-81.0,69.5,1,22.74,2
2019-03-13,26.25,-81.4,8.1,1,3.87,1
2019-03-13,26.45,-80.5,13.3,2,216.44,4
2019-03-13,27.0,-81.3,56.4,2,4.69,1
2019-03-13,28.5,-82.05,6.5,1,29.869999999999997,3
2019-03-13,30.0,-84.45,52.1,1,31.84,4
2019-03-13,30.25,-84.65,717.9,4,45.78,1
2019-03-13,30.25,-84.6,479.4,3,32.97,1
2019-03-13,30.25,-82.55,28.0,1,25.15,5
2019-03-13,30.3,-84.65,490.1,2,180.84,3
2019-03-13,30.3,-84.6,74.3,2,52.36,3
2019-03-13,30.35,-83.9,103.7,3,53.06,3
2019-03-14,25.5,-81.05,196.9,1,49.53,6
2019-03-14,25.5,-81.0,99.6,1,83.00999999999999,6
2019-03-14,25.55,-81.05,229.3,4,9.92,5
2019-03-14,25.55,-81.0,145.9,1,353.64,18
2019-03-14,26.5,-80.75,15.4,1,2.38,1
2019-03-14,26.75,-81.35,37.4,1,29.57,2
2019-03-14,26.95,-80.2,19.4,1,31.810000000000002,3
2019-03-14,27.1,-81.75,41.0,2,41.2,6
2019-03-14,27.3,-81.95,18.2,1,4.18,1
2019-03-14,27.65,-81.25,47.9,1,29.080000000000002,2
2019-03-14,27.65,-81.2,26.8,1,41.92,4
2019-03-14,27.85,-80.95,29.3,1,57.97,4
2019-03-14,28.05,-81.0,210.5,3,35.89,4
2019-03-14,28.55,-81.05,20.5,1,13.05,1
2019-03-14,28.65,-81.0,16.4,1,290.82,10
2019-03-14,28.8,-81.95,12.4,1,20.15,2
2019-03-14,29.5,-82.9,42.5,1,45.7,5
2019-03-14,29.9,-82.6,22.4,1,19.31,1
2019-03-14,30.2,-84.05,56.7,1,284.99,17
2019-03-14,30.35,-82.75,32.3,2,26.58,2
2019-03-14,30.6,-84.0,14.1,1,13.86,3
2019-03-14,30.6,-83.75,28.3,1,61.9,7
2019-03-15,27.6,-81.25,70.6,2,82.32,3
2019-03-15,27.75,-82.15,27.1,2,17.64,2
2019-03-15,28.95,-81.8,133.7,2,3.36,1
2019-03-15,29.0,-82.2,151.9,2,25.16,2
2019-03-15,29.4,-83.2,19.2,1,5.95,1
2019-03-15,29.7,-82.5,18.9,1,42.36,5
2019-03-15,30.15,-82.5,15.8,1,4.03,1
2019-03-15,30.2,-84.15,16.1,1,5.66,1
2019-03-15,30.35,-83.35,19.5,1,6.98,1
2019-03-18,29.5,-81.75,18.5,2,69.44999999999999,3
2019-03-19,30.7,-87.55,31.900000000000002,2,21.740000000000002,4
2019-03-19,30.85,-87.05,125.80000000000001,4,57.01,1
2019-03-19,30.95,-86.7,37.4,2,29.380000000000003,5
2019-03-20,29.05,-82.25,34.4,1,3.41,1
2019-03-20,29.8,-85.0,1181.1000000000001,6,28.08,5
2019-03-20,30.0,-85.4,65.5,2,56.449999999999996,4
2019-03-20,30.0,-82.85,263.8,3,24.88,5
2019-03-20,30.0,-82.8,272.5,2,51.66,6
2019-03-20,30.05,-84.4,124.60000000000001,3,186.55,13
2019-03-20,30.05,-84.35,127.9,1,187.62,7
2019-03-20,30.15,-83.6,15.6,2,1.86,1
2019-03-20,30.35,-83.95,263.8,2,4.86,1
2019-03-20,30.35,-83.8,37.599999999999994,2,6.01,1
2019-03-20,30.35,-83.35,23.3,1,11.96,2
2019-03-20,30.4,-84.7,6.2,1,22.919999999999998,3
2019-03-20,30.4,-84.0,16.5,1,3.99,1
2019-03-20,30.4,-83.05,22.0,2,11.72,2
2019-03-20,30.45,-85.1,8.7,1,8.62,2
2019-03-20,30.45,-83.2,25.2,1,7.92,1
2019-03-20,30.5,-86.1,228.6,4,77.22,8
2019-03-20,30.5,-85.95,51.0,3,95.1,2
2019-03-20,30.5,-85.9,25.4,1,87.14999999999999,8
2019-03-20,30.5,-85.25,11.3,1,6.97,1
2019-03-20,30.5,-85.2,17.8,1,0.7,1
2019-03-20,30.55,-84.85,46.1,3,80.53999999999999,4
2019-03-20,30.55,-84.35,23.8,2,41.78,9
2019-03-20,30.55,-84.2,84.2,1,20.13,1
2019-03-20,30.55,-84.1,17.1,2,26.34,4
2019-03-20,30.55,-84.05,75.9,3,146.57,31
2019-03-20,30.6,-84.35,70.6,3,55.730000000000004,8
2019-03-20,30.6,-84.2,59.8,1,44.83,3
2019-03-20,30.6,-84.15,45.699999999999996,3,79.39,15
2019-03-20,30.6,-84.1,16.0,2,27.23,4
2019-03-20,30.6,-83.95,55.0,3,27.08,4
2019-03-20,30.6,-83.7,28.4,1,15.06,2
2019-03-20,30.6,-83.4,5.9,1,3.19,1
2019-03-20,30.65,-86.9,20.7,1,12.23,2
2019-03-20,30.65,-84.05,5.8,1,10.44,1
2019-03-20,30.8,-85.6,47.8,2,46.4,3
2019-03-20,30.85,-85.55,68.9,3,8.08,1
2019-03-20,30.9,-87.25,11.6,1,40.26,1
2019-03-20,30.9,-86.35,28.0,2,8.39,2
2019-03-21,27.0,-81.3,11.4,1,10.13,1
2019-03-21,27.3,-82.0,34.2,2,29.330000000000002,4
2019-03-21,28.1,-82.4,16.2,1,2.95,1
2019-03-21,28.7,-81.5,19.2,1,29.020000000000003,2
2019-03-21,28.75,-81.65,7.8,1,0.59,1
2019-03-21,28.8,-82.35,117.1,3,24.02,4
2019-03-21,29.1,-81.7,48.199999999999996,2,38.05,2
2019-03-21,30.0,-85.45,77.1,2,30.009999999999998,2
2019-03-21,30.0,-85.4,108.69999999999999,4,43.83,4
2019-03-21,30.2,-84.75,90.3,3,11.55,2
2019-03-21,30.25,-84.2,17.1,1,4.72,1
2019-03-21,30.25,-84.15,27.5,2,5.1,1
2019-03-21,30.35,-83.95,117.19999999999999,3,72.38,5
2019-03-21,30.35,-83.25,17.0,1,2.7,1
2019-03-21,30.45,-86.85,230.4,2,197.15,8
2019-03-21,30.45,-86.8,41.3,2,15.549999999999999,7
2019-03-21,30.45,-85.0,133.29999999999998,3,4.44,1
2019-03-21,30.5,-86.85,8.7,1,225.08,6
2019-03-21,30.5,-85.25,91.6,3,16.32,2
2019-03-21,30.55,-87.3,31.700000000000003,2,15.240000000000002,2
2019-03-21,30.55,-84.8,13.4,1,4.99,1
2019-03-21,30.55,-84.2,12.4,1,9.81,2
2019-03-21,30.55,-84.1,158.2,4,4.59,1
2019-03-21,30.6,-87.3,130.5,1,36.41,5
2019-03-21,30.6,-84.65,13.3,1,10.15,1
2019-03-21,30.6,-84.3,50.6,2,50.809999999999995,4
2019-03-21,30.6,-84.2,44.1,1,97.52000000000001,8
2019-03-21,30.6,-84.15,52.3,2,63.97,7
2019-03-21,30.6,-83.8,9.0,1,13.54,2
2019-03-21,30.6,-83.7,14.1,1,13.96,1
2019-03-21,30.65,-87.25,6.6,1,4.56,1
2019-03-21,30.65,-84.1,16.2,1,30.36,4
2019-03-21,30.65,-84.05,26.1,2,31.62,5
2019-03-21,30.65,-84.0,106.0,2,14.100000000000001,2
2019-03-21,30.65,-83.95,26.4,1,17.48,3
2019-03-21,30.75,-87.55,13.7,2,8.16,3
2019-03-21,30.75,-86.85,212.2,3,28.47,5
2019-03-21,30.8,-86.85,577.3,5,9.23,2
2019-03-21,30.85,-86.75,89.3,3,17.13,5
2019-03-21,30.9,-86.8,16.1,1,1.8,1
2019-03-21,30.9,-86.75,48.800000000000004,2,8.68,2
2019-03-22,25.8,-81.2,318.8,2,1670.48,50
2019-03-22,25.85,-81.25,68.4,2,298.55,24
2019-03-22,25.85,-81.2,38.099999999999994,2,283.08,19
2019-03-22,26.05,-81.6,90.8,1,16.63,3
2019-03-22,26.05,-81.55,23.2,1,37.839999999999996,4
2019-03-22,26.85,-81.25,12.3,1,460.03,11
2019-03-22,27.05,-80.25,108.2,4,86.97,5
2019-03-22,27.35,-81.45,270.6,4,6.42,1
2019-03-22,27.65,-80.85,85.8,3,30.91,2
2019-03-22,28.1,-81.45,44.4,2,10.68,3
2019-03-22,28.6,-80.95,23.7,1,23.509999999999998,5
2019-03-22,29.1,-81.7,51.6,2,32.63,4
2019-03-22,29.65,-81.3,130.4,2,23.810000000000002,3
2019-03-22,30.2,-84.35,9.0,1,13.76,4
2019-03-22,30.25,-82.75,12.7,1,22.91,2
2019-03-22,30.3,-84.0,33.5,1,96.00999999999999,14
2019-03-22,30.35,-84.0,95.0,4,83.58999999999999,8
2019-03-22,30.35,-83.55,40.8,2,15.91,3
2019-03-22,30.4,-86.8,25.4,1,15.89,3
2019-03-22,30.4,-84.55,26.1,2,5.56,1
2019-03-22,30.45,-86.85,29.1,1,106.58,7
2019-03-22,30.45,-86.8,35.7,1,5.37,2
2019-03-22,30.45,-83.3,54.3,2,13.91,4
2019-03-22,30.5,-84.15,41.0,2,5.94,2
2019-03-22,30.5,-84.05,27.4,2,38.339999999999996,7
2019-03-22,30.55,-84.05,15.6,1,14.31,3
2019-03-22,30.6,-87.35,116.30000000000001,2,5.98,1
2019-03-22,30.6,-87.3,106.6,2,9.66,2
2019-03-22,30.65,-85.35,6.1,1,6.7299999999999995,2
2019-03-22,30.65,-84.25,80.3,3,21.64,3
2019-03-22,30.65,-84.05,36.099999999999994,2,71.66,13
2019-03-22,30.75,-87.55,48.7,2,6.88,2
2019-03-23,26.25,-81.4,80.7,1,27.34,5
2019-03-23,26.25,-81.35,70.5,1,40.3,4
2019-03-23,27.8,-81.5,24.6,1,3.23,1
2019-03-23,29.1,-81.7,26.6,1,10.2,2
2019-03-23,30.35,-83.5,62.699999999999996,3,6.24,2
2019-03-23,30.45,-86.9,1125.6999999999998,4,183.37,9
2019-03-23,30.45,-86.85,56.8,1,17.44,2
2019-03-23,30.45,-84.45,19.2,1,5.43,1
2019-03-23,30.5,-85.25,48.9,1,33.28,2
2019-03-23,30.55,-87.4,6.6,1,5.53,1
2019-03-23,30.55,-83.75,37.2,1,7.71,1
2019-03-23,30.6,-84.05,32.8,1,36.33,2
2019-03-23,30.65,-85.35,5.9,1,4.78,1
2019-03-23,30.65,-84.35,19.0,2,9.07,2
2019-03-24,29.65,-82.0,40.8,1,51.28,2
2019-03-24,29.95,-81.95,21.799999999999997,2,4.49,1
2019-03-24,30.5,-86.85,464.2,3,2.47,1
2019-03-24,30.55,-87.45,62.7,2,4.98,1
2019-03-24,30.55,-84.25,25.2,1,17.32,2
2019-03-24,30.8,-87.0,71.2,3,45.89,4
2019-03-25,26.3,-81.2,33.4,2,16.68,2
2019-03-25,27.5,-80.75,146.6,3,84.27,9
2019-03-25,29.7,-82.75,60.0,1,12.919999999999998,2
2019-03-25,29.9,-84.4,18.7,1,69.0,6
2019-03-25,30.05,-81.45,8.3,1,20.2,3
2019-03-25,30.4,-83.95,33.8,1,3.48,2
2019-03-25,30.4,-83.9,125.2,3,17.51,1
2019-03-25,30.6,-83.7,13.3,1,3.78,1
2019-03-25,30.6,-83.4,28.4,2,12.09,2
2019-03-26,26.05,-81.6,11.5,1,84.83,6
2019-03-26,26.05,-81.55,35.8,2,97.75999999999999,9
2019-03-26,26.55,-82.1,20.3,1,12.02,2
2019-03-26,27.15,-81.4,29.400000000000002,2,21.51,3
2019-03-26,27.25,-80.6,4.4,1,7.81,1
2019-03-26,27.55,-81.25,125.4,2,89.58,4
2019-03-26,27.6,-81.25,201.60000000000002,5,132.46,8
2019-03-26,27.65,-80.6,317.5,4,47.4,3
2019-03-26,27.8,-81.35,137.6,3,63.23,2
2019-03-26,27.85,-80.95,21.2,2,22.21,5
2019-03-26,28.35,-82.4,7.1,1,40.73,5
2019-03-26,29.95,-84.6,6.8,1,12.399999999999999,2
2019-03-26,30.0,-85.45,38.3,2,47.7,4
2019-03-26,30.05,-81.5,7.1,1,5.48,1
2019-03-26,30.35,-82.95,63.2,2,42.6,2
2019-03-26,30.4,-83.9,76.7,3,177.48,7
2019-03-26,30.45,-86.8,41.8,1,9.15,2
2019-03-26,30.55,-84.1,34.2,2,14.26,3
2019-03-26,30.55,-83.95,14.6,1,67.16,5
2019-03-26,30.65,-84.0,100.10000000000001,2,58.71,6
2019-03-27,27.65,-80.6,14.2,1,3.4,2
2019-03-27,30.35,-87.45,8.0,1,221.31,11
2019-03-27,30.45,-83.2,12.8,2,3.0,1
2019-03-27,30.65,-86.8,10.3,1,6.16,2
2019-03-27,30.9,-86.8,278.1,7,197.41,23
2019-03-28,25.7,-81.05,16.0,2,29.98,6
2019-03-28,26.35,-81.2,21.5,2,12.54,2
2019-03-28,29.55,-83.05,30.6,1,21.13,3
2019-03-28,29.55,-83.0,90.7,1,15.18,2
2019-03-28,29.6,-82.3,241.60000000000002,4,19.06,2
2019-03-28,29.85,-84.75,73.6,3,20.700000000000003,3
2019-03-28,30.0,-83.85,34.2,1,5.98,1
2019-03-28,30.35,-83.9,310.2,5,139.13,7
2019-03-28,30.4,-83.95,22.7,1,25.66,3
2019-03-28,30.5,-83.3,7.5,1,6.5,2
2019-03-28,30.55,-84.0,69.8,2,30.64,4
2019-03-28,30.55,-83.95,195.39999999999998,5,87.91,6
2019-03-28,30.6,-84.05,9.7,1,7.42,2
2019-03-28,30.65,-84.0,51.2,2,5.73,1
2019-03-28,30.95,-85.1,14.0,1,9.82,2
2019-03-29,26.4,-80.95,26.5,1,7.72,1
2019-03-29,27.25,-82.3,120.69999999999999,3,27.78,3
2019-03-29,27.65,-81.85,17.7,1,9.03,1
2019-03-29,30.0,-85.45,68.89999999999999,2,41.33,6
2019-03-29,30.6,-84.05,13.6,1,7.48,1
2019-03-29,30.6,-83.95,182.4,4,125.28,13
2019-03-29,30.65,-84.3,19.0,1,9.83,2
2019-03-30,30.0,-85.45,12.8,1,8.25,2
2019-03-30,30.5,-86.65,38.9,2,4.75,1
2019-03-30,30.5,-86.6,104.19999999999999,3,60.04,10
2019-03-31,27.65,-80.6,273.6,2,83.9,4
2019-03-31,30.1,-85.5,44.4,2,34.17,9
2019-04-01,30.5,-86.8,13.3,1,72.81,7
2019-04-02,29.25,-82.3,6.8,1,4.18,1
2019-04-02,30.0,-85.45,8.5,1,9.51,2
2019-04-02,30.6,-86.75,56.099999999999994,2,11.469999999999999,2
2019-04-02,30.6,-86.5,46.400000000000006,3,26.38,4
2019-04-02,30.6,-86.45,25.1,1,39.97,6
2019-04-02,30.8,-87.05,66.6,4,12.7,3
2019-04-02,30.8,-85.3,4.8,1,2.23,1
2019-04-02,30.85,-85.75,6.5,1,4.81,1
2019-04-02,30.9,-87.0,29.0,2,4.57,1
2019-04-02,30.9,-86.55,6.2,1,13.41,1
2019-04-02,30.9,-86.5,39.900000000000006,2,35.89,3
2019-04-03,25.65,-81.1,230.7,4,24.71,3
2019-04-03,25.65,-81.05,130.7,3,252.85,20
2019-04-03,27.2,-82.3,22.3,2,189.39999999999998,11
2019-04-03,28.15,-80.75,17.5,1,4.64,1
2019-04-03,28.6,-82.6,31.7,1,46.599999999999994,3
2019-04-03,28.7,-82.5,11.2,1,23.880000000000003,2
2019-04-03,28.85,-82.2,517.7,3,136.69,6
2019-04-03,28.85,-81.85,7.2,1,4.29,1
2019-04-03,29.3,-82.45,5.0,1,3.39,1
2019-04-03,29.95,-85.45,37.1,1,43.75,3
2019-04-03,30.35,-85.0,7.5,1,3.25,1
2019-04-03,30.5,-84.1,5.4,1,8.11,2
2019-04-03,30.6,-84.65,15.3,1,10.86,2
2019-04-03,30.65,-85.35,15.8,2,10.469999999999999,2
2019-04-03,30.65,-84.1,5.2,1,2.94,1
2019-04-03,30.65,-84.05,12.0,2,4.56,1
2019-04-03,30.9,-86.2,71.6,2,62.51,10
2019-04-04,27.15,-82.25,383.9,2,146.87,4
2019-04-04,28.05,-82.1,119.2,3,81.56,4
2019-04-04,28.6,-81.0,79.7,2,17.14,2
2019-04-04,28.65,-82.55,12.4,1,19.54,2
2019-04-04,29.6,-82.0,5.5,1,5.0,1
2019-04-04,30.15,-82.95,13.7,1,9.86,2
2019-04-04,30.35,-83.2,10.6,1,9.04,1
2019-04-04,30.55,-83.4,9.0,1,8.32,2
2019-04-07,25.65,-81.15,13.2,1,17.3,2
2019-04-07,26.75,-81.05,34.2,1,9.86,2
2019-04-08,27.0,-81.5,27.3,1,5.56,1
2019-04-08,28.05,-82.1,32.9,2,20.759999999999998,4
2019-04-10,29.95,-85.45,37.4,3,24.439999999999998,5
2019-04-10,30.05,-85.5,56.6,2,11.8,3
2019-04-10,30.05,-85.45,15.600000000000001,2,6.72,1
2019-04-10,30.35,-84.1,6.8,1,6.38,1
2019-04-10,30.65,-85.35,9.6,1,3.5900000000000003,2
2019-04-10,30.8,-85.25,4.3,1,1.17,2
2019-04-10,30.85,-85.15,18.2,1,3.94,1
2019-04-11,26.75,-81.1,8.0,1,8.22,1
2019-04-11,26.95,-80.2,121.39999999999999,2,107.63,5
2019-04-11,27.15,-82.4,66.8,2,5.6,1
2019-04-11,27.15,-80.45,44.0,1,22.009999999999998,3
2019-04-11,27.45,-81.15,24.5,1,59.94,2
2019-04-11,27.7,-81.15,46.099999999999994,2,40.28,3
2019-04-11,28.1,-82.35,9.6,1,17.52,2
2019-04-11,29.2,-81.15,7.2,1,3.81,1
2019-04-11,29.55,-82.2,17.1,1,12.56,2
2019-04-11,29.75,-81.7,26.5,1,57.7,2
2019-04-11,29.9,-84.6,10.4,1,170.24,5
2019-04-11,30.0,-82.05,314.1,5,136.14000000000001,11
2019-04-11,30.65,-85.35,6.9,1,1.7,1
2019-04-11,30.75,-85.15,89.1,2,72.06,3
2019-04-12,26.45,-81.0,46.7,2,26.47,4
2019-04-12,26.95,-80.2,96.5,2,36.53,5
2019-04-12,27.15,-82.35,16.4,2,57.68,4
2019-04-12,27.45,-82.25,35.9,2,6.5,2
2019-04-12,27.65,-81.25,155.3,2,19.23,2
2019-04-12,27.85,-80.95,15.4,1,7.72,1
2019-04-12,28.1,-82.35,19.0,2,11.969999999999999,2
2019-04-12,28.15,-82.7,8.2,1,4.62,1
2019-04-12,28.5,-81.85,8.5,1,21.83,1
2019-04-12,29.7,-82.75,26.5,1,5.47,1
2019-04-13,27.4,-81.4,15.3,1,62.33,4
2019-04-13,27.5,-81.15,76.1,2,410.38,19
2019-04-13,27.55,-81.15,232.1,5,623.42,27
2019-04-13,30.25,-84.25,9.1,1,12.36,2
2019-04-15,26.85,-81.25,15.7,1,9.879999999999999,2
2019-04-15,26.85,-80.55,13.3,1,12.1,2
2019-04-15,29.9,-82.95,32.5,2,20.46,3
2019-04-15,30.3,-83.2,13.3,1,5.72,1
2019-04-15,30.65,-81.65,125.4,4,17.21,1
2019-04-16,26.85,-81.25,443.09999999999997,3,186.96,8
2019-04-16,27.1,-80.45,77.0,4,47.989999999999995,3
2019-04-16,27.15,-81.0,15.9,1,36.660000000000004,4
2019-04-16,27.2,-82.3,264.7,3,32.66,8
2019-04-16,27.2,-82.25,294.9,7,10.41,2
2019-04-16,27.25,-81.75,9.6,1,4.34,1
2019-04-16,27.45,-80.8,87.3,4,36.94,3
2019-04-16,27.6,-81.35,244.6,5,6.11,1
2019-04-16,27.65,-80.85,8.5,1,4.81,1
2019-04-16,27.85,-81.2,317.8,4,56.65,6
2019-04-16,27.85,-80.95,35.5,2,14.16,2
2019-04-16,27.85,-80.9,32.2,2,9.24,2
2019-04-16,28.3,-81.75,19.0,1,3.13,1
2019-04-16,28.35,-81.35,39.3,2,15.03,1
2019-04-16,28.6,-82.6,170.70000000000002,3,37.26,2
2019-04-16,28.6,-81.0,219.0,4,54.269999999999996,13
2019-04-16,28.9,-82.2,82.5,2,14.45,1
2019-04-16,29.05,-81.15,39.4,1,33.25,9
2019-04-16,29.35,-82.9,13.6,1,1.41,1
2019-04-16,29.4,-82.55,57.1,3,13.87,2
2019-04-16,29.8,-84.9,28.9,1,79.12,3
2019-04-16,29.95,-84.6,30.8,1,10.97,1
2019-04-16,30.0,-82.05,1599.4,8,45.769999999999996,9
2019-04-16,30.0,-82.0,110.60000000000001,2,81.99,11
2019-04-16,30.05,-82.0,23.2,1,16.259999999999998,3
2019-04-16,30.2,-83.2,14.4,1,16.61,1
2019-04-16,30.45,-82.0,37.2,2,3.08,1
2019-04-16,30.55,-84.05,26.0,1,51.23,8
2019-04-16,30.55,-83.95,42.2,2,24.81,5
2019-04-16,30.6,-84.0,17.1,1,27.46,5
2019-04-16,30.6,-83.95,10.3,1,83.53,12
2019-04-16,30.65,-84.15,9.7,1,18.43,4
2019-04-16,30.85,-86.35,63.099999999999994,2,73.2,5
2019-04-17,26.15,-81.2,246.8,2,96.17,10
2019-04-17,26.15,-81.15,349.2,5,282.08,11
2019-04-17,26.4,-80.6,409.2,3,7.9,1
2019-04-17,26.45,-80.6,201.6,1,175.32,2
2019-04-17,26.75,-81.7,38.5,1,3.41,1
2019-04-17,26.8,-81.8,92.9,1,10.09,1
2019-04-17,26.8,-80.4,46.0,2,19.63,3
2019-04-17,27.6,-81.3,35.2,1,291.33,8
2019-04-17,27.65,-81.05,279.2,3,57.120000000000005,2
2019-04-17,27.85,-80.95,28.6,1,11.57,2
2019-04-17,28.35,-81.0,19.9,1,15.56,2
2019-04-17,28.5,-80.9,566.5,1,25.7,5
2019-04-17,28.55,-80.9,645.0999999999999,2,1515.51,24
2019-04-17,28.65,-81.85,26.4,1,31.14,2
2019-04-17,30.35,-83.25,147.2,2,117.97,5
2019-04-17,30.45,-84.55,9.6,1,6.87,1
2019-04-18,26.3,-81.7,17.8,1,41.7,4
2019-04-18,26.3,-81.05,57.9,1,41.59,4
2019-04-18,27.25,-82.3,48.6,1,14.19,1
2019-04-18,28.35,-82.1,79.6,3,98.9,8
2019-04-18,28.7,-82.55,167.8,2,178.89,9
2019-04-18,29.0,-82.75,44.1,2,36.06,4
2019-04-18,29.0,-82.25,69.0,3,11.18,2
2019-04-18,29.4,-82.55,14.0,1,4.02,1
2019-04-18,29.45,-82.7,8.3,1,11.1,2
2019-04-18,29.45,-82.6,31.2,1,19.49,2
2019-04-18,30.2,-82.95,17.7,1,13.42,2
2019-04-18,30.35,-83.2,61.1,2,9.36,1
2019-04-18,30.6,-83.7,12.2,1,9.07,2
2019-04-20,26.7,-81.3,13.3,1,6.59,1
2019-04-20,30.55,-86.4,119.0,5,28.34,8
2019-04-21,26.55,-81.05,14.0,1,26.9,2
2019-04-21,30.55,-86.85,301.5,5,129.49,10
2019-04-22,26.5,-81.05,58.9,1,0.49,1
2019-04-22,26.55,-81.1,99.9,3,38.36,5
2019-04-22,26.85,-81.3,50.8,2,27.57,2
2019-04-22,26.95,-80.35,75.1,2,36.08,4
2019-04-22,26.95,-80.3,55.3,2,92.21000000000001,4
2019-04-22,27.2,-81.35,24.9,1,14.22,1
2019-04-22,27.3,-81.5,144.6,3,73.84,2
2019-04-22,27.65,-80.85,16.4,1,18.67,1
2019-04-22,29.0,-81.5,13.2,1,29.26,2
2019-04-22,29.65,-83.4,149.8,3,36.54,2
2019-04-22,29.85,-82.95,14.4,1,6.58,1
2019-04-22,29.9,-82.7,10.2,1,10.07,1
2019-04-22,30.5,-84.1,34.2,2,19.16,3
2019-04-22,30.6,-84.65,38.7,2,10.469999999999999,2
2019-04-22,30.65,-84.2,27.0,2,19.87,3
2019-04-22,30.8,-85.25,12.3,1,9.07,2
2019-04-23,26.3,-81.65,65.0,1,16.82,3
2019-04-23,26.75,-81.75,92.8,1,2.89,1
2019-04-23,27.6,-81.3,44.8,2,55.75,6
2019-04-23,27.85,-81.85,44.5,3,28.75,7
2019-04-23,28.1,-82.4,25.9,1,5.07,1
2019-04-23,28.25,-81.85,13.5,1,33.41,2
2019-04-23,28.6,-81.8,14.4,1,14.649999999999999,3
2019-04-23,29.85,-82.0,38.4,1,86.07000000000001,11
2019-04-23,30.35,-84.3,18.9,1,18.25,4
2019-04-23,30.5,-85.2,21.9,1,11.2,2
2019-04-24,26.3,-81.05,110.0,2,67.79,8
2019-04-24,26.35,-81.25,15.3,1,3.59,1
2019-04-24,26.4,-81.3,59.4,2,9.39,1
2019-04-24,26.4,-81.25,17.2,1,9.39,1
2019-04-24,26.75,-81.1,20.9,1,30.79,3
2019-04-24,26.85,-81.3,81.8,2,62.66,9
2019-04-24,27.0,-80.2,67.0,2,5.57,1
2019-04-24,27.0,-80.15,199.3,5,55.339999999999996,8
2019-04-25,25.9,-81.35,1032.3,1,296.84000000000003,7
2019-04-25,26.55,-81.45,73.1,1,123.22,5
2019-04-25,26.85,-81.25,85.8,1,10.46,2
2019-04-25,28.85,-82.6,15.5,2,11.8,2
2019-04-27,27.55,-81.25,65.6,2,14.58,2
2019-04-27,27.55,-81.2,497.9,4,91.21,5
2019-04-27,30.25,-84.3,50.2,1,30.62,1
2019-04-27,30.55,-86.9,188.3,2,239.45999999999998,6
2019-04-27,30.55,-86.85,2060.8,8,517.72,13
2019-04-28,27.55,-80.85,41.4,2,9.51,2
2019-04-28,28.45,-82.3,7.4,1,11.18,2
2019-04-28,30.6,-86.75,33.8,1,9.44,1
2019-04-28,30.65,-86.75,29.3,1,14.76,2
2019-04-29,27.6,-82.5,47.5,2,7.84,1
2019-04-29,27.8,-81.5,10.7,1,56.480000000000004,6
2019-04-29,29.45,-82.95,29.9,2,4.0,1
2019-04-29,29.6,-82.5,6.0,1,11.51,2
2019-04-29,29.8,-84.85,18.8,1,27.18,3
2019-04-29,29.8,-82.0,135.1,1,94.3,4
2019-04-29,30.2,-85.05,70.2,2,20.25,2
2019-04-29,30.2,-85.0,1665.4,11,510.55,39
2019-04-29,30.2,-83.3,9.3,1,3.38,1
2019-04-29,30.25,-84.15,14.2,1,2.96,1
2019-04-29,30.9,-87.0,36.4,1,19.759999999999998,3
2019-04-30,25.75,-80.7,176.39999999999998,4,51.42,5
2019-04-30,26.0,-81.4,11.1,1,47.589999999999996,5
2019-04-30,26.2,-81.4,29.0,1,18.72,4
2019-04-30,26.4,-80.95,111.3,1,69.15,4
2019-04-30,26.85,-81.25,84.2,3,45.94,1
2019-04-30,27.15,-82.35,18.1,1,97.57,5
2019-04-30,27.55,-81.3,36.7,1,16.24,2
2019-04-30,30.15,-84.1,17.4,1,22.32,3
2019-04-30,30.2,-84.65,28.2,1,12.21,1
2019-04-30,30.2,-84.6,383.5,6,231.25,19
2019-04-30,30.2,-84.55,23.5,1,26.12,3
2019-04-30,30.55,-85.45,14.5,1,5.76,1
2019-04-30,30.65,-81.75,12.9,1,21.97,4
2019-05-01,26.45,-81.0,12.0,1,12.84,1
2019-05-01,28.3,-82.1,65.0,1,127.4,5
2019-05-01,28.55,-82.3,196.39999999999998,2,206.72,8
2019-05-01,29.55,-83.05,124.0,3,60.69,6
2019-05-01,29.7,-82.2,37.8,2,16.52,3
2019-05-01,29.8,-84.9,141.5,2,89.83000000000001,8
2019-05-01,29.8,-82.0,26.2,1,34.59,1
2019-05-01,29.85,-84.95,76.3,2,3.91,1
2019-05-01,29.85,-84.9,33.8,1,35.15,7
2019-05-01,29.85,-83.35,21.6,1,17.48,2
2019-05-01,30.35,-83.25,25.2,1,21.16,2
2019-05-03,30.65,-86.45,7.3,1,5.08,1
2019-05-05,30.6,-86.8,165.4,3,228.04999999999998,14
2019-05-06,29.05,-82.55,18.6,1,15.69,1
2019-05-06,30.1,-85.35,55.8,2,8.91,1
2019-05-06,30.15,-85.35,146.2,2,84.03,4
2019-05-06,30.15,-84.1,14.1,1,35.36,5
2019-05-06,30.15,-84.05,15.1,1,7.36,1
2019-05-06,30.2,-82.9,6.9,1,6.35,1
2019-05-06,30.35,-83.95,4.5,1,3.52,1
2019-05-06,30.45,-86.7,39.2,2,42.4,2
2019-05-06,30.8,-85.25,28.9,2,5.31,1
2019-05-07,30.25,-84.45,361.2,5,141.87,21
2019-05-07,30.3,-84.45,66.4,3,16.04,2
2019-05-07,30.35,-83.95,9.7,1,2.76,1
2019-05-07,30.5,-86.9,273.9,5,182.57999999999998,9
2019-05-08,26.7,-81.1,8.2,1,95.15,2
2019-05-08,26.85,-81.25,12.8,1,5.99,1
2019-05-08,26.9,-81.9,28.1,1,152.81,5
2019-05-08,27.2,-82.25,23.0,1,13.17,1
2019-05-08,27.3,-81.8,40.3,2,19.87,1
2019-05-08,27.8,-82.2,102.5,3,47.04,3
2019-05-08,27.8,-80.65,235.9,2,438.3,16
2019-05-08,27.85,-80.65,40.2,1,336.04,6
2019-05-08,27.85,-80.6,25.0,1,180.89000000000001,2
2019-05-08,28.4,-81.0,71.4,2,141.98000000000002,3
2019-05-08,28.6,-82.3,16.0,1,26.490000000000002,5
2019-05-08,28.75,-82.45,27.1,1,13.54,2
2019-05-08,28.75,-82.05,6.1,1,7.73,1
2019-05-08,28.85,-81.1,36.599999999999994,2,10.14,1
2019-05-08,30.05,-81.5,12.1,1,15.059999999999999,3
2019-05-08,30.15,-84.9,72.3,2,46.58,1
2019-05-08,30.2,-82.9,17.1,1,12.920000000000002,3
2019-05-08,30.95,-86.9,28.6,1,3.7,1
2019-05-09,27.05,-81.4,41.7,1,74.74000000000001,4
2019-05-09,27.1,-81.35,174.5,1,11.08,4
2019-05-09,27.15,-82.35,115.6,1,6.53,1
2019-05-10,27.35,-81.35,17.1,1,14.23,2
2019-05-10,28.35,-81.0,30.6,1,66.29,9
2019-05-10,28.55,-81.75,19.9,1,4.28,1
2019-05-11,28.05,-81.15,19.1,1,28.82,4
2019-05-14,29.65,-83.4,8.9,1,29.97,4
2019-05-14,30.1,-83.15,13.5,1,6.56,2
2019-05-14,30.15,-83.05,15.6,1,9.23,1
2019-05-14,30.2,-82.55,54.3,2,40.489999999999995,3
2019-05-14,30.6,-86.35,72.8,3,44.16,6
2019-05-14,30.6,-85.2,72.4,2,42.33,9
2019-05-15,29.6,-82.85,11.5,1,34.870000000000005,5
2019-05-15,30.1,-84.95,73.6,2,45.08,5
2019-05-15,30.15,-84.95,190.7,4,124.78,13
2019-05-15,30.55,-83.2,56.8,2,107.75,10
2019-05-15,30.6,-84.9,11.2,1,13.05,2
2019-05-16,30.25,-84.5,31.3,1,25.42,3
2019-05-16,30.3,-84.5,582.4,9,61.010000000000005,8
2019-05-16,30.6,-85.65,20.3,1,12.2,3
2019-05-16,30.6,-84.9,16.3,1,9.64,1
2019-05-16,30.6,-84.85,13.2,1,9.32,1
2019-05-16,30.6,-83.7,13.8,1,11.68,3
2019-05-17,26.85,-81.25,51.800000000000004,2,9.4,2
2019-05-17,27.15,-82.3,37.3,1,2.56,1
2019-05-17,27.15,-82.25,156.1,3,58.58,3
2019-05-17,27.35,-80.45,47.4,2,28.84,4
2019-05-17,27.85,-80.6,541.4,5,45.04,1
2019-05-17,28.65,-80.95,20.1,1,61.5,5
2019-05-17,30.05,-85.05,59.0,1,100.93,8
2019-05-17,30.4,-83.9,33.9,2,29.65,1
2019-05-17,30.6,-83.75,22.2,1,0.68,2
2019-05-17,30.85,-85.2,34.0,1,28.59,2
2019-05-18,28.2,-81.1,13.2,1,3.37,1
2019-05-18,28.65,-82.2,10.3,1,6.09,2
2019-05-18,30.2,-84.6,246.6,3,42.64,3
2019-05-18,30.25,-84.6,190.79999999999998,4,397.94,14
2019-05-18,30.45,-86.7,74.4,2,348.58,21
2019-05-18,30.5,-86.7,117.30000000000001,3,85.82,9
2019-05-18,30.5,-86.65,236.9,7,572.36,39
2019-05-18,30.5,-86.6,57.2,2,294.25,16
2019-05-19,30.35,-82.45,55.0,3,40.6,8
2019-05-19,30.45,-86.9,25.6,1,32.64,5
2019-05-19,30.45,-86.85,106.3,2,94.92,15
2019-05-20,26.85,-81.25,23.3,1,43.42,6
2019-05-20,27.15,-81.15,51.0,1,56.99,7
2019-05-20,30.35,-82.45,10.4,1,45.769999999999996,6
2019-05-20,30.5,-85.25,12.8,1,13.23,3
2019-05-20,30.55,-82.25,55.7,3,221.3,7
2019-05-20,30.6,-84.9,12.3,1,27.92,3
2019-05-20,30.6,-84.1,21.1,1,14.67,3
2019-05-20,30.65,-85.35,14.6,1,22.8,3
2019-05-20,30.65,-85.3,12.2,1,5.15,1
2019-05-21,26.4,-80.45,27.4,1,49.830000000000005,4
2019-05-21,26.4,-80.4,33.2,1,12.58,3
2019-05-21,26.95,-80.2,159.5,4,5.01,1
2019-05-21,28.05,-81.45,64.2,1,183.94,9
2019-05-21,30.3,-83.25,57.8,2,5.5,1
2019-05-21,30.35,-82.45,105.30000000000001,2,36.51,4
2019-05-21,30.55,-84.2,27.3,2,21.04,2
2019-05-21,30.6,-84.9,16.1,1,42.3,4
2019-05-21,30.6,-84.1,30.400000000000002,2,5.38,1
2019-05-21,30.65,-83.75,30.4,1,71.72999999999999,2
2019-05-22,26.7,-81.55,9.5,1,7.2,1
2019-05-22,27.75,-82.25,48.2,2,76.84,2
2019-05-22,28.3,-81.75,7.0,1,7.17,1
2019-05-22,28.95,-82.35,12.5,1,21.28,2
2019-05-22,28.95,-82.25,70.8,2,101.66,7
2019-05-22,30.5,-86.35,25.0,1,11.34,2
2019-05-23,28.6,-82.6,169.0,5,24.34,1
2019-05-23,30.55,-81.65,14.9,1,8.040000000000001,5
2019-05-23,30.6,-85.65,16.9,1,10.24,2
2019-05-23,30.65,-85.35,26.5,1,10.79,1
2019-05-24,27.0,-81.6,20.1,1,33.97,6
2019-05-24,27.05,-81.55,9.4,1,72.0,17
2019-05-24,27.2,-82.25,1251.9,5,385.75,7
2019-05-24,27.2,-82.2,154.6,1,56.96,1
2019-05-24,27.85,-82.15,12.7,1,10.56,2
2019-05-24,29.75,-82.55,13.1,1,5.88,1
2019-05-24,30.2,-83.35,32.9,1,16.67,1
2019-05-24,30.3,-82.45,70.69999999999999,2,114.71000000000001,6
2019-05-24,30.35,-82.45,13.3,1,7.38,1
2019-05-24,30.65,-84.65,16.0,1,2.86,1
2019-05-24,30.65,-84.25,12.7,1,5.8,1
2019-05-24,30.95,-85.5,19.9,1,17.38,1
2019-05-25,27.15,-81.15,94.4,3,49.97,6
2019-05-25,30.3,-82.45,13.3,1,8.11,2
2019-05-26,27.15,-81.15,25.0,1,10.99,3
2019-05-26,30.3,-82.45,74.1,2,69.24,8
2019-05-26,30.55,-83.75,22.2,1,14.75,2
2019-05-27,30.3,-82.45,8.3,1,65.06,10
2019-05-28,28.95,-80.95,25.1,1,48.980000000000004,3
2019-05-28,30.3,-84.6,29.9,2,0.7,1
2019-05-29,26.3,-81.5,94.4,2,25.29,2
2019-05-29,26.85,-80.5,34.1,2,15.29,3
2019-05-29,27.3,-81.75,29.7,2,21.439999999999998,4
2019-05-29,27.55,-82.2,14.7,1,24.08,2
2019-05-29,29.0,-81.85,188.5,2,33.62,2
2019-05-29,29.1,-81.85,823.5,5,80.88,5
2019-05-29,29.65,-82.15,168.89999999999998,3,25.72,2
2019-05-29,29.7,-81.85,384.6,3,64.25,4
2019-05-29,30.3,-84.55,27.200000000000003,2,0.83,1
2019-05-29,30.3,-82.45,15.1,1,10.579999999999998,3
2019-05-29,30.35,-82.65,15.9,1,29.759999999999998,7
2019-05-29,30.35,-82.6,7.4,1,32.510000000000005,5
2019-05-30,27.15,-82.3,406.7,3,17.32,2
2019-05-30,27.3,-81.75,19.2,1,5.39,1
2019-05-30,27.55,-82.55,9.4,1,4.58,2
2019-05-30,28.45,-81.0,243.60000000000002,3,382.29999999999995,7
2019-05-30,30.05,-81.45,8.1,1,6.35,1
2019-05-30,30.35,-82.6,175.5,3,105.87,11
2019-06-02,26.55,-80.6,136.3,2,12.82,2
2019-06-02,28.9,-81.35,5.6,1,4.26,3
2019-06-02,30.2,-85.4,15.3,2,10.07,2
2019-06-03,28.9,-81.35,6.2,1,3.09,2
2019-06-04,28.25,-80.85,52.3,1,733.15,23
2019-06-04,29.6,-82.85,24.1,1,5.0,1
2019-06-06,27.25,-80.25,25.4,1,32.43,3
2019-06-06,27.5,-81.1,208.0,2,86.45,4
2019-06-06,27.5,-81.05,60.9,1,51.739999999999995,6
2019-06-06,27.55,-81.1,1189.3,11,288.2,22
2019-06-06,27.55,-81.05,580.3,6,423.22,33
2019-06-11,30.65,-85.2,28.2,1,13.86,1
2019-06-12,26.85,-82.0,23.8,1,18.86,3
2019-06-12,30.6,-85.65,10.0,1,4.13,1
2019-06-13,26.95,-80.45,522.0,4,56.45,1
2019-06-14,30.6,-86.4,28.9,2,5.99,1
2019-06-14,30.6,-86.35,265.7,4,11.120000000000001,3
2019-06-14,30.65,-86.8,22.6,2,16.5,2
2019-06-14,30.65,-84.65,12.4,1,7.06,2
2019-06-15,30.55,-86.3,16.0,1,370.11,12
2019-06-15,30.55,-86.25,100.4,2,2661.73,49
2019-06-16,30.55,-86.4,415.3,5,22.5,3
2019-06-16,30.6,-86.4,30.9,1,18.39,2
2019-06-16,30.6,-86.35,98.0,2,10.92,1
2019-06-17,30.55,-86.7,30.9,2,393.63,19
2019-06-17,30.55,-86.65,261.6,5,1550.2,16
2019-06-20,26.7,-81.15,39.900000000000006,2,43.95,3
2019-06-20,27.15,-82.3,99.60000000000001,2,19.89,2
2019-06-20,27.5,-82.2,95.3,2,7.15,1
2019-06-20,27.5,-82.15,26.799999999999997,2,7.15,1
2019-06-21,27.85,-80.6,47.2,2,27.62,4
2019-06-21,27.85,-80.55,69.3,2,18.16,2
2019-06-21,27.95,-81.1,320.2,2,2.35,1
2019-06-21,28.25,-81.15,248.6,1,40.56,5
2019-06-23,28.25,-82.05,27.1,2,159.92000000000002,4
2019-06-23,29.9,-81.8,4.6,1,3.19,3
2019-06-23,30.55,-86.55,382.5,5,95.85,2
2019-06-23,30.6,-86.55,693.4,11,343.1,21
2019-06-24,26.15,-80.7,3557.4,7,70.06,3
2019-06-24,26.15,-80.65,285.9,3,30.02,11
2019-06-24,26.2,-80.7,150.8,3,46.370000000000005,10
2019-06-24,26.2,-80.65,519.3,11,178.03,41
2019-06-24,26.25,-80.65,69.9,2,17.14,1
2019-06-24,26.25,-80.6,64.5,3,69.43,4
2019-06-24,27.6,-81.3,49.0,2,60.82,4
2019-06-24,27.65,-80.85,47.1,1,53.89,4
2019-06-24,29.05,-81.2,56.8,2,27.29,5
2019-06-24,29.55,-82.2,16.1,1,15.96,2
2019-06-25,26.15,-80.7,829.3,5,12.66,8
2019-06-25,26.15,-80.65,322.1,9,77.36,14
2019-06-25,26.15,-80.6,46.6,1,1.9000000000000001,3
2019-06-25,26.2,-80.7,76.1,4,77.11999999999999,17
2019-06-25,26.2,-80.6,201.4,2,129.49,14
2019-06-25,26.2,-80.55,33.3,1,173.14,5
2019-06-25,26.25,-80.6,1668.4,22,199.46,39
2019-06-25,26.25,-80.55,239.2,6,266.26,18
2019-06-25,26.3,-80.6,134.4,2,40.980000000000004,5
2019-06-25,26.65,-81.15,19.8,1,12.3,1
2019-06-25,27.0,-80.45,40.7,1,10.05,1
2019-06-25,27.0,-80.15,7.6,1,50.41,2
2019-06-25,28.3,-82.5,25.0,1,3.29,1
2019-06-25,28.7,-82.5,81.9,4,91.45,4
2019-06-25,29.35,-83.1,13.8,1,16.8,2
2019-06-25,29.5,-82.2,16.8,1,16.490000000000002,3
2019-06-25,29.55,-83.4,61.3,1,78.8,5
2019-06-25,29.6,-82.85,27.8,1,4.42,2
2019-06-25,29.7,-83.05,12.4,1,9.54,1
2019-06-25,30.6,-84.55,5.5,1,15.780000000000001,4
2019-06-26,26.2,-80.7,54.199999999999996,2,5.93,2
2019-06-26,26.25,-80.55,16.6,1,28.14,6
2019-06-26,26.3,-80.6,76.6,4,35.28,7
2019-06-26,26.3,-80.55,183.5,5,36.83,8
2019-06-26,28.05,-81.45,112.7,2,355.68,16
2019-06-26,30.6,-84.85,18.3,1,8.350000000000001,2
2019-06-28,30.35,-81.95,26.5,1,26.21,3
2019-06-28,30.4,-81.95,102.1,2,16.03,1
2019-07-01,27.5,-80.75,8.3,1,6.88,1
2019-07-01,30.05,-81.85,7.5,1,6.47,1
2019-07-02,29.45,-81.75,202.3,2,44.599999999999994,4
2019-07-02,30.1,-83.25,20.1,2,5.91,1
2019-07-03,29.4,-81.75,134.0,1,153.82999999999998,5
2019-07-03,29.45,-81.75,120.0,4,63.879999999999995,3
2019-07-04,26.35,-80.45,405.7,8,188.31,30
2019-07-04,26.4,-80.45,171.1,3,67.86,6
2019-07-04,30.3,-85.8,25.6,2,1.28,2
2019-07-05,26.35,-80.45,5.7,1,11.49,9
2019-07-05,26.4,-80.5,17.0,1,8.7,7
2019-07-07,30.6,-86.65,68.9,2,183.78000000000003,4
2019-07-15,29.45,-81.65,8.3,1,9.76,2
2019-07-15,30.3,-86.0,10.9,1,12.71,1
2019-07-16,28.3,-82.1,11.3,1,5.17,1
2019-07-16,30.25,-82.9,15.5,1,5.8100000000000005,2
2019-07-17,30.3,-82.75,24.9,3,16.78,2
2019-07-18,30.35,-85.5,136.7,3,55.6,4
2019-07-20,30.05,-82.7,34.5,2,8.95,2
2019-07-22,28.75,-80.9,22.0,1,4.39,1
2019-07-25,30.6,-85.2,44.9,1,8.28,1
2019-07-25,30.65,-85.25,29.0,1,3.8,2
2019-07-25,30.7,-85.25,41.8,2,13.55,3
2019-07-27,30.35,-84.3,271.79999999999995,4,6.48,1
2019-07-27,30.6,-86.7,441.8,4,190.88,41
2019-07-27,30.65,-86.7,220.5,2,8.18,2
2019-07-27,30.65,-84.65,36.3,2,10.29,2
2019-07-27,30.7,-86.6,9.5,1,10.969999999999999,2
2019-07-27,30.7,-85.75,14.0,1,10.059999999999999,2
2019-07-29,30.15,-84.45,632.9,4,82.08,10
2019-07-29,30.5,-83.3,37.9,1,20.33,2
2019-07-29,30.55,-84.55,9.3,1,4.06,1
2019-07-29,30.6,-85.2,33.6,1,6.25,1
2019-07-29,30.85,-85.05,39.8,2,11.73,1
2019-07-30,26.55,-80.6,11.1,1,6.23,1
2019-07-31,26.3,-80.5,10.6,1,9.93,3
2019-07-31,26.35,-80.5,68.5,3,145.79,11
2019-07-31,30.5,-81.95,32.1,1,5.05,1
2019-07-31,30.85,-85.05,64.2,3,9.75,1
2019-08-01,26.35,-80.5,123.9,3,1.78,2
2019-08-03,30.85,-85.0,15.0,1,17.73,2
2019-08-05,29.4,-81.85,17.1,1,17.810000000000002,3
2019-08-07,30.5,-85.25,9.4,1,2.96,1
2019-08-07,30.5,-84.95,8.3,1,6.02,1
2019-08-07,30.85,-85.0,7.5,1,7.32,1
2019-08-08,29.6,-81.7,10.2,1,5.19,1
2019-08-08,29.65,-85.15,111.5,2,21.32,2
2019-08-09,29.7,-82.3,33.7,2,10.87,1
2019-08-09,30.05,-82.95,28.1,2,5.58,1
2019-08-09,30.6,-85.2,77.8,3,28.4,4
2019-08-09,30.85,-85.0,35.5,2,21.08,3
2019-08-10,30.5,-84.75,28.1,1,2.56,1
2019-08-12,30.0,-82.55,33.599999999999994,2,14.18,1
2019-08-12,30.55,-84.45,57.5,3,11.87,1
2019-08-13,30.85,-85.0,20.6,1,12.29,2
2019-08-14,30.5,-83.8,7.6,1,10.38,1
2019-08-14,30.55,-83.55,38.3,1,21.509999999999998,2
2019-08-14,30.85,-85.0,41.099999999999994,2,18.66,3
2019-08-15,29.95,-85.45,22.3,1,22.18,3
2019-08-15,30.6,-84.9,6.9,1,6.74,1
2019-08-15,30.7,-85.4,5.7,1,6.8,1
2019-08-15,30.85,-85.0,146.2,4,41.94,3
2019-08-16,30.6,-84.9,10.9,1,7.47,1
2019-08-17,30.8,-85.15,13.9,1,28.25,3
2019-08-21,27.1,-81.35,143.8,4,78.58,4
2019-08-21,27.3,-81.35,15.5,1,24.4,3
2019-08-21,28.25,-82.0,34.6,1,13.36,3
2019-08-21,29.3,-81.75,13.5,1,27.7,6
2019-08-21,29.6,-82.85,19.9,1,31.849999999999998,2
2019-08-22,26.85,-81.85,11.7,1,36.34,2
2019-08-22,28.75,-82.0,20.9,1,16.18,2
2019-08-22,30.85,-85.0,109.69999999999999,3,35.69,3
2019-08-23,28.75,-82.0,56.9,3,13.68,4
2019-08-23,30.2,-83.3,8.3,1,7.38,2
2019-08-23,30.75,-82.0,8.3,1,33.06,3
2019-08-26,28.4,-82.35,6.9,1,4.86,1
2019-08-26,28.6,-82.2,12.0,1,5.81,1
2019-08-26,29.75,-82.9,7.9,1,11.469999999999999,2
2019-08-26,29.85,-82.7,21.4,2,7.72,2
2019-08-27,28.6,-81.55,6.9,1,5.23,1
2019-08-29,28.35,-82.45,30.6,1,13.69,1
2019-08-29,28.75,-82.05,26.6,1,4.1,1
2019-08-29,30.3,-85.15,38.2,2,11.26,1
2019-08-29,30.6,-84.95,71.6,2,26.39,4
2019-08-29,30.65,-87.3,23.1,2,49.55,6
2019-08-29,30.65,-85.45,9.0,1,7.890000000000001,2
2019-08-29,30.65,-85.25,39.1,1,23.89,4
2019-08-30,29.95,-85.0,9.7,1,20.8,4
2019-08-30,30.35,-85.15,114.2,4,78.34,7
2019-08-30,30.65,-87.3,17.2,1,54.3,1
2019-08-30,30.65,-85.6,47.2,2,3.3,1
2019-08-30,30.65,-85.25,18.0,1,17.12,4
2019-09-03,30.2,-85.6,7.4,1,2.94,1
2019-09-03,30.4,-85.2,46.8,2,54.74,6
2019-09-03,30.55,-85.05,14.9,1,16.88,3
2019-09-03,30.7,-85.0,304.0,2,215.81,9
2019-09-03,30.85,-85.0,17.3,1,19.259999999999998,2
2019-09-04,30.3,-85.1,77.0,2,14.26,2
2019-09-04,30.35,-85.1,36.4,1,50.26,2
2019-09-04,30.4,-85.2,48.1,1,15.370000000000001,2
2019-09-04,30.55,-85.05,19.6,1,22.51,3
2019-09-04,30.85,-85.0,16.9,1,51.25,4
2019-09-05,26.3,-81.4,6.2,1,2.82,1
2019-09-05,30.85,-85.0,21.8,1,10.18,2
2019-09-05,30.95,-87.4,103.3,2,126.44999999999999,3
2019-09-06,28.8,-80.9,31.9,1,5.61,1
2019-09-06,29.9,-82.4,11.1,1,7.15,1
2019-09-06,30.2,-85.2,36.6,1,8.39,1
2019-09-06,30.25,-85.2,20.8,1,10.34,1
2019-09-06,30.25,-85.15,17.1,1,40.9,3
2019-09-06,30.65,-84.65,46.4,2,33.1,2
2019-09-08,30.2,-85.25,20.6,1,4.01,1
2019-09-08,30.2,-83.15,9.7,1,1.69,1
2019-09-08,30.95,-85.15,11.5,1,8.559999999999999,2
2019-09-09,28.95,-82.25,11.4,1,4.97,1
2019-09-09,29.95,-81.4,31.1,2,19.92,3
2019-09-09,30.1,-85.3,10.3,1,5.65,1
2019-09-09,30.85,-85.05,88.30000000000001,2,16.32,2
2019-09-10,26.75,-81.8,6.9,1,4.18,1
2019-09-10,27.55,-81.45,15.3,1,7.98,1
2019-09-11,26.3,-81.0,13.1,1,21.61,2
2019-09-11,28.3,-81.95,25.6,2,8.68,1
2019-09-11,30.35,-85.95,15.7,1,4.77,1
2019-09-11,30.35,-84.65,22.3,1,47.07,5
2019-09-11,30.45,-85.0,16.5,1,31.36,3
2019-09-11,30.5,-81.7,7.0,1,3.95,1
2019-09-11,30.85,-85.05,23.1,2,12.12,1
2019-09-12,28.95,-81.5,176.0,1,30.660000000000004,2
2019-09-12,30.3,-84.65,35.6,1,43.87,5
2019-09-12,30.35,-85.15,392.4,2,90.02,4
2019-09-12,30.35,-84.65,59.9,1,948.66,27
2019-09-16,30.8,-85.45,44.4,1,10.24,1
2019-09-17,27.35,-81.5,31.7,1,1.73,1
2019-09-17,28.3,-82.15,37.6,1,15.100000000000001,2
2019-09-17,28.7,-82.05,16.0,1,12.5,2
2019-09-17,29.5,-82.5,15.3,1,5.15,1
2019-09-17,29.7,-83.05,7.8,1,4.97,1
2019-09-17,29.7,-82.85,38.5,1,10.54,2
2019-09-17,29.75,-82.6,8.4,1,4.34,1
2019-09-17,30.0,-85.1,163.5,4,27.42,5
2019-09-17,30.0,-85.05,9.5,1,7.56,1
2019-09-17,30.1,-83.05,49.6,2,9.51,1
2019-09-17,30.1,-82.85,12.9,1,7.03,1
2019-09-17,30.35,-85.1,28.2,2,15.76,2
2019-09-17,30.35,-83.55,13.3,1,5.11,1
2019-09-17,30.35,-83.35,21.4,1,25.54,1
2019-09-17,30.5,-85.1,10.9,1,8.28,1
2019-09-17,30.65,-85.2,23.9,1,33.56,1
2019-09-17,30.85,-85.05,33.6,1,18.17,3
2019-09-17,30.85,-85.0,39.3,1,8.99,1
2019-09-18,25.55,-81.0,145.5,4,124.86,5
2019-09-18,29.95,-83.55,7.9,1,7.03,1
2019-09-18,30.3,-83.2,8.9,1,7.22,1
2019-09-18,30.6,-83.8,81.8,3,43.8,3
2019-09-19,25.6,-81.05,10.3,1,3.62,2
2019-09-19,28.7,-82.05,29.200000000000003,2,13.2,3
2019-09-19,29.7,-82.9,8.3,1,5.26,1
2019-09-19,29.95,-83.55,16.8,1,4.0,1
2019-09-19,30.45,-85.4,27.4,1,1.48,2
2019-09-19,30.85,-85.05,9.9,1,6.22,2
2019-09-20,30.4,-84.65,27.2,1,50.68,6
2019-09-20,30.45,-84.45,92.9,2,174.26,6
2019-09-23,30.45,-84.55,268.3,3,194.66,5
2019-09-23,30.5,-84.55,35.1,1,159.32999999999998,2
2019-09-24,27.65,-82.3,26.6,1,18.46,2
2019-09-24,27.8,-81.7,20.8,1,24.740000000000002,2
2019-09-25,26.85,-81.25,40.9,3,32.04,4
2019-09-25,27.7,-81.2,14.1,1,11.54,1
2019-09-25,27.75,-81.2,23.5,1,46.08,5
2019-09-25,28.75,-82.05,70.7,2,6.29,1
2019-09-25,29.85,-82.3,36.0,2,18.009999999999998,2
2019-09-26,26.85,-81.25,11.8,1,8.05,1
2019-09-26,27.8,-82.1,12.4,1,86.39,2
2019-09-26,28.3,-82.15,40.8,2,30.119999999999997,2
2019-09-26,29.85,-82.3,12.7,1,6.97,1
2019-09-26,29.95,-81.4,12.6,1,108.05,3
2019-09-26,30.1,-83.25,11.3,1,3.41,1
2019-09-27,26.85,-81.25,7.8,1,8.22,1
2019-09-27,27.65,-81.4,22.5,1,47.87,3
2019-09-27,27.75,-81.85,14.8,1,14.99,2
2019-09-27,27.8,-81.7,7.5,1,2.91,1
2019-09-27,28.7,-82.0,9.1,1,10.899999999999999,3
2019-09-27,29.95,-81.4,39.6,3,12.79,2
2019-09-27,30.45,-84.95,9.8,1,33.69,6
2019-09-28,27.35,-80.6,15.8,2,12.919999999999998,2
2019-09-28,27.6,-81.4,24.5,2,8.21,4
2019-09-28,28.3,-82.55,7.0,1,2.64,1
2019-09-28,30.65,-85.05,7.8,1,18.08,2
2019-09-29,30.4,-84.95,68.6,2,5.72,1
2019-09-29,30.45,-84.95,24.9,1,40.29,3
2019-09-30,28.55,-82.6,72.4,2,3.6,1
2019-10-02,26.85,-81.3,11.4,1,10.92,2
2019-10-02,29.05,-81.85,18.7,1,67.24000000000001,9
2019-10-03,28.35,-82.45,55.7,3,31.869999999999997,3
2019-10-03,28.7,-82.05,106.0,3,17.31,1
2019-10-03,28.7,-82.0,121.6,3,63.18,7
2019-10-03,29.05,-81.85,10.7,1,15.0,4
2019-10-03,30.3,-83.15,7.3,1,4.0,1
2019-10-03,30.3,-82.75,55.9,2,25.34,2
2019-10-03,30.45,-83.95,8.7,1,6.01,1
2019-10-03,30.6,-83.8,7.6,1,10.56,2
2019-10-04,26.45,-81.3,51.7,1,4.46,1
2019-10-04,27.25,-80.85,16.8,2,6.39,3
2019-10-04,28.05,-82.15,5.5,1,4.43,1
2019-10-04,28.7,-82.0,33.3,1,5.67,1
2019-10-04,29.4,-83.05,10.4,1,9.68,1
2019-10-06,26.45,-80.8,19.7,1,28.08,5
2019-10-06,26.5,-80.8,21.0,1,14.38,2
2019-10-06,26.5,-80.75,7.8,1,1.2,1
2019-10-07,26.45,-80.8,12.9,1,8.379999999999999,4
2019-10-07,30.5,-86.8,167.5,3,3.04,1
2019-10-10,28.05,-82.15,12.9,1,2.41,1
2019-10-10,28.7,-82.0,17.1,1,5.7,1
2019-10-11,27.15,-81.6,77.89999999999999,2,32.66,3
2019-10-11,27.85,-81.8,174.7,4,16.060000000000002,2
2019-10-11,28.7,-82.0,67.7,2,4.07,1
2019-10-11,29.4,-83.05,42.9,2,21.19,2
2019-10-11,29.7,-83.1,21.2,2,38.339999999999996,4
2019-10-11,29.75,-82.7,40.1,3,3.08,1
2019-10-11,29.85,-82.85,6.2,1,4.81,1
2019-10-12,30.3,-82.8,20.0,2,5.07,1
2019-10-14,26.3,-81.0,6.2,1,20.65,4
2019-10-14,28.05,-82.15,6.4,1,9.64,2
2019-10-14,29.45,-82.4,18.8,1,13.22,1
2019-10-14,29.55,-82.75,7.3,1,9.16,1
2019-10-14,29.85,-82.85,7.5,1,9.86,2
2019-10-14,30.1,-83.35,9.4,1,5.88,1
2019-10-15,26.3,-81.25,8.4,1,6.24,1
2019-10-15,27.25,-81.8,175.79999999999998,4,115.44,6
2019-10-15,28.2,-82.6,30.4,1,10.17,1
2019-10-16,27.15,-82.35,115.1,2,33.01,4
2019-10-16,27.7,-81.2,43.599999999999994,2,13.89,4
2019-10-17,27.7,-81.15,118.9,2,11.74,1
2019-10-20,30.65,-85.2,11.5,2,2.64,1
2019-10-20,30.95,-85.3,9.2,1,1.97,1
2019-10-21,28.35,-81.25,5.1,1,1.99,1
2019-10-21,30.45,-84.9,7.6,1,1.76,1
2019-10-22,27.65,-81.2,38.5,2,115.58,6
2019-10-22,30.25,-85.55,10.0,1,4.52,1
2019-10-22,30.45,-84.95,15.6,1,16.549999999999997,2
2019-10-23,25.55,-80.75,38.2,2,16.39,2
2019-10-23,26.5,-80.7,10.8,1,8.94,1
2019-10-23,29.85,-83.0,9.3,1,2.64,1
2019-10-23,30.85,-85.05,22.9,1,20.209999999999997,2
2019-10-24,27.65,-80.95,12.9,1,21.2,4
2019-10-24,28.7,-82.0,11.7,1,31.7,3
2019-10-25,26.1,-81.6,24.9,1,4.08,1
2019-10-26,28.7,-82.0,11.9,1,6.43,1
2019-10-27,30.95,-86.25,11.0,1,2.17,1
2019-10-28,26.5,-80.6,14.0,1,26.12,2
2019-10-28,29.75,-82.0,23.9,1,36.790000000000006,3
2019-10-29,26.25,-81.4,56.6,3,31.76,2
2019-10-29,26.3,-81.25,6.4,1,14.17,3
2019-10-29,26.7,-80.45,5.6,1,2.87,1
2019-10-29,26.7,-80.4,11.7,1,16.73,2
2019-10-29,29.9,-82.35,21.2,1,5.65,1
2019-10-30,26.85,-81.3,13.3,1,5.49,1
2019-10-30,28.15,-81.95,5.2,1,1.97,1
2019-10-30,28.85,-81.35,6.2,1,5.91,1
2019-10-30,29.75,-82.9,9.5,1,3.54,1
2019-10-31,26.45,-80.9,33.8,2,10.65,1
2019-10-31,26.85,-81.3,12.8,1,7.32,1
2019-10-31,29.7,-82.95,97.1,4,18.8,2
2019-10-31,30.55,-83.05,5.6,1,9.67,1
2019-11-01,28.65,-82.05,13.7,1,4.07,1
2019-11-01,28.7,-82.0,101.9,5,32.61,5
2019-11-01,29.85,-82.85,14.2,1,15.03,3
2019-11-01,29.9,-82.4,8.7,1,1.34,1
2019-11-01,30.55,-83.05,16.3,1,2.17,1
2019-11-01,30.8,-85.1,27.3,2,11.51,2
2019-11-02,30.05,-85.5,13.5,1,6.73,1
2019-11-02,30.4,-87.0,4.4,1,5.44,1
2019-11-03,30.5,-84.75,44.900000000000006,2,44.22,2
2019-11-03,30.7,-86.1,89.4,2,69.84,2
2019-11-03,30.75,-85.4,20.8,1,28.53,3
2019-11-03,30.75,-85.35,24.7,1,10.4,2
2019-11-03,30.95,-86.55,104.0,2,97.64,3
2019-11-05,30.25,-84.35,13.5,1,2.59,1
2019-11-06,29.85,-82.85,23.299999999999997,2,4.83,1
2019-11-06,30.05,-85.5,6.4,1,2.09,1
2019-11-06,30.05,-85.1,28.8,2,6.35,1
2019-11-06,30.1,-83.95,312.0,2,41.55,2
2019-11-06,30.1,-83.9,162.8,5,179.57999999999998,9
2019-11-06,30.35,-85.25,15.2,2,6.89,2
2019-11-06,30.35,-85.15,159.5,4,55.52,6
2019-11-06,30.35,-85.1,6.7,1,5.35,1
2019-11-06,30.4,-85.6,185.1,4,110.76,5
2019-11-06,30.5,-85.25,28.5,1,22.11,3
2019-11-06,30.5,-85.2,28.0,1,33.29,4
2019-11-06,30.6,-85.1,34.1,3,15.34,3
2019-11-06,30.85,-86.4,432.0,5,169.61,4
2019-11-07,26.1,-81.6,16.3,1,22.1,5
2019-11-07,26.15,-80.75,70.3,2,21.4,3
2019-11-07,26.35,-80.85,138.4,5,5.12,1
2019-11-07,28.45,-81.0,9.3,1,9.96,7
2019-11-07,29.4,-81.2,6.1,1,3.24,1
2019-11-09,30.55,-85.2,24.0,1,61.7,6
2019-11-09,30.65,-85.3,21.0,2,25.96,2
2019-11-09,30.8,-85.45,8.9,1,1.71,1
2019-11-10,30.9,-86.65,29.799999999999997,2,123.26,3
2019-11-11,27.35,-82.0,447.4,3,22.05,2
2019-11-11,27.35,-81.95,50.8,1,197.45000000000002,3
2019-11-11,28.8,-82.05,17.4,1,9.97,1
2019-11-11,30.25,-83.35,66.0,3,37.43,4
2019-11-11,30.35,-83.5,5.7,1,2.9,1
2019-11-11,30.4,-84.95,21.2,1,11.45,2
2019-11-11,30.5,-85.2,16.9,2,21.73,2
2019-11-11,30.95,-85.2,64.1,2,20.17,1
2019-11-12,26.3,-81.15,59.3,2,6.03,1
2019-11-12,26.35,-81.15,13.0,1,17.75,1
2019-11-12,26.85,-81.7,22.2,1,38.1,3
2019-11-12,28.25,-81.7,7.6,1,17.22,3
2019-11-12,28.45,-81.0,161.7,5,65.0,15
2019-11-12,28.8,-80.95,18.8,1,2.53,1
2019-11-12,29.25,-82.3,15.3,1,19.72,2
2019-11-12,29.95,-81.4,41.8,1,34.79,4
2019-11-13,30.5,-83.9,42.8,2,9.84,1
2019-11-16,30.75,-85.65,11.6,1,4.57,1
2019-11-17,30.6,-86.4,14.4,1,14.84,3
2019-11-18,26.55,-80.95,54.0,3,61.89,2
2019-11-18,26.8,-81.75,284.1,3,15.32,1
2019-11-18,28.7,-82.0,12.8,1,2.47,1
2019-11-18,30.25,-85.55,8.4,1,5.33,1
2019-11-18,30.25,-85.25,36.1,2,2.88,1
2019-11-18,30.3,-85.15,185.4,4,117.60999999999999,4
2019-11-18,30.5,-85.1,22.5,3,3.17,1
2019-11-18,30.65,-84.75,22.9,1,108.57,4
2019-11-18,30.75,-85.05,6.6,1,5.58,1
2019-11-19,26.3,-81.15,47.5,2,69.36,8
2019-11-19,26.3,-81.0,7.1,1,2.22,1
2019-11-19,26.75,-81.75,91.5,1,25.55,1
2019-11-19,27.55,-82.55,11.4,1,14.6,3
2019-11-19,27.6,-80.9,8.0,1,44.519999999999996,6
2019-11-19,27.7,-81.45,13.8,1,12.01,3
2019-11-19,29.15,-81.4,7.7,1,3.5,2
2019-11-19,29.3,-82.65,8.6,1,9.44,2
2019-11-19,29.3,-82.6,25.0,1,20.9,2
2019-11-19,30.1,-83.9,218.1,4,186.95000000000002,4
2019-11-19,30.1,-83.25,5.5,1,10.850000000000001,2
2019-11-19,30.2,-83.15,5.2,1,4.78,1
2019-11-19,30.3,-85.15,31.799999999999997,2,40.260000000000005,5
2019-11-19,30.3,-84.25,21.5,1,7.06,1
2019-11-19,30.3,-84.2,83.60000000000001,4,115.48,7
2019-11-19,30.4,-85.2,8.0,1,6.31,1
2019-11-19,30.45,-84.65,41.9,2,50.53,2
2019-11-19,30.5,-84.05,6.0,1,4.85,1
2019-11-19,30.5,-81.95,10.7,1,9.98,1
2019-11-19,30.65,-85.2,3.8,1,4.13,1
2019-11-19,30.7,-87.55,30.9,2,8.1,2
2019-11-19,30.7,-85.05,4.7,1,5.07,2
2019-11-19,30.75,-87.55,36.7,1,28.41,2
2019-11-19,30.8,-85.05,74.6,2,77.17,4
2019-11-20,26.95,-82.3,32.9,1,11.22,1
2019-11-20,27.75,-81.85,7.3,1,68.04,4
2019-11-20,28.0,-81.9,438.20000000000005,5,38.1,2
2019-11-20,28.25,-81.35,7.0,1,7.51,1
2019-11-20,28.35,-82.5,17.1,1,4.6,2
2019-11-20,28.35,-81.65,9.3,1,5.02,1
2019-11-20,28.35,-81.25,8.5,1,8.86,1
2019-11-20,28.45,-81.05,49.9,2,24.240000000000002,3
2019-11-20,28.8,-82.55,8.3,1,2.81,1
2019-11-20,30.1,-83.95,82.7,1,1.24,1
2019-11-20,30.1,-83.9,520.6,5,144.18,11
2019-11-20,30.1,-83.25,19.1,2,9.25,1
2019-11-20,30.3,-84.2,17.5,2,105.57000000000001,7
2019-11-20,30.35,-85.9,17.6,1,31.17,3
2019-11-20,30.35,-85.7,5.3,1,1.41,1
2019-11-20,30.35,-85.15,649.7,4,304.83000000000004,4
2019-11-20,30.4,-85.2,31.099999999999998,2,10.16,1
2019-11-20,30.5,-84.9,11.1,1,3.47,1
2019-11-20,30.65,-87.3,32.0,2,5.98,1
2019-11-20,30.65,-85.95,6.4,1,3.44,1
2019-11-20,30.65,-85.2,3.8,1,10.4,2
2019-11-20,30.9,-87.0,135.8,4,20.07,3
2019-11-20,30.9,-86.4,33.8,2,61.45,4
2019-11-21,26.8,-81.75,8.9,1,18.46,2
2019-11-21,26.95,-82.3,33.7,2,29.229999999999997,2
2019-11-21,26.95,-80.6,8.3,1,10.7,2
2019-11-21,27.35,-81.6,12.8,1,5.7,1
2019-11-21,27.75,-81.85,11.0,1,4.52,1
2019-11-21,28.0,-81.9,167.1,4,43.95,3
2019-11-21,28.25,-82.6,22.3,2,58.35,1
2019-11-21,28.6,-80.75,31.4,1,4.3100000000000005,4
2019-11-21,29.85,-82.65,19.1,2,20.8,4
2019-11-21,30.1,-83.25,4.3,1,4.99,1
2019-11-21,30.15,-85.25,7.6,1,0.8,1
2019-11-21,30.15,-82.45,20.6,2,18.92,3
2019-11-21,30.25,-85.9,4.8,1,2.58,1
2019-11-21,30.45,-84.95,7.4,1,6.68,2
2019-11-21,30.45,-82.9,19.8,2,16.73,1
2019-11-21,30.5,-84.65,9.3,1,8.69,1
2019-11-21,30.55,-85.75,13.3,2,15.16,2
2019-11-21,30.6,-84.85,28.9,1,89.82,3
2019-11-21,30.65,-85.05,5.0,1,2.81,1
2019-11-21,30.7,-85.45,4.8,1,18.259999999999998,2
2019-11-21,30.75,-85.45,4.9,1,2.95,1
2019-11-21,30.75,-85.1,7.0,1,5.47,1
2019-11-21,30.75,-85.05,6.8,1,13.71,2
2019-11-21,30.8,-87.55,91.8,3,14.83,2
2019-11-21,30.8,-86.55,64.3,2,61.87,4
2019-11-21,30.8,-86.3,44.9,2,96.28999999999999,4
2019-11-21,30.9,-85.9,266.8,6,75.49,5
2019-11-22,27.75,-81.85,7.8,1,58.36,2
2019-11-22,28.0,-81.9,35.6,2,27.68,3
2019-11-22,28.05,-82.15,4.8,1,10.19,2
2019-11-23,26.7,-81.45,18.7,1,4.67,1
2019-11-23,26.75,-81.55,16.9,2,26.52,3
2019-11-23,29.05,-82.0,13.3,1,48.12,3
2019-11-24,30.35,-85.45,9.3,1,9.63,1
2019-11-24,30.65,-87.3,82.5,2,76.32,2
2019-11-25,26.0,-81.7,19.0,1,11.83,1
2019-11-25,30.3,-84.25,98.69999999999999,3,122.03999999999999,6
2019-11-25,30.3,-84.2,122.0,2,23.279999999999998,2
2019-11-25,30.35,-84.7,70.1,3,45.85,8
2019-11-25,30.35,-84.65,10.7,1,8.5,2
2019-11-25,30.45,-85.05,47.3,2,26.61,3
2019-11-25,30.5,-85.15,9.8,1,5.01,1
2019-11-25,30.5,-85.1,9.4,1,3.21,1
2019-11-25,30.5,-83.8,12.1,1,5.25,2
2019-11-25,30.7,-85.1,31.8,1,1.6,1
2019-11-25,30.75,-85.65,10.5,1,9.83,3
2019-11-25,30.75,-85.1,32.2,1,38.300000000000004,3
2019-11-25,30.85,-85.35,11.8,1,6.8,1
2019-11-26,30.3,-84.5,13.0,1,78.8,9
2019-11-26,30.55,-84.7,136.0,4,43.43,3
2019-11-26,30.6,-85.2,8.5,1,5.46,1
2019-11-26,30.6,-85.05,40.2,3,17.759999999999998,2
2019-11-27,29.85,-82.45,8.3,1,6.29,1
2019-11-27,30.35,-83.35,7.6,1,6.87,1
2019-11-29,26.75,-80.55,105.3,2,3.12,1
2019-11-29,29.5,-82.5,13.0,2,8.53,1
2019-11-29,30.55,-84.7,16.2,2,4.49,1
2019-11-29,30.95,-86.0,5.4,1,3.37,1
2019-11-30,26.7,-81.75,10.9,1,9.46,1
2019-11-30,30.3,-82.15,5.7,1,3.77,1
2019-11-30,30.55,-86.4,202.7,3,80.30999999999999,5
2019-11-30,30.55,-86.35,88.7,2,23.61,5
2019-11-30,30.55,-84.9,19.9,1,36.95,4
2019-11-30,30.75,-87.25,70.9,3,19.9,2
2019-11-30,30.75,-85.1,11.7,1,2.58,1
2019-11-30,30.9,-86.6,65.7,3,57.14,6
2019-12-02,26.7,-81.0,149.5,2,4.71,1
2019-12-02,26.85,-80.6,6.2,1,12.13,2
2019-12-02,27.15,-81.1,7.6,1,71.3,4
2019-12-02,29.1,-82.65,76.8,1,39.94,1
2019-12-02,29.3,-82.65,17.700000000000003,2,35.540000000000006,3
2019-12-02,29.75,-81.85,9.0,1,25.74,1
2019-12-02,30.2,-83.95,68.1,3,80.16,4
2019-12-02,30.85,-87.45,12.6,1,1.94,1
2019-12-02,30.9,-86.95,329.70000000000005,3,71.55,8
2019-12-03,26.6,-81.4,24.2,2,21.42,3
2019-12-03,26.6,-81.0,12.9,1,4.970000000000001,2
2019-12-03,26.7,-81.75,20.4,3,5.6,1
2019-12-03,27.2,-82.45,6.3,1,2.17,1
2019-12-03,27.5,-80.85,9.9,1,3.97,2
2019-12-03,27.75,-82.15,11.5,1,20.42,3
2019-12-03,27.8,-81.85,7.0,1,4.86,2
2019-12-03,28.35,-81.25,8.0,1,1.8,1
2019-12-03,28.35,-81.0,20.4,1,2.74,1
2019-12-03,28.4,-81.0,83.3,2,49.71,7
2019-12-03,28.7,-82.0,20.4,2,5.41,1
2019-12-03,30.1,-85.3,69.1,3,30.25,5
2019-12-03,30.3,-85.75,10.9,1,7.890000000000001,2
2019-12-03,30.3,-85.15,77.4,3,121.84,8
2019-12-03,30.35,-83.35,11.9,1,3.44,1
2019-12-03,30.4,-85.65,8.0,1,2.65,1
2019-12-03,30.6,-84.8,19.0,2,19.38,3
2019-12-03,30.65,-84.9,22.3,1,9.24,2
2019-12-03,30.75,-87.55,40.5,2,16.509999999999998,4
2019-12-03,30.8,-86.55,107.6,3,21.73,2
2019-12-03,30.9,-85.3,24.9,2,29.32,3
2019-12-04,26.6,-81.45,19.6,1,18.92,3
2019-12-04,26.85,-80.25,103.6,3,4.94,2
2019-12-04,27.1,-80.2,105.6,1,57.34,6
2019-12-04,27.25,-80.6,52.400000000000006,3,19.200000000000003,2
2019-12-04,27.3,-81.6,69.6,2,43.120000000000005,4
2019-12-04,27.7,-81.4,16.6,1,50.910000000000004,8
2019-12-04,27.8,-82.2,145.8,3,9.530000000000001,2
2019-12-04,27.85,-81.35,58.5,2,46.29,7
2019-12-04,28.25,-80.75,14.0,1,28.14,1
2019-12-04,28.35,-82.5,29.299999999999997,2,9.43,2
2019-12-04,28.35,-82.15,43.5,2,64.43,4
2019-12-04,28.75,-82.45,31.7,1,151.94,5
2019-12-04,29.15,-81.5,16.4,1,6.86,2
2019-12-04,29.9,-82.05,22.6,2,12.06,3
2019-12-04,30.1,-85.3,73.6,3,13.22,1
2019-12-04,30.15,-84.1,23.6,1,231.37,7
2019-12-04,30.25,-83.2,22.5,1,3.89,1
2019-12-04,30.3,-85.15,15.3,1,4.23,1
2019-12-04,30.4,-85.65,8.6,1,5.94,1
2019-12-04,30.4,-85.05,21.2,1,6.99,2
2019-12-04,30.5,-85.2,49.3,2,8.26,1
2019-12-04,30.55,-85.2,8.4,1,3.17,1
2019-12-04,30.55,-85.05,46.199999999999996,2,25.93,2
2019-12-04,30.6,-85.1,77.2,4,19.64,2
2019-12-04,30.6,-84.75,20.7,1,17.63,1
2019-12-04,30.65,-85.35,6.1,1,2.74,1
2019-12-04,30.7,-85.05,6.3,1,3.59,1
2019-12-04,30.8,-87.55,155.7,3,121.81,5
2019-12-04,30.8,-85.25,6.8,1,6.7,1
2019-12-04,30.95,-85.15,67.5,3,27.11,2
2019-12-05,28.35,-81.0,44.2,1,14.75,2
2019-12-05,28.35,-80.95,67.5,1,12.57,2
2019-12-05,28.4,-81.0,125.1,2,4.59,1
2019-12-05,29.9,-83.25,11.4,1,18.35,2
2019-12-05,30.1,-85.3,123.69999999999999,4,15.600000000000001,2
2019-12-05,30.25,-85.9,32.8,2,11.370000000000001,2
2019-12-05,30.3,-85.5,4.5,1,2.78,1
2019-12-05,30.3,-85.15,10.0,1,9.19,1
2019-12-05,30.5,-83.05,41.400000000000006,2,19.64,1
2019-12-05,30.55,-83.2,142.3,2,24.63,3
2019-12-05,30.7,-85.05,4.5,1,4.11,1
2019-12-05,30.8,-87.6,169.9,2,108.25999999999999,5
2019-12-05,30.9,-85.1,27.3,1,2.8,1
2019-12-06,26.7,-81.75,11.9,1,3.69,1
2019-12-06,26.7,-81.45,10.0,1,7.029999999999999,2
2019-12-06,27.1,-81.65,7.6,1,11.55,2
2019-12-06,27.85,-81.4,38.400000000000006,2,41.57,5
2019-12-06,28.45,-82.55,8.6,1,3.34,1
2019-12-06,29.9,-81.75,7.2,1,4.08,1
2019-12-07,28.6,-81.75,33.599999999999994,2,40.14,3
2019-12-09,27.5,-81.35,35.1,2,35.18,6
2019-12-09,27.8,-81.35,15.5,2,102.28999999999999,8
2019-12-09,28.05,-82.1,12.9,1,7.61,1
2019-12-10,26.45,-80.85,90.2,1,128.05,1
2019-12-10,28.05,-82.15,5.9,1,4.19,1
2019-12-10,28.45,-82.55,6.1,1,2.28,1
2019-12-10,29.05,-81.95,10.1,1,120.41,7
2019-12-10,30.05,-81.85,8.0,1,3.86,1
2019-12-14,30.05,-81.85,5.1,1,2.68,1
2019-12-14,30.7,-85.15,11.3,2,6.39,1
2019-12-14,30.95,-85.1,3.2,1,3.29,1
2019-12-15,30.35,-84.0,8.899999999999999,2,3.24,1
2019-12-15,30.85,-86.15,184.2,3,160.32999999999998,9
2019-12-16,25.25,-80.7,37.0,2,35.1,3
2019-12-16,26.7,-80.95,124.30000000000001,2,28.89,2
2019-12-16,27.2,-81.8,59.7,1,5.95,1
2019-12-16,27.6,-82.5,16.4,2,14.24,2
2019-12-16,27.65,-82.25,8.2,2,3.06,1
2019-12-16,28.4,-82.15,77.60000000000001,2,222.01999999999998,9
2019-12-16,29.95,-81.9,77.9,2,156.85,7
2019-12-16,30.35,-85.4,28.400000000000002,2,23.08,1
2019-12-16,30.35,-85.15,27.7,2,11.49,1
2019-12-16,30.55,-84.7,4.6,1,14.18,1
2019-12-16,30.75,-85.1,6.0,1,0.68,1
2019-12-16,30.75,-85.05,22.5,1,8.76,2
2019-12-16,30.9,-85.05,14.1,1,12.07,2
2019-12-17,25.2,-80.7,17.6,2,36.97,6
2019-12-17,26.05,-81.8,3.6,1,2.88,1
2019-12-17,27.3,-81.65,82.3,2,14.86,2
2019-12-18,30.7,-86.55,15.5,1,10.35,3
2019-12-19,27.55,-82.05,7.9,1,2.84,1
2019-12-19,28.7,-82.0,7.7,1,2.98,1
2019-12-19,28.8,-82.0,59.8,2,23.67,3
2019-12-19,30.45,-86.0,11.2,1,4.82,1
2019-12-19,30.5,-86.05,7.5,1,35.28,4
2019-12-19,30.5,-83.5,12.9,1,12.34,3
2019-12-19,30.7,-86.55,53.7,3,7.21,1
2019-12-19,30.7,-85.35,7.1,1,4.24,1
2019-12-19,30.75,-85.1,10.5,1,8.66,2
2019-12-19,30.8,-85.0,47.3,1,21.65,2
2019-12-19,30.9,-87.6,57.0,2,26.43,5
2019-12-19,30.9,-85.15,11.4,1,8.25,1
2019-12-27,30.5,-85.2,18.0,2,12.229999999999999,3
2019-12-27,30.85,-85.25,7.1,1,5.65,1
2019-12-31,26.95,-81.85,5.0,1,13.74,1
2019-12-31,30.1,-85.35,42.7,1,8.34,1
2019-12-31,30.35,-85.25,4.1,1,7.26,2
2019-12-31,30.35,-85.15,70.1,2,10.84,2
2019-12-31,30.5,-85.2,14.3,1,2.46,1
2020-01-01,30.05,-83.7,6.7,1,4.16,1
2020-01-01,30.05,-82.8,20.3,2,19.59,2
2020-01-01,30.25,-85.25,6.2,1,5.52,1
2020-01-01,30.35,-85.15,22.2,2,28.65,3
2020-01-01,30.6,-85.2,70.3,4,46.95,4
2020-01-01,30.6,-85.05,5.6,1,7.29,1
2020-01-01,30.85,-85.25,8.4,1,8.33,1
2020-01-02,26.7,-81.45,8.6,1,3.19,1
2020-01-02,26.8,-81.9,30.299999999999997,2,36.14,3
2020-01-02,28.25,-81.35,5.0,1,3.32,1
2020-01-02,28.6,-81.75,10.0,1,7.86,2
2020-01-02,28.7,-82.0,7.6,1,2.38,1
2020-01-02,28.85,-82.5,3.6,1,2.45,1
2020-01-02,29.45,-82.5,17.2,2,1.89,1
2020-01-02,29.85,-82.0,59.8,1,80.24000000000001,7
2020-01-02,30.0,-81.65,5.8,1,35.550000000000004,6
2020-01-02,30.1,-83.05,4.6,1,3.37,1
2020-01-02,30.2,-82.25,19.9,2,2.32,1
2020-01-02,30.35,-85.15,12.3,1,4.5,1
2020-01-02,30.45,-83.25,53.8,2,12.04,2
2020-01-02,30.45,-83.2,22.9,1,60.61,8
2020-01-02,30.5,-83.75,3.8,1,3.88,1
2020-01-03,26.65,-80.9,94.0,1,121.31,2
2020-01-03,26.95,-80.5,5.5,1,37.16,4
2020-01-03,27.35,-81.6,9.2,1,15.39,1
2020-01-03,27.7,-80.9,6.1,1,11.04,3
2020-01-03,28.6,-81.75,14.2,1,12.489999999999998,3
2020-01-03,28.7,-82.4,9.9,1,17.88,2
2020-01-03,29.0,-82.25,10.0,1,4.04,2
2020-01-03,30.0,-81.65,24.7,1,0.4,1
2020-01-05,28.75,-81.9,15.2,1,6.01,2
2020-01-06,26.75,-81.35,27.4,1,37.8,2
2020-01-06,26.85,-81.75,7.8,1,2.99,1
2020-01-06,26.9,-81.75,64.1,1,183.48,9
2020-01-06,27.1,-81.25,11.7,2,11.24,4
2020-01-06,27.15,-82.1,8.2,1,3.16,1
2020-01-06,27.5,-82.05,33.3,3,19.39,2
2020-01-06,27.7,-81.4,8.5,1,13.73,4
2020-01-06,28.05,-82.15,5.0,1,4.96,1
2020-01-06,28.6,-81.75,10.8,1,5.53,1
2020-01-06,29.8,-82.9,12.3,1,9.96,1
2020-01-06,30.0,-85.2,8.2,1,8.29,2
2020-01-06,30.15,-83.8,19.2,3,19.12,2
2020-01-06,30.25,-85.25,6.4,1,7.58,2
2020-01-06,30.35,-85.15,19.0,1,17.56,2
2020-01-06,30.35,-84.9,4.9,1,3.79,1
2020-01-06,30.4,-86.05,19.2,1,21.01,3
2020-01-06,30.7,-85.2,4.4,1,7.34,2
2020-01-06,30.95,-86.75,182.0,4,122.13,7
2020-01-06,30.95,-85.1,12.4,1,10.02,2
2020-01-07,26.3,-81.7,6.6,1,3.8,1
2020-01-07,26.55,-81.75,9.4,1,2.42,1
2020-01-07,27.8,-80.55,642.0,6,9.6,2
2020-01-07,28.05,-82.15,8.8,1,7.08,1
2020-01-07,28.05,-81.15,78.9,1,282.78,7
2020-01-07,28.5,-82.2,4.6,1,3.8699999999999997,2
2020-01-07,28.6,-81.75,20.2,2,6.16,1
2020-01-07,28.7,-82.55,42.3,2,35.74,5
2020-01-07,29.45,-82.5,13.1,2,4.51,1
2020-01-07,29.5,-81.65,6.9,1,51.56,5
2020-01-07,30.05,-83.0,4.1,1,3.5,1
2020-01-07,30.05,-82.75,13.7,1,1.88,1
2020-01-07,30.1,-83.3,13.6,1,6.17,1
2020-01-07,30.15,-83.3,25.6,2,9.12,1
2020-01-07,30.2,-82.6,24.7,1,5.06,1
2020-01-07,30.2,-82.55,35.6,1,7.0,1
2020-01-07,30.35,-85.9,31.4,3,8.65,2
2020-01-07,30.4,-85.9,77.1,1,132.65,11
2020-01-07,30.4,-84.95,6.3,1,85.24,5
2020-01-07,30.45,-85.65,185.6,2,51.71,5
2020-01-07,30.5,-86.05,36.0,1,6.02,2
2020-01-07,30.6,-85.2,3.4,1,56.62,2
2020-01-07,30.7,-85.2,19.1,2,9.53,1
2020-01-07,30.8,-86.95,209.6,4,31.96,2
2020-01-08,25.95,-80.8,34.9,2,47.620000000000005,8
2020-01-08,26.0,-80.8,18.1,1,23.3,2
2020-01-08,26.35,-81.05,13.7,2,5.65,1
2020-01-08,26.45,-81.3,26.3,3,24.02,5
2020-01-08,26.55,-81.55,8.1,1,4.41,1
2020-01-08,26.6,-81.25,8.9,1,5.44,2
2020-01-08,26.75,-81.55,48.0,3,57.5,4
2020-01-08,26.85,-81.85,251.3,6,93.95,9
2020-01-08,26.85,-81.7,4.5,1,12.56,2
2020-01-08,26.9,-81.85,9.3,1,2.8,1
2020-01-08,26.9,-81.5,85.9,2,5.98,1
2020-01-08,27.15,-82.15,139.5,3,80.86,1
2020-01-08,27.45,-80.8,6.1,1,4.9,1
2020-01-08,27.6,-82.5,87.10000000000001,3,32.74,4
2020-01-08,27.8,-80.55,188.1,3,234.35,5
2020-01-08,28.05,-81.9,72.6,2,17.04,2
2020-01-08,28.1,-81.25,13.4,1,18.55,3
2020-01-08,28.3,-82.6,20.0,2,4.34,1
2020-01-08,28.55,-82.6,32.4,2,5.71,1
2020-01-08,28.7,-82.45,64.2,2,19.799999999999997,2
2020-01-08,28.7,-82.4,31.7,2,60.68,4
2020-01-08,28.7,-81.0,12.2,1,19.9,2
2020-01-08,28.8,-81.5,6.8,1,1.98,1
2020-01-08,29.0,-82.4,6.2,1,21.48,4
2020-01-08,29.1,-81.2,44.099999999999994,2,8.33,2
2020-01-08,29.15,-81.4,24.4,2,23.1,6
2020-01-08,29.5,-82.25,11.0,1,40.4,3
2020-01-08,29.5,-81.8,73.10000000000001,2,8.61,2
2020-01-08,29.65,-82.8,29.1,2,8.16,2
2020-01-08,29.65,-82.65,33.0,2,29.27,2
2020-01-08,29.65,-82.6,10.1,1,36.18,3
2020-01-08,29.7,-81.8,7.5,1,29.57,3
2020-01-08,29.7,-81.3,6.6,1,31.66,2
2020-01-08,29.8,-82.9,13.5,2,3.75,1
2020-01-08,29.85,-81.9,19.1,2,5.61,1
2020-01-08,29.9,-84.9,31.8,1,29.73,4
2020-01-08,29.9,-84.85,26.8,2,12.190000000000001,2
2020-01-08,29.95,-82.0,19.5,2,19.799999999999997,3
2020-01-08,30.0,-85.2,9.5,1,5.42,1
2020-01-08,30.05,-83.0,3.4,1,6.66,1
2020-01-08,30.05,-82.75,20.1,2,16.82,2
2020-01-08,30.05,-82.05,5.8,1,10.02,2
2020-01-08,30.05,-82.0,26.6,1,55.78,3
2020-01-08,30.1,-81.95,62.4,3,8.35,1
2020-01-08,30.15,-85.25,7.4,1,8.64,2
2020-01-08,30.15,-83.3,13.3,2,19.45,5
2020-01-08,30.35,-84.85,6.1,1,11.41,1
2020-01-08,30.35,-82.6,5.1,1,29.57,2
2020-01-08,30.4,-83.9,8.3,1,6.42,1
2020-01-08,30.4,-82.35,8.3,1,13.0,3
2020-01-08,30.4,-81.6,6.2,1,3.93,1
2020-01-08,30.45,-82.7,67.1,3,8.17,3
2020-01-08,30.5,-82.75,4.9,1,23.59,2
2020-01-08,30.6,-85.95,97.19999999999999,2,55.81,3
2020-01-08,30.6,-85.9,63.900000000000006,3,37.45,5
2020-01-08,30.75,-86.9,199.1,3,54.160000000000004,5
2020-01-08,30.8,-86.9,363.5,4,24.37,4
2020-01-08,30.85,-85.9,10.6,1,7.66,2
2020-01-08,30.9,-85.35,13.5,1,5.22,2
2020-01-08,30.95,-85.95,23.8,1,37.72,2
2020-01-08,30.95,-85.05,42.1,2,12.11,3
2020-01-09,26.2,-81.4,31.8,1,10.8,1
2020-01-09,29.8,-82.9,4.3,1,3.12,1
2020-01-09,30.0,-85.2,10.0,1,4.0,1
2020-01-09,30.05,-83.0,14.1,1,7.6899999999999995,2
2020-01-09,30.05,-82.8,7.8,1,8.41,1
2020-01-09,30.1,-85.05,9.2,1,914.6800000000001,38
2020-01-09,30.25,-83.25,93.7,2,179.19,10
2020-01-09,30.4,-82.7,54.300000000000004,2,19.15,2
2020-01-09,30.45,-85.1,101.69999999999999,3,15.08,6
2020-01-10,29.25,-82.65,41.3,2,33.63,4
2020-01-10,30.45,-82.35,30.5,1,33.32,4
2020-01-12,26.95,-80.5,35.7,1,8.040000000000001,2
2020-01-13,27.1,-82.3,44.4,2,126.35,5
2020-01-13,27.45,-82.4,10.5,1,18.23,1
2020-01-13,27.45,-81.55,47.0,2,3.12,1
2020-01-13,27.55,-81.35,64.1,4,20.33,5
2020-01-13,28.05,-81.2,32.3,1,3.94,1
2020-01-13,28.3,-82.55,28.599999999999998,2,8.67,1
2020-01-13,28.3,-82.45,8.6,1,6.7,2
2020-01-13,28.3,-81.2,17.7,2,12.26,2
2020-01-13,28.7,-82.45,18.8,2,7.01,2
2020-01-13,28.7,-82.0,36.8,2,16.669999999999998,2
2020-01-13,28.85,-82.55,15.3,1,4.47,2
2020-01-13,29.35,-82.5,13.2,1,25.6,2
2020-01-13,30.4,-82.4,30.8,1,16.65,5
2020-01-14,26.3,-80.95,26.0,1,69.16,4
2020-01-14,29.85,-82.6,8.6,1,6.55,1
2020-01-14,30.3,-85.5,9.7,1,6.0600000000000005,2
2020-01-14,30.55,-83.5,53.2,1,26.26,2
2020-01-15,26.3,-81.7,23.9,2,3.43,1
2020-01-15,26.6,-80.9,110.0,2,9.21,2
2020-01-15,26.85,-81.75,43.8,2,39.4,8
2020-01-15,26.9,-81.2,39.9,2,26.1,3
2020-01-15,27.4,-82.4,6.5,1,3.37,1
2020-01-15,28.05,-82.15,17.1,2,12.58,3
2020-01-15,28.05,-81.1,21.0,1,45.660000000000004,7
2020-01-15,28.05,-81.05,199.4,2,69.9,9
2020-01-15,28.3,-82.55,30.0,2,3.93,1
2020-01-15,28.35,-82.5,40.0,2,13.52,2
2020-01-15,30.15,-81.55,7.3,1,2.72,1
2020-01-15,30.3,-85.15,9.8,2,6.41,2
2020-01-15,30.35,-85.25,4.4,1,4.41,1
2020-01-16,26.3,-81.2,8.5,1,10.84,1
2020-01-16,27.25,-80.65,6.2,1,13.33,3
2020-01-16,28.05,-81.65,12.9,1,6.66,1
2020-01-16,28.35,-82.35,4.6,1,1.66,1
2020-01-16,28.6,-81.75,25.9,2,24.509999999999998,3
2020-01-16,28.75,-81.55,9.0,1,7.41,1
2020-01-17,28.6,-81.75,8.7,1,1.49,1
2020-01-17,28.65,-82.35,5.8,1,6.14,1
2020-01-17,28.7,-82.3,8.6,1,10.18,1
2020-01-17,29.2,-82.1,117.9,4,131.8,8
2020-01-17,29.7,-83.1,21.7,1,35.339999999999996,3
2020-01-17,29.7,-82.95,10.0,1,4.97,1
2020-01-17,29.75,-82.95,7.4,1,3.21,1
2020-01-17,29.95,-82.0,78.6,4,54.24,4
2020-01-17,30.1,-85.05,956.4,5,418.32,25
2020-01-17,30.1,-85.0,269.8,2,380.03999999999996,19
2020-01-17,30.15,-85.05,318.5,1,59.62,6
2020-01-17,30.15,-85.0,533.1,6,515.1800000000001,26
2020-01-17,30.45,-85.6,178.60000000000002,2,35.16,1
2020-01-17,30.5,-86.0,144.5,4,113.31,7
2020-01-17,30.5,-83.9,13.4,1,18.91,3
2020-01-17,30.6,-84.4,29.4,2,11.629999999999999,2
2020-01-18,27.7,-81.4,6.4,1,2.24,1
2020-01-18,29.1,-82.1,9.9,1,3.92,2
2020-01-20,26.5,-81.7,14.7,1,2.48,1
2020-01-20,26.55,-81.75,20.2,2,2.89,1
2020-01-20,26.55,-81.2,18.0,1,33.03,4
2020-01-20,26.75,-81.8,25.7,2,4.74,1
2020-01-20,27.35,-82.05,325.9,3,43.46,4
2020-01-20,27.7,-82.25,11.8,1,9.690000000000001,2
2020-01-20,27.7,-81.35,41.7,1,84.49,6
2020-01-20,28.05,-81.65,5.9,1,4.55,2
2020-01-20,28.25,-81.6,5.2,1,2.97,1
2020-01-20,28.7,-82.0,72.1,4,35.4,6
2020-01-20,28.85,-82.45,74.6,3,14.89,3
2020-01-20,29.35,-81.7,231.0,3,496.6,15
2020-01-20,29.65,-82.5,30.799999999999997,2,5.58,2
2020-01-20,29.8,-83.0,190.9,6,91.38,7
2020-01-20,30.0,-81.65,12.6,1,2.47,1
2020-01-20,30.15,-82.8,58.1,3,7.47,1
2020-01-20,30.25,-84.3,15.1,1,20.14,5
2020-01-20,30.3,-85.15,30.6,1,24.72,3
2020-01-20,30.4,-81.95,65.1,2,41.87,8
2020-01-20,30.5,-86.8,87.2,1,3.67,1
2020-01-20,30.5,-86.75,108.6,1,48.64,6
2020-01-20,30.5,-86.0,80.1,2,5.97,1
2020-01-20,30.55,-86.8,83.2,1,20.08,4
2020-01-20,30.55,-86.75,150.0,1,233.19000000000003,14
2020-01-20,30.55,-86.0,38.0,1,96.52,6
2020-01-21,26.55,-81.35,208.4,2,194.47,5
2020-01-21,26.6,-81.35,97.1,2,198.07,11
2020-01-21,26.95,-81.55,70.6,4,70.32000000000001,9
2020-01-21,27.7,-81.35,176.9,3,73.02,7
2020-01-21,28.7,-82.0,78.1,3,29.209999999999997,5
2020-01-21,28.8,-82.45,73.4,1,39.32,3
2020-01-21,29.1,-82.6,2418.1,9,193.24,16
2020-01-21,29.15,-82.6,538.8,2,483.58,15
2020-01-21,29.35,-81.7,33.2,1,3.48,1
2020-01-21,29.4,-81.7,431.29999999999995,3,1585.74,34
2020-01-21,29.5,-81.8,51.2,2,11.21,2
2020-01-21,29.55,-81.6,170.10000000000002,4,15.469999999999999,2
2020-01-21,30.05,-85.05,22.2,1,55.16,6
2020-01-21,30.05,-85.0,40.4,1,24.57,5
2020-01-21,30.1,-85.05,150.0,3,17.94,3
2020-01-21,30.1,-85.0,18.8,1,7.86,1
2020-01-21,30.25,-84.3,11.3,1,17.76,2
2020-01-21,30.35,-85.15,162.1,4,127.68,5
2020-01-21,30.35,-85.1,52.3,1,30.18,3
2020-01-21,30.5,-86.05,75.1,1,43.76,4
2020-01-21,30.5,-83.3,21.5,1,142.72,6
2020-01-21,30.7,-86.85,175.1,2,203.35999999999999,13
2020-01-22,26.1,-81.65,6.2,1,7.04,1
2020-01-22,28.8,-82.5,51.6,1,13.02,1
2020-01-22,28.8,-82.45,79.3,1,89.21,6
2020-01-22,29.05,-82.6,18.5,1,30.24,3
2020-01-22,29.05,-82.55,241.0,3,165.71,5
2020-01-22,29.1,-82.6,1495.7,9,657.87,19
2020-01-22,29.1,-82.55,737.3,5,744.33,23
2020-01-22,29.65,-82.8,16.3,2,11.62,1
2020-01-22,30.0,-84.5,19.2,1,29.4,4
2020-01-22,30.15,-84.4,7.3,1,5.79,1
2020-01-22,30.15,-83.35,6.5,1,6.74,2
2020-01-22,30.2,-82.5,18.6,2,29.36,3
2020-01-22,30.25,-84.7,65.9,3,68.81,7
2020-01-22,30.25,-84.65,106.3,4,142.38,12
2020-01-22,30.25,-83.75,8.6,1,15.65,1
2020-01-22,30.25,-83.65,44.4,2,21.34,3
2020-01-22,30.3,-84.25,106.19999999999999,2,62.57,6
2020-01-22,30.3,-84.2,17.2,1,44.58,3
2020-01-22,30.3,-83.25,24.3,2,13.940000000000001,3
2020-01-22,30.75,-85.15,8.4,1,7.08,2
2020-01-22,30.85,-85.3,17.4,1,18.42,2
2020-01-22,30.85,-85.25,13.0,1,5.66,2
2020-01-22,30.9,-85.15,12.6,1,17.19,3
2020-01-23,26.3,-81.7,8.4,1,1.82,1
2020-01-23,26.5,-80.55,52.2,1,242.28000000000003,5
2020-01-23,26.55,-80.85,16.3,1,207.92,3
2020-01-23,26.85,-81.7,12.0,1,29.700000000000003,6
2020-01-23,26.95,-81.55,86.7,1,6.92,2
2020-01-23,27.5,-81.45,8.6,1,33.23,3
2020-01-24,30.8,-85.25,6.9,1,3.68,1
2020-01-25,26.55,-81.75,14.5,2,3.74,1
2020-01-25,26.55,-80.9,15.1,1,8.56,2
2020-01-25,26.75,-81.55,20.8,1,6.57,1
2020-01-25,27.4,-81.05,7.8,1,9.35,2
2020-01-25,27.45,-82.4,15.8,3,2.4,1
2020-01-25,27.65,-81.65,8.7,1,101.11,5
2020-01-25,27.75,-81.8,28.0,1,7.31,1
2020-01-25,27.8,-81.8,42.2,1,9.19,1
2020-01-25,28.6,-81.75,12.2,1,19.15,2
2020-01-25,28.7,-82.0,30.400000000000002,2,16.39,1
2020-01-25,29.25,-81.4,4.0,1,13.63,3
2020-01-25,30.0,-85.25,6.9,1,9.66,2
2020-01-25,30.4,-86.85,100.1,1,25.62,5
2020-01-25,30.45,-86.85,547.0999999999999,4,236.27,11
2020-01-25,30.6,-85.1,75.4,3,74.43,7
2020-01-25,30.6,-84.85,75.4,2,52.2,7
2020-01-25,30.65,-85.35,82.5,2,87.99,7
2020-01-25,30.75,-85.1,65.5,2,19.29,4
2020-01-25,30.75,-85.05,42.599999999999994,3,22.060000000000002,2
2020-01-25,30.95,-85.2,10.6,1,6.72,1
2020-01-26,25.35,-80.75,22.1,2,17.490000000000002,3
2020-01-26,25.35,-80.65,49.4,1,31.75,1
2020-01-26,25.35,-80.6,169.7,2,252.79000000000002,6
2020-01-26,26.8,-81.15,10.0,1,104.25,1
2020-01-28,26.75,-81.75,15.1,1,5.890000000000001,2
2020-01-28,27.05,-81.1,9.0,1,25.14,3
2020-01-28,27.15,-81.75,77.80000000000001,2,81.91,7
2020-01-28,27.2,-81.45,67.5,1,58.980000000000004,8
2020-01-28,27.25,-80.9,22.9,1,9.41,2
2020-01-28,27.3,-81.55,11.0,1,10.48,2
2020-01-28,27.35,-81.65,57.0,3,102.62,6
2020-01-28,27.35,-81.35,175.0,3,3.24,1
2020-01-28,27.35,-81.15,122.9,2,82.99000000000001,2
2020-01-28,27.4,-81.85,29.3,2,160.17000000000002,5
2020-01-28,27.5,-81.6,11.0,1,15.02,2
2020-01-28,27.55,-82.2,11.7,1,5.53,1
2020-01-28,27.65,-81.0,171.1,4,364.85,13
2020-01-28,27.65,-80.95,44.4,1,57.010000000000005,4
2020-01-28,27.85,-80.9,12.6,1,19.869999999999997,4
2020-01-28,27.95,-81.5,7.4,1,18.38,3
2020-01-28,27.95,-81.05,239.3,4,23.240000000000002,5
2020-01-28,27.95,-80.9,94.3,2,51.150000000000006,3
2020-01-28,28.0,-81.1,16.3,1,69.28,2
2020-01-28,28.0,-80.9,15.2,1,5.83,1
2020-01-28,28.1,-82.65,51.7,1,61.68,5
2020-01-28,28.4,-82.1,92.2,2,147.14000000000001,9
2020-01-28,28.55,-82.6,36.5,2,41.92,1
2020-01-28,29.0,-81.2,9.0,1,11.98,2
2020-01-28,29.2,-82.0,8.9,1,53.22,6
2020-01-28,29.65,-82.7,24.6,2,25.89,3
2020-01-28,29.85,-82.05,83.1,1,109.27000000000001,9
2020-01-28,29.85,-82.0,793.3,7,591.17,33
2020-01-28,29.85,-81.95,199.89999999999998,2,27.92,2
2020-01-28,29.9,-81.85,11.5,1,6.82,1
2020-01-28,29.95,-82.4,10.8,1,2.8,1
2020-01-28,30.0,-85.2,24.6,1,11.559999999999999,3
2020-01-28,30.1,-85.35,21.299999999999997,2,20.689999999999998,5
2020-01-28,30.15,-82.5,147.7,3,4.38,2
2020-01-28,30.15,-82.05,14.8,1,23.6,3
2020-01-28,30.15,-81.5,248.8,5,118.87,12
2020-01-28,30.2,-83.15,11.8,1,9.370000000000001,3
2020-01-28,30.25,-84.65,109.2,2,42.78,8
2020-01-28,30.25,-84.6,365.8,4,338.28000000000003,32
2020-01-28,30.3,-84.25,28.3,1,5.54,2
2020-01-28,30.3,-83.25,13.3,1,4.85,1
2020-01-28,30.3,-82.15,15.4,1,7.14,1
2020-01-28,30.65,-85.45,9.5,1,7.97,2
2020-01-29,26.75,-81.35,13.6,1,2.6,1
2020-01-29,26.95,-82.3,56.2,3,69.86,9
2020-01-29,26.95,-81.55,16.6,1,4.09,1
2020-01-29,27.15,-81.1,14.6,1,16.74,2
2020-01-29,27.25,-81.85,43.2,1,3.19,1
2020-01-29,27.3,-81.65,22.3,1,3.98,1
2020-01-29,27.5,-82.05,46.9,1,12.59,3
2020-01-30,27.55,-81.35,32.0,1,73.38,9
2020-01-30,27.65,-81.0,32.7,1,48.36,6
2020-01-30,30.0,-85.2,17.2,1,27.23,4
2020-02-02,27.65,-81.05,88.8,3,69.96000000000001,6
2020-02-02,28.65,-82.4,5.3,1,5.16,1
2020-02-02,30.25,-83.1,4.9,1,4.87,1
2020-02-02,30.5,-84.75,25.0,3,8.5,2
2020-02-02,30.75,-85.35,33.7,2,32.74,2
2020-02-03,27.55,-81.6,206.8,4,25.88,1
2020-02-03,28.05,-81.6,6.0,1,10.53,1
2020-02-03,28.35,-81.5,4.0,1,2.99,1
2020-02-03,28.6,-81.75,9.9,2,4.7,1
2020-02-03,29.05,-82.15,5.4,1,47.230000000000004,2
2020-02-03,29.35,-82.55,4.9,1,2.77,1
2020-02-03,29.4,-82.4,5.1,1,8.84,1
2020-02-03,29.95,-85.2,6.1,1,2.93,1
2020-02-03,30.0,-83.05,370.1,5,58.54,4
2020-02-03,30.0,-81.75,5.2,1,2.23,1
2020-02-03,30.1,-85.35,133.5,4,63.809999999999995,8
2020-02-03,30.1,-85.25,31.1,2,2.91,1
2020-02-03,30.1,-82.6,6.8,1,3.4,1
2020-02-03,30.15,-85.25,11.2,1,10.95,2
2020-02-03,30.15,-81.5,8.3,1,5.45,1
2020-02-03,30.2,-83.15,4.6,1,4.87,1
2020-02-03,30.3,-84.25,79.5,2,9.22,2
2020-02-03,30.45,-83.95,29.0,1,42.86,4
2020-02-03,30.45,-81.65,5.0,1,3.08,1
2020-02-03,30.55,-86.5,281.7,4,7.01,1
2020-02-03,30.55,-85.5,66.5,3,40.39,5
2020-02-03,30.55,-85.45,8.3,1,9.57,2
2020-02-03,30.55,-85.3,23.2,1,36.21,3
2020-02-03,30.6,-85.2,19.9,2,14.68,1
2020-02-03,30.6,-85.15,15.4,1,14.68,1
2020-02-03,30.65,-85.3,47.7,2,10.16,3
2020-02-03,30.65,-84.6,18.7,1,10.82,1
2020-02-03,30.7,-85.35,11.2,1,2.96,1
2020-02-04,25.35,-80.6,210.0,3,62.96,5
2020-02-04,25.4,-80.6,51.199999999999996,2,167.94,9
2020-02-04,26.45,-81.25,25.1,2,13.12,2
2020-02-04,26.65,-81.2,97.8,3,5.01,1
2020-02-04,26.7,-81.75,7.8,1,16.34,2
2020-02-04,26.75,-81.3,30.5,2,50.65,7
2020-02-04,26.95,-81.55,147.6,2,369.32,8
2020-02-04,26.95,-81.15,26.0,1,34.82,2
2020-02-04,27.35,-81.9,164.2,4,93.53,5
2020-02-04,27.5,-82.05,9.9,1,7.61,1
2020-02-04,27.5,-81.6,12.3,1,31.57,2
2020-02-04,27.55,-80.8,24.8,2,19.77,2
2020-02-04,27.65,-80.95,96.2,1,18.490000000000002,4
2020-02-04,27.8,-80.6,100.6,2,167.26999999999998,6
2020-02-04,27.9,-81.9,32.0,2,13.86,1
2020-02-04,28.0,-81.15,53.199999999999996,2,30.0,2
2020-02-04,28.9,-81.15,18.5,1,21.95,1
2020-02-04,30.0,-82.05,23.6,1,11.37,1
2020-02-05,26.15,-81.5,78.4,2,94.19,12
2020-02-05,29.1,-82.1,7.0,1,7.3100000000000005,2
2020-02-07,29.95,-85.2,17.4,1,13.94,2
2020-02-08,27.5,-81.2,12.6,1,13.1,2
2020-02-08,27.5,-81.15,8.1,1,62.79,7
2020-02-08,27.6,-81.7,48.8,2,2.61,1
2020-02-08,27.65,-81.2,25.6,2,42.44,4
2020-02-08,28.05,-82.15,7.7,1,7.02,2
2020-02-08,30.0,-82.3,6.0,1,2.53,1
2020-02-08,30.55,-85.45,35.3,2,50.260000000000005,2
2020-02-09,26.75,-81.6,23.3,1,67.19,2
2020-02-09,27.65,-81.2,26.0,2,27.71,5
2020-02-09,28.45,-82.1,23.1,1,31.080000000000002,6
2020-02-09,28.5,-82.1,25.4,1,169.1,26
2020-02-09,29.7,-83.05,11.1,1,6.6,1
2020-02-09,29.7,-82.2,70.1,3,10.3,2
2020-02-09,29.75,-85.1,990.8,8,1641.24,39
2020-02-09,29.8,-85.1,259.1,4,262.29999999999995,4
2020-02-09,29.95,-82.3,6.3,1,18.7,2
2020-02-09,30.0,-82.85,9.0,1,2.7,1
2020-02-09,30.1,-84.2,47.6,1,19.810000000000002,2
2020-02-09,30.2,-85.2,67.7,1,25.299999999999997,2
2020-02-09,30.4,-83.05,17.2,1,118.55,3
2020-02-09,30.55,-84.05,5.1,1,1.8,1
2020-02-09,30.55,-81.7,6.6,1,6.86,1
2020-02-09,30.6,-86.2,86.3,3,35.34,4
2020-02-09,30.6,-83.3,46.300000000000004,3,16.94,2
2020-02-09,30.65,-84.25,7.2,1,21.12,3
2020-02-09,30.8,-86.85,8.3,1,37.11,3
2020-02-10,26.75,-81.6,294.2,2,15.68,1
2020-02-10,28.3,-81.95,10.4,1,258.82,10
2020-02-10,28.35,-81.95,9.1,1,288.35,14
2020-02-10,28.6,-80.95,50.5,2,19.48,1
2020-02-10,28.7,-82.05,6.2,1,7.85,1
2020-02-10,29.05,-82.15,29.1,2,3.25,1
2020-02-11,26.75,-81.8,9.8,1,53.68,3
2020-02-11,28.15,-81.55,24.5,1,6.15,1
2020-02-11,28.5,-81.15,32.2,1,508.52,11
2020-02-11,28.65,-80.8,8.7,1,259.06,14
2020-02-11,28.85,-81.55,18.2,1,8.17,1
2020-02-11,28.95,-80.95,8.3,1,5.36,1
2020-02-11,29.15,-81.55,150.0,4,14.64,1
2020-02-11,29.15,-81.5,140.7,2,29.5,2
2020-02-11,29.85,-82.05,369.29999999999995,2,11.13,1
2020-02-12,26.85,-81.85,20.2,1,49.14,4
2020-02-12,26.95,-81.6,29.1,1,18.799999999999997,2
2020-02-12,28.7,-82.05,13.2,1,6.51,1
2020-02-12,28.95,-81.55,8.6,1,22.91,2
2020-02-12,30.55,-83.3,7.0,1,20.25,2
2020-02-13,26.7,-81.85,30.700000000000003,2,21.19,2
2020-02-13,26.9,-80.6,10.2,1,136.57999999999998,3
2020-02-13,27.0,-80.35,19.3,1,44.92,4
2020-02-13,27.05,-81.35,16.9,1,64.89,5
2020-02-13,27.1,-81.25,546.1,7,21.54,3
2020-02-13,27.3,-80.8,8.1,1,7.6,2
2020-02-13,27.75,-80.6,249.39999999999998,6,39.3,3
2020-02-13,28.0,-81.5,186.1,2,123.42,11
2020-02-13,28.0,-81.35,73.5,1,508.78000000000003,10
2020-02-13,28.0,-80.95,721.9,3,36.45,5
2020-02-13,28.05,-80.95,147.8,2,12.84,2
2020-02-13,28.35,-82.05,77.5,1,359.58,44
2020-02-13,28.45,-82.1,428.6,3,125.82,12
2020-02-13,28.5,-82.1,37.4,1,75.1,9
2020-02-13,28.7,-82.45,404.50000000000006,3,65.88,9
2020-02-13,28.8,-81.45,21.7,1,33.14,2
2020-02-13,28.8,-81.2,14.6,1,3.37,1
2020-02-13,29.3,-82.3,128.4,3,49.57,5
2020-02-13,29.5,-81.6,46.3,1,312.36,8
2020-02-13,29.7,-81.85,31.599999999999998,2,8.71,1
2020-02-14,30.2,-85.25,21.8,2,15.62,2
2020-02-14,30.35,-85.15,5.5,1,3.84,1
2020-02-14,30.4,-85.65,17.299999999999997,2,14.2,2
2020-02-14,30.55,-86.8,211.9,3,170.76,5
2020-02-14,30.65,-85.35,6.2,1,9.76,2
2020-02-14,30.8,-86.9,68.2,2,17.88,3
2020-02-14,30.9,-86.7,60.8,2,52.59,10
2020-02-15,26.8,-81.6,689.1,2,41.93,4
2020-02-15,30.1,-83.25,19.5,1,2.91,1
2020-02-15,30.15,-84.7,9.4,1,27.69,4
2020-02-15,30.35,-87.35,8.3,1,34.22,3
2020-02-15,30.55,-83.1,1042.2,4,5.39,1
2020-02-15,30.6,-85.3,68.2,1,39.42,4
2020-02-15,30.65,-85.3,47.800000000000004,2,88.65,6
2020-02-15,30.7,-87.15,18.2,1,27.18,4
2020-02-16,26.5,-81.55,20.1,1,17.43,7
2020-02-18,26.4,-81.65,26.5,1,23.89,2
2020-02-18,26.75,-81.75,14.8,1,9.44,2
2020-02-18,26.8,-81.85,46.9,3,157.68,9
2020-02-18,26.95,-81.6,7.7,1,56.68,2
2020-02-18,27.25,-81.95,18.7,2,35.74,6
2020-02-18,28.35,-81.15,29.2,2,119.09,7
2020-02-19,29.55,-81.95,15.0,1,6.71,1
2020-02-20,26.6,-81.45,10.8,1,15.719999999999999,2
2020-02-20,26.8,-81.95,202.4,3,10.879999999999999,2
2020-02-20,26.9,-81.5,132.8,3,131.97,5
2020-02-20,27.5,-81.25,124.5,3,145.81,5
2020-02-20,27.5,-80.8,47.2,3,17.69,1
2020-02-20,27.55,-81.25,106.0,1,38.45,1
2020-02-20,27.65,-81.9,11.6,1,10.04,2
2020-02-20,28.4,-81.15,11.4,1,12.92,2
2020-02-22,28.5,-82.1,43.1,2,42.77,8
2020-02-22,28.7,-81.65,13.1,1,10.120000000000001,2
2020-02-22,29.65,-82.9,21.0,2,3.98,2
2020-02-22,29.7,-82.6,33.8,3,26.18,4
2020-02-22,29.7,-81.95,12.4,1,2.59,1
2020-02-22,30.05,-82.55,36.8,2,21.19,5
2020-02-22,30.2,-84.95,37.599999999999994,2,13.75,1
2020-02-22,30.3,-84.4,127.8,2,107.47999999999999,9
2020-02-22,30.3,-84.35,408.4,4,167.63,12
2020-02-22,30.65,-86.65,850.0,3,27.14,4
2020-02-22,30.65,-86.6,131.8,2,1073.66,59
2020-02-23,27.5,-81.05,17.0,1,13.64,2
2020-02-23,29.7,-81.3,14.9,1,10.59,2
2020-02-23,29.75,-85.1,14.8,1,11.64,2
2020-02-23,30.1,-85.1,528.9,5,169.59,14
2020-02-23,30.1,-85.05,106.3,1,75.11,5
2020-02-23,30.15,-85.1,166.9,3,87.68,6
2020-02-23,30.15,-85.05,89.2,2,92.44,4
2020-02-23,30.45,-83.65,10.1,1,13.42,4
2020-02-23,30.85,-85.0,4.1,1,8.08,1
2020-02-23,30.9,-85.15,11.2,1,2.39,1
2020-02-24,25.95,-81.4,13.0,1,52.480000000000004,8
2020-02-24,26.45,-81.25,107.19999999999999,2,18.95,3
2020-02-24,26.75,-81.75,16.4,1,15.28,3
2020-02-24,26.8,-81.9,192.29999999999998,4,11.52,2
2020-02-24,26.85,-82.25,49.0,1,233.84,9
2020-02-24,26.95,-81.55,358.1,2,22.98,3
2020-02-24,27.1,-81.75,338.8,6,714.8000000000001,38
2020-02-24,27.15,-82.35,86.3,4,140.78,9
2020-02-24,27.2,-81.45,20.7,2,204.51,11
2020-02-24,27.3,-81.95,18.1,1,2.58,1
2020-02-24,27.5,-82.05,16.1,1,3.22,1
2020-02-24,28.0,-80.95,1220.3,3,113.88,9
2020-02-24,28.3,-82.55,17.7,1,6.74,1
2020-02-25,26.9,-81.3,12.3,1,4.22,1
2020-02-26,26.3,-81.7,15.2,2,22.37,3
2020-02-27,26.05,-80.7,442.8,4,254.78,5
2020-02-27,26.05,-80.65,458.8,5,526.16,8
2020-02-27,26.7,-80.9,7.5,1,86.42,4
2020-02-27,27.3,-81.95,109.2,2,19.25,3
2020-02-27,27.65,-82.0,24.5,3,218.72,12
2020-02-27,28.05,-82.15,8.5,1,7.33,2
2020-02-27,28.4,-81.15,21.2,2,14.94,3
2020-02-27,28.8,-82.55,11.1,1,46.93,10
2020-02-27,30.45,-83.85,29.2,2,20.31,3
2020-02-27,30.7,-85.35,10.1,1,15.14,3
2020-02-27,30.8,-86.85,135.6,3,3.87,1
2020-02-27,30.85,-86.7,250.6,5,33.19,2
2020-02-27,30.85,-86.65,96.8,3,82.69999999999999,8
2020-02-28,25.35,-80.45,4.2,1,215.66000000000003,5
2020-02-28,26.3,-81.7,5.8,1,3.89,1
2020-02-28,26.3,-80.95,158.3,2,121.97,6
2020-02-28,26.55,-81.75,9.3,1,3.59,1
2020-02-28,26.9,-81.9,9.0,1,4.99,1
2020-02-28,26.9,-81.85,16.3,1,10.26,2
2020-02-28,26.9,-81.8,124.6,1,5.01,1
2020-02-28,27.0,-81.15,8.1,1,21.62,2
2020-02-28,27.15,-81.75,447.8,5,23.22,5
2020-02-28,27.15,-81.7,61.7,1,26.19,1
2020-02-28,27.2,-82.35,17.7,1,86.45,5
2020-02-28,27.25,-82.3,23.6,1,69.49000000000001,2
2020-02-28,27.55,-80.8,30.9,2,88.28,4
2020-02-28,27.6,-82.1,15.5,1,20.700000000000003,2
2020-02-28,27.7,-81.5,6.6,1,6.15,1
2020-02-28,27.8,-80.9,3.5,1,5.84,1
2020-02-28,28.0,-80.9,9.3,1,12.42,2
2020-02-28,28.0,-80.85,6.3,1,12.46,1
2020-02-28,28.05,-82.15,13.0,2,9.15,2
2020-02-28,28.2,-82.7,8.7,1,3.84,1
2020-02-28,28.45,-81.7,20.5,2,40.480000000000004,4
2020-02-28,28.7,-82.45,66.3,2,335.28999999999996,12
2020-02-28,28.7,-82.05,33.1,2,36.06,3
2020-02-28,28.75,-82.5,225.89999999999998,3,7.96,1
2020-02-28,28.75,-82.45,277.3,2,14.3,4
2020-02-28,28.8,-82.5,14.1,1,20.93,4
2020-02-28,29.15,-81.4,184.8,2,140.56,18
2020-02-28,29.6,-82.75,20.2,1,10.06,2
2020-02-28,29.75,-81.85,33.1,2,2.87,1
2020-02-28,29.8,-84.95,12.2,1,149.20999999999998,6
2020-02-28,29.95,-84.7,17.5,1,10.86,2
2020-02-28,30.1,-81.95,65.4,3,64.1,4
2020-02-28,30.15,-85.0,289.4,6,185.24,8
2020-02-28,30.25,-85.2,8.8,1,3.44,1
2020-02-28,30.35,-85.5,108.19999999999999,2,63.78,2
2020-02-28,30.5,-85.95,7.4,1,4.98,1
2020-02-28,30.55,-86.45,32.2,2,51.18,6
2020-02-28,30.6,-83.8,6.5,1,31.43,1
2020-02-28,30.7,-85.15,17.700000000000003,2,9.29,1
2020-02-28,30.75,-85.0,18.299999999999997,2,31.29,2
2020-02-28,30.8,-86.9,25.3,1,7.140000000000001,2
2020-02-28,30.8,-86.85,445.9,4,772.78,22
2020-02-28,30.9,-87.05,122.80000000000001,3,3.67,1
2020-02-28,30.95,-87.05,6.9,1,29.71,4
2020-02-29,26.55,-80.8,12.2,1,19.9,1
2020-02-29,26.65,-80.5,18.1,1,26.26,2
2020-02-29,28.45,-82.1,19.1,1,3.5,1
2020-02-29,30.05,-84.4,91.5,4,63.78,2
2020-02-29,30.1,-85.25,11.9,1,13.120000000000001,2
2020-02-29,30.1,-83.2,103.6,1,126.74000000000001,2
2020-02-29,30.15,-85.0,8.7,1,0.69,1
2020-02-29,30.2,-85.55,13.1,1,4.37,1
2020-02-29,30.2,-85.5,9.0,1,4.37,1
2020-02-29,30.35,-86.2,60.099999999999994,2,10.52,2
2020-02-29,30.55,-84.45,14.7,1,7.36,1
2020-02-29,30.65,-86.4,58.2,2,54.269999999999996,9
2020-02-29,30.65,-85.45,22.2,2,9.93,2
2020-02-29,30.85,-85.25,11.7,1,11.75,2
2020-02-29,30.9,-86.85,24.7,1,15.760000000000002,4
2020-02-29,30.9,-85.1,13.1,1,12.22,1
2020-02-29,30.95,-86.85,119.5,2,176.84,22
2020-03-01,27.55,-80.9,137.8,1,21.36,1
2020-03-01,28.85,-80.8,38.2,1,1.86,1
2020-03-01,29.7,-81.85,10.2,1,7.84,2
2020-03-01,29.75,-82.75,14.5,1,8.79,2
2020-03-01,29.75,-81.85,33.2,2,6.09,2
2020-03-01,29.9,-83.25,19.0,1,37.71,5
2020-03-01,30.0,-82.8,12.8,1,9.399999999999999,2
2020-03-01,30.4,-82.35,18.3,1,95.42999999999999,6
2020-03-01,30.55,-85.4,110.7,2,4.85,1
2020-03-01,30.6,-86.8,195.9,4,53.61,8
2020-03-01,30.65,-85.7,32.5,2,28.61,5
2020-03-01,30.9,-86.95,15.3,1,1041.81,24
2020-03-01,30.95,-86.9,15.2,1,42.84,1
2020-03-02,26.75,-81.75,16.9,1,20.16,2
2020-03-02,27.3,-81.95,112.5,1,6.64,1
2020-03-02,27.5,-81.95,157.2,2,31.85,3
2020-03-02,27.6,-81.65,12.9,1,4.26,1
2020-03-02,29.05,-81.6,19.8,1,29.99,5
2020-03-02,30.0,-82.0,103.5,1,53.71,5
2020-03-02,30.45,-81.55,14.9,1,6.54,2
2020-03-03,26.95,-80.6,32.9,2,23.84,5
2020-03-03,27.2,-81.1,11.2,1,5.12,2
2020-03-03,27.45,-82.25,328.4,6,69.52,12
2020-03-03,27.5,-81.45,11.0,1,16.98,2
2020-03-03,29.7,-81.85,36.5,2,19.87,3
2020-03-04,26.4,-81.25,56.2,1,518.43,5
2020-03-04,26.45,-81.25,91.5,3,28.52,3
2020-03-04,26.55,-81.75,8.1,1,2.7,1
2020-03-04,26.9,-81.55,166.0,2,29.6,2
2020-03-04,26.9,-81.5,10.4,1,6.87,1
2020-03-04,26.95,-80.2,14.5,1,7.35,2
2020-03-04,27.5,-82.05,21.6,2,8.34,1
2020-03-04,27.55,-82.05,7.3,1,6.59,1
2020-03-04,27.55,-80.8,343.6,3,348.76,25
2020-03-04,27.55,-80.75,133.9,1,5.24,1
2020-03-04,27.6,-80.85,16.2,1,8.42,2
2020-03-04,27.65,-81.15,45.6,1,16.63,2
2020-03-04,27.8,-80.65,125.1,3,41.4,5
2020-03-04,27.8,-80.6,270.40000000000003,4,120.06,16
2020-03-04,28.05,-81.0,256.5,4,93.99,3
2020-03-04,28.05,-80.95,945.6,8,160.39000000000001,8
2020-03-04,28.1,-80.95,91.0,3,22.99,5
2020-03-04,28.4,-82.05,106.7,1,392.57,12
2020-03-04,28.7,-81.1,14.0,1,7.25,1
2020-03-04,28.75,-81.6,6.7,1,21.21,3
2020-03-04,28.8,-81.45,47.4,2,15.5,1
2020-03-04,29.95,-82.0,16.8,2,4.37,1
2020-03-04,30.0,-82.0,363.5,6,11.93,1
2020-03-05,26.8,-81.0,2168.1,10,2222.31,46
2020-03-05,26.85,-81.05,22.1,2,71.55,4
2020-03-05,26.85,-81.0,2209.0,8,2237.12,29
2020-03-05,26.9,-81.5,8.8,1,11.14,2
2020-03-05,26.9,-81.1,290.1,4,380.15999999999997,15
2020-03-06,27.3,-82.0,436.5,5,192.31,11
2020-03-06,28.35,-82.4,58.4,1,89.00999999999999,6
2020-03-06,28.65,-82.55,37.2,1,6.13,1
2020-03-06,28.8,-82.55,14.4,1,6.53,1
2020-03-06,30.05,-85.1,235.6,2,42.44,7
2020-03-06,30.05,-85.05,388.8,4,69.52,12
2020-03-06,30.25,-85.2,9.3,1,10.82,3
2020-03-06,30.75,-85.35,68.9,2,48.86,5
2020-03-07,26.7,-81.05,6.9,1,23.270000000000003,3
2020-03-07,28.9,-82.3,60.9,2,43.92,3
2020-03-07,28.9,-82.25,57.5,1,21.78,1
2020-03-07,28.9,-82.2,103.2,2,43.1,7
2020-03-07,29.6,-82.2,15.6,1,5.72,1
2020-03-07,29.9,-84.95,35.7,1,27.349999999999998,6
2020-03-07,29.9,-82.0,50.0,2,12.32,2
2020-03-07,29.95,-84.7,79.2,3,68.96000000000001,7
2020-03-07,30.0,-82.3,108.5,2,2.97,1
2020-03-07,30.1,-84.05,37.2,1,13.32,2
2020-03-07,30.15,-84.05,51.9,1,27.02,1
2020-03-07,30.15,-83.2,18.5,1,58.050000000000004,3
2020-03-07,30.2,-84.5,153.2,2,42.94,6
2020-03-07,30.2,-84.45,152.2,3,131.5,12
2020-03-07,30.2,-82.15,26.8,2,17.53,1
2020-03-07,30.25,-84.5,38.0,1,2.84,1
2020-03-07,30.35,-82.55,35.0,2,30.009999999999998,6
2020-03-07,30.35,-82.05,15.1,1,9.06,2
2020-03-07,30.45,-83.15,55.1,3,13.58,2
2020-03-07,30.6,-84.95,39.3,1,37.99,2
2020-03-07,30.6,-84.85,8.5,1,16.41,4
2020-03-07,30.6,-84.65,14.7,1,1.88,1
2020-03-07,30.95,-86.25,46.6,2,17.57,1
2020-03-08,29.85,-85.05,31.200000000000003,2,185.32999999999998,5
2020-03-08,29.85,-85.0,99.89999999999999,3,114.44,10
2020-03-08,30.2,-84.45,46.2,1,9.76,3
2020-03-08,30.55,-85.35,37.1,1,46.419999999999995,4
2020-03-08,30.6,-86.75,57.5,2,30.54,4
2020-03-08,30.6,-85.9,9.1,1,6.6,1
2020-03-08,30.65,-84.25,18.9,1,4.57,1
2020-03-08,30.8,-87.5,28.9,1,8.78,2
2020-03-08,30.9,-86.25,50.5,2,23.759999999999998,4
2020-03-09,27.65,-81.1,35.1,1,6.71,1
2020-03-09,29.6,-82.95,15.8,1,10.95,2
2020-03-09,29.9,-82.45,58.8,2,73.46,2
2020-03-10,26.9,-81.8,47.6,1,57.85,3
2020-03-10,26.9,-81.6,43.4,1,9.37,1
2020-03-10,29.9,-84.7,100.4,3,52.56,3
2020-03-10,29.9,-84.65,125.5,3,275.2,14
2020-03-10,30.0,-85.05,31.3,1,13.600000000000001,4
2020-03-10,30.3,-83.9,77.2,2,69.09,6
2020-03-10,30.4,-86.0,6.3,1,18.66,3
2020-03-10,30.6,-84.25,11.7,1,27.55,7
2020-03-10,30.65,-85.3,12.0,1,9.99,3
2020-03-11,26.85,-81.7,454.79999999999995,4,141.57999999999998,11
2020-03-11,26.85,-81.65,655.0,3,57.03,5
2020-03-11,26.9,-81.8,97.2,1,48.0,8
2020-03-11,27.15,-81.7,109.10000000000001,3,65.57,6
2020-03-11,27.3,-81.7,30.5,1,65.2,4
2020-03-11,27.35,-81.95,708.5,7,43.15,8
2020-03-11,27.7,-81.4,28.5,1,10.53,3
2020-03-11,30.0,-82.85,22.6,1,8.16,1
2020-03-12,26.45,-80.5,18.7,1,18.69,1
2020-03-12,26.7,-81.25,8.4,1,5.61,1
2020-03-12,26.85,-80.4,12.1,1,6.76,1
2020-03-12,26.85,-80.35,178.9,4,241.2,13
2020-03-12,26.95,-81.55,58.0,2,21.58,1
2020-03-12,27.1,-80.45,35.9,2,46.59,6
2020-03-12,27.4,-80.65,17.9,1,9.47,1
2020-03-12,27.65,-81.1,114.39999999999999,2,208.37,9
2020-03-12,27.7,-80.9,26.2,2,36.050000000000004,6
2020-03-12,29.25,-81.45,41.0,2,12.66,2
2020-03-12,30.0,-84.6,661.3,7,7.58,2
2020-03-12,30.05,-83.05,24.8,1,11.9,1
2020-03-12,30.2,-85.85,23.5,2,59.57,3
2020-03-12,30.35,-85.65,105.0,2,15.33,2
2020-03-12,30.35,-84.1,15.8,1,10.07,1
2020-03-12,30.35,-83.95,73.4,3,67.24,3
2020-03-12,30.4,-86.05,193.0,4,25.220000000000002,3
2020-03-12,30.4,-85.65,58.5,2,37.44,4
2020-03-12,30.4,-85.6,65.2,2,130.01,2
2020-03-12,30.45,-86.15,8.0,1,7.62,2
2020-03-12,30.5,-84.15,148.9,3,17.73,2
2020-03-12,30.5,-84.0,4.3,1,9.03,1
2020-03-12,30.55,-84.65,7.2,1,11.44,1
2020-03-12,30.55,-84.2,8.0,1,21.16,2
2020-03-12,30.55,-83.75,6.5,1,6.66,2
2020-03-12,30.6,-84.05,57.8,3,19.72,2
2020-03-12,30.65,-84.05,17.0,1,11.09,2
2020-03-12,30.75,-87.05,187.7,5,110.48,10
2020-03-12,30.75,-86.9,42.0,1,6.85,1
2020-03-12,30.75,-86.8,101.4,2,6.99,1
2020-03-13,26.85,-80.35,29.9,2,34.14,4
2020-03-13,26.9,-81.6,23.700000000000003,2,104.36,7
2020-03-13,27.1,-81.75,19.1,2,65.53999999999999,5
2020-03-13,27.1,-80.45,24.0,1,4.22,1
2020-03-13,27.15,-81.65,989.0,5,47.33,3
2020-03-13,27.5,-81.95,16.1,1,39.3,3
2020-03-13,27.5,-80.85,13.0,1,19.69,3
2020-03-13,27.7,-80.9,6.3,1,45.81,6
2020-03-13,28.05,-82.15,7.3,1,0.57,1
2020-03-13,28.45,-81.2,21.2,2,105.74,3
2020-03-13,28.7,-81.5,24.1,1,16.54,2
2020-03-13,29.85,-83.0,11.3,1,4.8,1
2020-03-13,30.3,-82.75,6.2,1,16.42,2
2020-03-13,30.35,-82.45,9.4,1,66.9,6
2020-03-13,30.55,-85.75,6.0,1,12.309999999999999,2
2020-03-14,26.65,-81.05,130.8,2,33.04,2
2020-03-14,29.9,-82.9,15.4,1,9.67,1
2020-03-14,29.9,-82.0,110.4,1,23.060000000000002,2
2020-03-14,30.1,-83.1,92.8,4,64.97,9
2020-03-14,30.5,-82.8,5.5,1,10.73,2
2020-03-14,30.55,-84.75,7.9,1,7.49,2
2020-03-14,30.6,-86.4,744.3,5,71.62,14
2020-03-14,30.6,-86.35,157.3,1,26.95,5
2020-03-14,30.6,-85.6,12.8,1,4.62,1
2020-03-14,30.6,-85.3,19.1,1,7.11,1
2020-03-14,30.6,-84.0,77.5,2,43.440000000000005,9
2020-03-14,30.6,-83.95,22.5,1,17.54,5
2020-03-14,30.65,-86.4,86.0,1,49.43,11
2020-03-14,30.65,-84.25,10.5,1,12.889999999999999,3
2020-03-14,30.85,-85.0,47.5,2,74.2,7
2020-03-14,30.95,-85.6,9.9,1,4.16,1
2020-03-15,29.85,-82.05,21.299999999999997,2,152.1,9
2020-03-15,30.5,-82.95,49.3,1,17.78,2
2020-03-15,30.6,-86.4,171.2,3,14.71,2
2020-03-16,26.9,-81.65,31.4,1,87.92,5
2020-03-16,27.0,-81.65,130.0,3,49.75,5
2020-03-16,29.9,-85.3,11.7,1,29.9,5
2020-03-16,29.9,-82.05,51.300000000000004,2,14.709999999999999,4
2020-03-16,29.95,-82.85,112.9,2,11.06,2
2020-03-16,30.25,-85.75,83.9,2,11.16,2
2020-03-16,30.3,-86.1,19.7,1,6.09,1
2020-03-16,30.3,-83.95,95.69999999999999,2,7.97,1
2020-03-16,30.35,-83.95,59.0,1,7.56,2
2020-03-16,30.4,-85.45,35.4,1,0.78,1
2020-03-16,30.5,-84.15,19.8,1,14.86,3
2020-03-16,30.6,-84.1,19.5,1,2.52,1
2020-03-16,30.6,-83.9,26.1,1,35.5,6
2020-03-17,26.8,-80.45,194.9,5,278.23,9
2020-03-17,26.85,-80.45,19.0,1,128.31,7
2020-03-17,28.4,-81.15,12.4,1,9.8,2
2020-03-17,30.25,-85.75,5.8,1,4.9,1
2020-03-18,27.0,-81.75,20.9,1,5.49,1
2020-03-18,27.1,-82.3,80.0,3,67.33,2
2020-03-18,27.1,-81.35,26.4,1,38.66,4
2020-03-18,27.7,-82.1,60.5,2,36.18,3
2020-03-18,27.8,-82.2,29.5,1,3.69,1
2020-03-18,27.85,-80.95,60.4,2,3.98,1
2020-03-18,28.05,-81.25,30.8,1,7.85,1
2020-03-18,28.2,-82.1,482.4,7,118.03,12
2020-03-18,28.2,-82.05,98.6,2,15.9,1
2020-03-18,29.25,-82.95,79.69999999999999,2,11.16,2
2020-03-18,29.9,-82.0,53.9,2,27.18,4
2020-03-18,30.45,-84.65,7.3,1,4.02,1
2020-03-18,30.55,-84.9,4.8,1,1.64,1
2020-03-18,30.55,-84.2,30.2,1,11.82,2
2020-03-18,30.55,-84.15,28.400000000000002,2,24.17,4
2020-03-18,30.55,-84.0,50.5,1,5.76,1
2020-03-18,30.6,-84.05,12.0,1,13.260000000000002,2
2020-03-18,30.6,-83.85,40.5,1,10.2,2
2020-03-18,30.6,-83.7,16.9,2,6.119999999999999,2
2020-03-18,30.65,-84.7,6.1,1,9.24,1
2020-03-18,30.65,-84.2,227.8,2,46.81,4
2020-03-19,27.1,-81.2,101.1,3,16.62,2
2020-03-19,27.25,-82.3,351.2,2,60.06,5
2020-03-19,27.35,-81.85,16.7,1,38.7,6
2020-03-19,27.8,-80.9,20.8,1,36.800000000000004,4
2020-03-19,27.85,-80.9,16.5,1,36.260000000000005,5
2020-03-19,28.3,-82.4,22.7,1,8.06,2
2020-03-19,29.65,-82.95,6.8,1,11.850000000000001,3
2020-03-19,29.75,-82.75,51.0,2,114.02,4
2020-03-19,30.0,-83.1,49.1,1,25.48,3
2020-03-19,30.0,-83.05,100.0,2,6.52,1
2020-03-19,30.0,-81.6,23.9,2,7.04,2
2020-03-19,30.35,-83.85,6.1,1,13.64,3
2020-03-19,30.35,-83.8,7.0,1,18.14,2
2020-03-19,30.5,-86.85,45.0,1,45.92999999999999,5
2020-03-19,30.5,-84.65,12.1,1,2.77,1
2020-03-19,30.5,-84.1,6.0,1,21.56,4
2020-03-19,30.55,-84.95,87.8,3,65.81,6
2020-03-19,30.55,-84.05,43.400000000000006,2,64.81,11
2020-03-19,30.55,-83.95,99.9,3,30.83,4
2020-03-19,30.6,-84.35,87.0,3,16.57,3
2020-03-19,30.6,-84.3,15.0,1,9.7,2
2020-03-19,30.6,-84.2,58.1,3,124.05,16
2020-03-19,30.6,-84.1,8.2,1,3.8,1
2020-03-19,30.6,-84.05,5.5,1,14.280000000000001,3
2020-03-19,30.6,-83.8,55.900000000000006,2,6.67,1
2020-03-19,30.65,-84.75,12.1,1,18.82,3
2020-03-19,30.65,-84.7,15.9,1,19.46,3
2020-03-19,30.65,-84.3,7.0,1,5.84,1
2020-03-19,30.65,-84.25,12.4,1,57.71,6
2020-03-19,30.65,-84.2,9.1,1,19.4,2
2020-03-19,30.65,-84.15,11.1,1,22.45,4
2020-03-19,30.65,-83.95,8.1,1,5.83,1
2020-03-19,30.7,-86.0,22.1,2,27.560000000000002,2
2020-03-19,30.75,-85.0,27.8,1,38.75,3
2020-03-19,30.85,-86.65,7.8,1,5.62,1
2020-03-19,30.9,-86.65,129.6,2,60.07,5
2020-03-19,30.9,-85.35,40.7,2,11.2,3
2020-03-20,26.8,-80.35,33.7,2,8.43,1
2020-03-20,26.85,-81.65,197.3,4,69.34,4
2020-03-20,27.05,-80.25,180.2,3,282.19,5
2020-03-20,28.6,-80.7,53.9,1,87.77,7
2020-03-20,28.85,-81.55,21.9,1,6.41,1
2020-03-21,26.65,-80.9,20.1,1,86.81,1
2020-03-21,30.5,-84.1,7.3,1,7.49,1
2020-03-21,30.55,-83.45,6.7,1,8.14,1
2020-03-22,26.4,-80.75,13.0,1,3.4,4
2020-03-22,28.0,-80.8,45.7,1,143.42000000000002,11
2020-03-23,25.5,-80.35,21.4,1,16.650000000000002,2
2020-03-23,26.4,-80.75,34.3,1,32.94,4
2020-03-23,30.85,-86.3,12.3,1,6.61,1
2020-03-24,26.4,-80.75,11.3,1,20.96,5
2020-03-24,26.75,-81.7,27.5,1,19.94,3
2020-03-24,27.1,-82.3,33.3,1,14.2,2
2020-03-24,30.3,-86.1,176.4,2,51.62,6
2020-03-24,30.5,-84.2,17.5,1,5.28,1
2020-03-24,30.6,-84.35,10.4,1,4.92,1
2020-03-24,30.6,-84.15,27.8,1,13.9,2
2020-03-24,30.6,-83.8,20.6,1,8.59,1
2020-03-25,26.4,-80.75,8.7,1,19.26,5
2020-03-25,30.3,-86.2,23.2,1,4.21,1
2020-03-25,30.3,-86.1,21.9,1,4.55,1
2020-03-25,30.45,-85.1,56.5,2,30.259999999999998,3
2020-03-25,30.55,-83.95,17.5,1,28.52,2
2020-03-25,30.6,-84.2,50.5,2,205.15,11
2020-03-25,30.6,-84.15,12.7,1,6.37,1
2020-03-25,30.6,-83.75,24.6,1,14.14,2
2020-03-25,30.65,-85.2,9.9,1,8.95,1
2020-03-25,30.85,-86.3,686.0999999999999,5,434.44000000000005,9
2020-03-26,26.65,-81.0,122.0,2,26.16,3
2020-03-26,26.7,-80.55,22.4,1,39.58,3
2020-03-26,26.75,-81.7,68.4,2,18.98,1
2020-03-26,26.9,-81.6,18.9,1,188.02,8
2020-03-26,27.55,-82.05,57.4,2,5.03,1
2020-03-26,29.9,-84.95,17.5,2,11.32,2
2020-03-26,29.95,-83.15,22.1,1,24.26,2
2020-03-26,30.2,-84.9,6.2,1,18.49,6
2020-03-26,30.25,-85.9,23.0,2,21.259999999999998,4
2020-03-26,30.5,-85.4,91.6,2,74.17,1
2020-03-26,30.55,-84.2,60.400000000000006,3,71.53999999999999,11
2020-03-26,30.55,-84.15,28.9,1,15.7,2
2020-03-26,30.55,-84.0,16.5,1,5.69,1
2020-03-26,30.55,-83.95,26.5,1,87.26,8
2020-03-26,30.55,-83.75,17.0,1,16.92,2
2020-03-26,30.6,-83.7,135.4,5,44.16,6
2020-03-26,30.65,-84.95,24.9,1,29.05,1
2020-03-26,30.65,-84.3,24.2,1,27.12,5
2020-03-26,30.9,-85.85,16.1,2,11.44,2
2020-03-26,30.9,-85.15,77.1,3,88.27,5
2020-03-27,25.6,-80.55,564.6,3,198.84,6
2020-03-27,26.45,-80.8,25.9,1,2.58,2
2020-03-27,26.45,-80.75,38.8,2,2.5300000000000002,2
2020-03-27,26.8,-80.4,73.6,2,11.52,2
2020-03-27,26.95,-80.15,40.8,1,13.05,3
2020-03-27,27.35,-81.9,24.0,1,9.57,2
2020-03-27,27.55,-82.05,15.8,1,3.76,1
2020-03-27,29.35,-82.6,11.6,1,8.39,2
2020-03-27,30.2,-85.8,4.8,1,24.89,2
2020-03-27,30.2,-84.9,177.60000000000002,2,49.519999999999996,4
2020-03-27,30.4,-85.55,16.3,1,7.86,1
2020-03-27,30.45,-85.4,72.6,1,139.23999999999998,9
2020-03-27,30.5,-85.4,29.1,2,54.96,3
2020-03-27,30.5,-85.25,116.3,4,64.15,3
2020-03-27,30.55,-85.95,16.0,1,8.4,1
2020-03-27,30.55,-84.05,16.5,1,11.43,1
2020-03-27,30.75,-85.0,9.8,1,2.69,1
2020-03-28,26.45,-80.75,10.8,1,13.07,4
2020-03-28,26.55,-80.85,161.7,2,4.26,1
2020-03-28,28.7,-81.05,8.3,1,3.04,1
2020-03-28,30.2,-84.9,461.4,8,328.58,25
2020-03-28,30.25,-84.9,15.4,1,53.25,6
2020-03-28,30.25,-84.85,30.9,2,37.88,8
2020-03-28,30.3,-82.6,10.1,1,4.93,1
2020-03-28,30.35,-82.6,23.1,2,19.9,3
2020-03-28,30.45,-85.4,81.0,3,28.08,4
2020-03-28,30.5,-83.85,35.7,2,27.490000000000002,2
2020-03-28,30.55,-85.3,12.2,1,8.31,3
2020-03-28,30.65,-85.15,16.0,1,14.259999999999998,3
2020-03-29,27.75,-81.8,92.4,2,18.759999999999998,2
2020-03-29,29.95,-82.3,7.7,1,5.47,1
2020-03-30,26.65,-81.5,20.8,1,15.05,3
2020-03-30,26.65,-81.45,23.9,1,16.18,2
2020-03-30,27.45,-81.75,16.7,1,3.81,1
2020-03-30,30.2,-84.85,900.5,6,177.06,15
2020-03-30,30.25,-84.85,148.6,3,13.68,1
2020-03-30,30.45,-85.4,35.4,1,201.66,7
2020-03-30,30.6,-83.75,13.1,1,59.21,10
2020-03-30,30.6,-83.7,32.7,1,7.84,2
2020-04-01,26.65,-81.5,30.4,2,6.57,1
2020-04-01,30.05,-82.55,41.0,3,15.739999999999998,3
2020-04-01,30.25,-82.2,31.4,2,3.11,1
2020-04-01,30.35,-83.9,78.6,4,43.74,6
2020-04-01,30.45,-83.1,45.900000000000006,3,11.01,1
2020-04-01,30.6,-83.75,29.9,3,6.04,2
2020-04-02,28.05,-80.95,81.1,3,57.64,2
2020-04-02,28.35,-80.95,25.7,1,7.55,1
2020-04-02,28.85,-81.35,10.6,1,4.01,1
2020-04-02,29.6,-82.75,43.6,2,75.38,4
2020-04-02,29.95,-83.15,63.5,4,65.74,2
2020-04-02,29.95,-81.7,9.8,1,6.279999999999999,2
2020-04-02,30.05,-82.55,13.9,1,13.12,2
2020-04-02,30.4,-84.95,6.4,1,13.04,1
2020-04-02,30.45,-87.35,14.0,1,78.71,1
2020-04-02,30.45,-84.0,87.0,4,10.95,2
2020-04-02,30.5,-84.1,8.9,1,5.63,1
2020-04-02,30.55,-84.9,9.8,1,6.53,2
2020-04-02,30.55,-84.85,7.0,1,11.79,1
2020-04-02,30.6,-84.0,24.4,1,16.26,3
2020-04-02,30.6,-83.7,43.4,3,27.549999999999997,5
2020-04-02,30.65,-84.25,12.2,1,48.93,3
2020-04-02,30.8,-87.15,7.2,1,68.16,12
2020-04-03,28.05,-80.95,88.9,3,24.84,3
2020-04-03,30.35,-82.2,8.3,1,5.38,2
2020-04-04,29.85,-82.75,11.8,1,20.93,3
2020-04-04,30.1,-83.1,10.5,1,4.94,1
2020-04-04,30.65,-84.1,12.7,2,3.57,1
2020-04-06,28.8,-82.05,41.7,1,23.8,2
2020-04-06,29.95,-81.4,9.5,1,6.97,1
2020-04-06,30.0,-84.6,11.5,1,14.77,3
2020-04-06,30.0,-83.05,15.4,1,8.52,1
2020-04-06,30.4,-84.1,5.3,1,27.21,3
2020-04-06,30.55,-83.95,24.9,1,32.48,4
2020-04-06,30.6,-84.1,13.2,1,18.98,4
2020-04-06,30.6,-84.0,32.5,2,17.1,4
2020-04-06,30.6,-83.95,9.2,1,3.1,1
2020-04-06,30.6,-83.75,12.4,1,16.15,5
2020-04-06,30.6,-83.7,77.0,4,22.259999999999998,3
2020-04-06,30.65,-84.15,14.9,1,5.4,1
2020-04-07,26.9,-81.65,37.1,2,18.52,3
2020-04-07,28.7,-82.05,26.0,1,13.1,1
2020-04-07,30.0,-82.3,11.1,1,4.57,1
2020-04-07,30.25,-83.05,8.4,1,2.18,1
2020-04-07,30.45,-82.7,15.8,1,79.16000000000001,5
2020-04-07,30.5,-84.15,19.5,1,14.04,3
2020-04-07,30.6,-85.1,109.0,3,51.16,2
2020-04-07,30.65,-85.35,9.5,1,6.97,2
2020-04-07,30.65,-85.2,42.2,1,17.73,2
2020-04-08,26.75,-81.75,59.0,2,17.900000000000002,3
2020-04-08,27.0,-81.35,20.3,1,16.48,2
2020-04-08,27.55,-82.05,15.4,1,4.48,1
2020-04-08,27.6,-81.65,18.5,1,8.62,3
2020-04-08,30.55,-83.75,28.8,2,47.16,5
2020-04-09,26.25,-81.45,24.2,1,7.43,1
2020-04-09,30.55,-83.75,76.1,2,38.67,7
2020-04-09,30.6,-84.15,24.5,1,7.06,2
2020-04-10,26.2,-80.95,48.3,2,66.16,3
2020-04-10,30.55,-85.95,3.9,1,25.67,2
2020-04-11,30.0,-84.6,46.900000000000006,2,49.81,5
2020-04-11,30.0,-84.55,9.8,1,11.6,1
2020-04-11,30.8,-85.5,3.7,1,2.67,1
2020-04-12,25.7,-80.5,97.3,2,3.38,1
2020-04-13,26.5,-80.65,18.8,1,24.28,9
2020-04-14,30.9,-85.15,7.5,1,16.92,3
2020-04-16,30.2,-84.4,7.5,1,6.76,1
2020-04-16,30.35,-85.1,137.1,2,67.16,5
2020-04-16,30.4,-83.8,32.4,1,7.28,1
2020-04-16,30.6,-84.15,10.8,1,10.05,1
2020-04-16,30.65,-85.15,39.1,2,13.08,1
2020-04-16,30.65,-84.1,25.6,2,14.989999999999998,2
2020-04-16,30.9,-85.1,10.4,1,8.28,2
2020-04-17,26.35,-81.55,34.5,1,9.21,1
2020-04-17,30.25,-82.2,16.4,1,5.1,1
2020-04-17,30.4,-83.8,11.9,1,6.53,2
2020-04-20,25.65,-80.55,150.7,8,76.14,11
2020-04-20,25.65,-80.5,219.3,2,12.98,4
2020-04-20,29.9,-85.3,12.1,1,21.14,5
2020-04-21,27.1,-81.75,64.1,2,126.71000000000001,6
2020-04-21,27.3,-80.6,9.7,1,1.92,1
2020-04-21,27.4,-80.65,7.1,1,6.01,1
2020-04-21,28.25,-82.55,6.1,1,2.49,1
2020-04-21,28.7,-82.05,50.900000000000006,2,15.07,1
2020-04-21,29.55,-83.05,45.4,3,65.46000000000001,2
2020-04-21,29.6,-82.75,8.2,1,21.43,1
2020-04-21,29.75,-82.9,12.7,2,12.3,1
2020-04-21,29.75,-81.45,7.1,1,10.39,2
2020-04-21,29.85,-82.8,21.8,1,7.4,1
2020-04-21,29.9,-85.3,18.799999999999997,2,3.42,1
2020-04-21,29.9,-82.9,25.4,2,9.2,1
2020-04-21,29.95,-81.55,20.3,1,5.08,1
2020-04-21,30.0,-85.35,19.0,1,13.31,2
2020-04-21,30.4,-85.55,12.6,1,4.54,3
2020-04-21,30.4,-83.8,24.6,2,18.4,5
2020-04-21,30.55,-84.55,6.7,1,2.57,1
2020-04-21,30.6,-85.3,13.2,1,18.9,4
2020-04-21,30.6,-83.8,9.8,1,4.58,2
2020-04-21,30.85,-87.1,25.299999999999997,2,6.69,1
2020-04-21,30.9,-85.1,23.3,1,15.670000000000002,2
2020-04-22,26.35,-81.25,63.199999999999996,2,87.64,2
2020-04-22,26.5,-81.4,18.8,1,11.54,2
2020-04-22,28.8,-81.65,3.7,1,3.6,1
2020-04-22,29.65,-82.75,16.700000000000003,2,6.65,1
2020-04-22,29.65,-82.6,7.2,1,5.06,1
2020-04-22,29.65,-81.5,8.3,1,2.9,1
2020-04-22,29.75,-83.1,35.7,2,42.98,2
2020-04-22,29.85,-82.75,7.0,1,10.46,3
2020-04-22,29.85,-82.0,18.3,1,6.94,1
2020-04-22,29.85,-81.7,14.0,1,12.64,2
2020-04-22,29.9,-82.0,232.79999999999998,5,56.45,12
2020-04-22,29.9,-81.5,11.7,1,9.14,1
2020-04-22,30.5,-83.95,3.9,1,4.06,1
2020-04-22,30.5,-83.9,14.8,1,9.280000000000001,2
2020-04-22,30.55,-84.1,30.099999999999998,2,10.64,1
2020-04-22,30.55,-84.05,51.300000000000004,3,60.75,11
2020-04-22,30.65,-84.15,25.700000000000003,2,23.96,4
2020-04-22,30.7,-82.05,16.700000000000003,2,2.08,1
2020-04-22,30.9,-85.1,10.5,1,13.24,3
2020-04-27,26.85,-81.15,14.0,1,8.92,2
2020-04-27,27.15,-80.65,12.5,1,50.870000000000005,10
2020-04-27,27.55,-81.85,27.8,1,63.230000000000004,5
2020-04-27,27.6,-81.3,114.9,4,104.15,7
2020-04-27,28.15,-82.3,28.0,2,11.59,2
2020-04-27,28.7,-82.05,121.0,3,78.61,5
2020-04-27,28.8,-81.6,21.6,1,1.21,1
2020-04-27,29.75,-83.1,232.20000000000002,4,172.09,9
2020-04-27,29.75,-81.45,12.2,1,9.38,1
2020-04-27,29.85,-81.75,33.3,1,17.02,2
2020-04-27,29.85,-81.7,174.7,6,55.96,8
2020-04-27,29.9,-85.3,106.5,3,7.92,1
2020-04-27,30.2,-81.45,57.7,3,8.72,1
2020-04-27,30.25,-85.75,15.100000000000001,2,11.93,3
2020-04-27,30.25,-84.15,5.3,1,4.0,1
2020-04-27,30.4,-83.8,17.7,1,14.71,1
2020-04-27,30.45,-84.05,19.3,2,12.52,3
2020-04-27,30.55,-84.05,37.400000000000006,3,26.48,5
2020-04-27,30.55,-84.0,11.8,1,13.46,1
2020-04-27,30.6,-84.65,7.1,1,4.76,1
2020-04-27,30.6,-84.15,29.799999999999997,2,18.1,3
2020-04-28,26.55,-81.5,12.6,1,4.46,1
2020-04-28,27.1,-81.7,248.9,2,175.01000000000002,3
2020-04-28,27.2,-82.25,158.8,3,12.02,1
2020-04-28,27.2,-81.45,49.7,1,67.55,6
2020-04-28,27.4,-80.85,12.6,1,33.129999999999995,3
2020-04-28,27.4,-80.55,15.8,1,34.39,4
2020-04-28,27.5,-82.05,74.9,3,15.27,4
2020-04-28,27.55,-81.05,40.2,1,9.74,2
2020-04-28,27.6,-81.05,74.5,2,129.24,19
2020-04-28,27.6,-81.0,57.3,1,175.89000000000001,5
2020-04-28,27.7,-81.85,105.5,3,9.72,2
2020-04-28,27.7,-81.4,67.3,1,10.97,2
2020-04-28,27.75,-81.85,24.2,1,10.08,1
2020-04-28,28.1,-82.1,10.2,1,5.56,2
2020-04-28,28.15,-82.3,20.7,1,9.18,2
2020-04-28,28.7,-82.05,30.5,1,15.299999999999999,3
2020-04-28,28.75,-81.45,60.3,2,23.880000000000003,3
2020-04-28,28.95,-82.25,25.6,1,25.22,3
2020-04-28,29.0,-82.35,7.9,1,5.12,1
2020-04-28,29.65,-82.8,42.9,1,26.86,3
2020-04-28,29.8,-82.4,6.6,1,2.55,1
2020-04-28,29.85,-82.75,23.9,1,1.16,2
2020-04-28,29.85,-82.05,171.0,3,67.24,6
2020-04-28,29.9,-85.3,64.1,2,32.47,6
2020-04-28,29.95,-81.55,11.7,1,10.120000000000001,2
2020-04-28,30.2,-84.75,33.8,1,5.77,1
2020-04-28,30.4,-83.95,12.3,1,6.09,2
2020-04-28,30.4,-83.8,20.0,1,10.780000000000001,2
2020-04-28,30.5,-84.65,6.1,1,11.87,1
2020-04-29,27.0,-80.15,46.099999999999994,2,7.45,1
2020-04-29,27.55,-81.3,11.0,1,16.97,1
2020-04-29,28.15,-82.3,10.5,1,0.61,1
2020-04-29,29.85,-82.75,24.0,2,1.18,1
2020-04-30,29.85,-85.3,17.0,1,17.55,3
2020-04-30,29.85,-82.75,7.0,1,7.11,2
2020-05-01,26.65,-81.0,101.5,4,88.72,4
2020-05-01,26.95,-80.25,8.3,1,3.86,1
2020-05-01,27.4,-81.6,11.9,1,8.67,1
2020-05-01,27.4,-80.85,19.4,1,6.42,1
2020-05-01,27.65,-81.35,96.3,2,180.97,13
2020-05-01,27.65,-81.3,166.29999999999998,4,370.25,17
2020-05-01,27.85,-80.55,52.6,2,12.23,2
2020-05-01,29.75,-83.1,115.8,5,97.99,11
2020-05-01,29.85,-85.1,59.699999999999996,2,14.28,2
2020-05-01,30.1,-81.95,7.5,1,9.940000000000001,2
2020-05-01,30.15,-81.9,24.6,2,7.82,1
2020-05-01,30.25,-84.25,18.4,1,4.62,2
2020-05-01,30.3,-84.0,24.6,2,7.3,2
2020-05-01,30.35,-85.5,39.099999999999994,2,20.56,2
2020-05-01,30.55,-86.0,68.5,3,13.53,1
2020-05-01,30.55,-84.55,8.0,1,1.88,1
2020-05-01,30.65,-84.5,89.9,3,13.0,3
2020-05-02,26.95,-81.8,30.6,1,135.76,4
2020-05-02,28.55,-80.9,61.0,1,42.03,3
2020-05-02,29.6,-81.95,11.3,1,3.43,1
2020-05-02,29.7,-82.9,34.0,1,20.009999999999998,3
2020-05-02,30.3,-86.15,35.0,2,20.42,1
2020-05-02,30.4,-85.5,15.1,1,1.8,1
2020-05-02,30.55,-84.8,27.9,1,2.08,1
2020-05-03,29.2,-81.75,92.9,3,116.97999999999999,3
2020-05-03,30.5,-85.65,36.8,1,23.73,5
2020-05-03,30.7,-86.95,7.9,1,2.64,1
2020-05-04,27.2,-82.35,573.6,2,42.21,1
2020-05-04,27.8,-81.0,52.0,1,4.9,1
2020-05-04,28.95,-82.25,26.0,1,23.759999999999998,2
2020-05-04,29.35,-82.7,30.4,1,31.68,3
2020-05-04,29.35,-82.65,24.7,1,15.34,1
2020-05-04,29.85,-85.3,15.7,2,26.380000000000003,4
2020-05-04,30.2,-85.85,35.9,2,184.33,5
2020-05-04,30.2,-85.8,46.099999999999994,2,20.34,1
2020-05-04,30.25,-85.3,7.7,1,28.42,3
2020-05-04,30.35,-85.5,65.0,2,69.15,1
2020-05-04,30.4,-85.5,24.0,1,8.31,2
2020-05-04,30.45,-85.0,14.8,1,23.5,2
2020-05-04,30.5,-87.1,55.8,2,185.86,8
2020-05-04,30.55,-87.1,11.5,1,11.61,1
2020-05-05,25.75,-80.7,130.79999999999998,4,61.839999999999996,7
2020-05-05,26.3,-81.4,17.0,1,13.15,4
2020-05-05,26.75,-81.55,27.8,1,17.5,2
2020-05-05,27.0,-80.2,144.9,5,16.9,2
2020-05-05,27.15,-82.4,65.8,2,69.63,5
2020-05-05,27.5,-81.45,129.5,2,34.85,3
2020-05-05,27.65,-81.2,472.0,2,4.07,1
2020-05-05,27.65,-81.15,124.0,2,14.75,2
2020-05-05,27.8,-81.85,59.9,2,45.16,4
2020-05-05,27.8,-81.2,99.6,2,61.28,4
2020-05-05,27.8,-81.15,87.0,1,5.31,1
2020-05-05,27.8,-81.0,121.30000000000001,4,16.32,2
2020-05-05,27.85,-82.05,36.3,1,9.75,1
2020-05-05,28.0,-81.4,93.6,1,87.92999999999999,7
2020-05-05,28.05,-81.4,23.6,1,80.91,8
2020-05-05,29.65,-82.7,21.5,1,3.61,1
2020-05-05,29.85,-81.7,65.6,2,31.52,4
2020-05-05,30.4,-84.95,12.4,1,2.31,1
2020-05-05,30.45,-85.95,36.4,1,35.32,3
2020-05-05,30.5,-83.85,21.6,1,8.07,1
2020-05-05,30.65,-81.65,91.7,3,3.86,1
2020-05-05,30.7,-86.55,12.2,1,2.96,1
2020-05-06,25.75,-80.7,19.9,3,16.1,5
2020-05-06,27.15,-82.4,11.6,1,11.69,1
2020-05-06,27.2,-82.35,29.4,1,650.87,21
2020-05-06,30.45,-83.2,16.9,1,19.11,5
2020-05-06,30.55,-87.1,28.9,1,419.44,6
2020-05-07,28.5,-82.0,9.5,1,34.28,3
2020-05-07,29.85,-82.75,24.2,1,14.59,2
2020-05-07,30.35,-86.3,12.1,1,2.72,2
2020-05-07,30.35,-86.25,10.3,1,5.9,6
2020-05-07,30.5,-85.65,25.9,1,6.0,2
2020-05-07,30.55,-87.1,26.2,1,11.64,5
2020-05-07,30.55,-87.05,29.6,1,20.88,5
2020-05-08,25.65,-80.95,674.4,7,555.25,26
2020-05-08,25.65,-80.9,447.6,10,235.31,34
2020-05-08,25.7,-80.95,380.9,6,581.1,10
2020-05-08,25.7,-80.9,739.2,7,598.94,22
2020-05-09,25.65,-80.95,91.6,1,1.12,1
2020-05-09,25.7,-80.9,26.0,1,486.92,21
2020-05-09,29.95,-85.4,42.1,1,1.9,1
2020-05-11,30.25,-84.7,552.3,6,305.74,10
2020-05-12,29.1,-82.3,19.9,1,2.49,1
2020-05-12,29.1,-82.25,16.3,1,2.49,1
2020-05-12,29.75,-81.45,19.6,1,13.12,3
2020-05-12,29.95,-82.35,16.8,1,6.16,1
2020-05-12,30.2,-83.2,15.1,1,12.52,3
2020-05-12,30.25,-84.7,9.6,1,1.78,1
2020-05-12,30.3,-85.7,44.0,2,34.82,4
2020-05-12,30.45,-83.2,15.6,1,5.67,1
2020-05-13,26.35,-81.55,95.7,3,16.560000000000002,3
2020-05-13,26.35,-81.5,54.8,2,5.95,1
2020-05-13,26.6,-81.45,662.6,5,535.43,13
2020-05-14,26.15,-81.6,18.5,1,36.94,25
2020-05-14,26.85,-82.25,68.1,1,3.76,1
2020-05-15,30.6,-86.35,11.4,1,11.57,1
2020-05-20,28.5,-80.7,21.8,1,10.32,2
2020-05-21,27.1,-82.35,32.1,1,107.26,2
2020-05-21,27.1,-82.3,140.9,1,143.07999999999998,3
2020-05-21,27.15,-82.3,41.599999999999994,2,5.39,1
2020-05-21,27.2,-82.25,72.8,3,35.63,6
2020-05-21,28.5,-80.7,22.3,1,9.77,1
2020-05-21,29.4,-82.4,13.9,1,14.43,2
2020-05-22,29.1,-82.1,6.9,1,4.27,3
2020-05-22,29.85,-81.7,190.2,3,32.96,2
2020-05-22,30.55,-85.25,35.300000000000004,3,19.78,3
2020-05-22,30.7,-85.25,6.6,1,2.64,1
2020-05-23,30.4,-82.0,17.5,1,17.1,2
2020-05-27,25.55,-80.9,781.9,6,390.86,18
2020-05-27,26.35,-81.55,81.6,2,21.68,2
2020-05-27,26.8,-81.95,25.0,1,5.69,1
2020-05-27,26.85,-82.0,243.5,5,249.33,5
2020-05-27,28.25,-82.6,13.7,1,5.58,1
2020-05-27,28.5,-82.6,12.5,1,1.81,1
2020-05-28,25.55,-80.9,129.70000000000002,4,129.33,19
2020-05-28,27.15,-81.7,206.4,4,703.9,22
2020-05-28,27.6,-81.05,167.3,3,79.51,13
2020-05-28,27.65,-81.05,362.8,4,179.71,14
2020-05-28,27.65,-81.0,33.2,1,42.96,4
2020-05-29,25.5,-80.95,60.1,1,207.31,6
2020-05-29,25.5,-80.9,52.2,2,59.89,13
2020-05-29,25.55,-80.9,22.8,1,119.04,11
2020-05-29,26.55,-81.55,19.5,1,13.66,2
2020-05-29,27.65,-81.0,13.8,1,3.28,1
2020-05-30,25.5,-81.0,642.0,4,12.97,1
2020-05-30,25.5,-80.95,277.1,6,134.14,27
2020-05-30,25.5,-80.9,34.1,1,60.75,8
2020-05-31,25.5,-80.95,128.0,2,22.16,4
2020-05-31,25.5,-80.9,6.5,1,20.03,3
2020-05-31,30.65,-85.6,210.60000000000002,3,135.74,7
2020-06-02,26.9,-81.45,33.2,3,22.310000000000002,2
2020-06-02,30.4,-83.2,33.0,2,6.99,1
2020-06-05,30.95,-87.05,39.4,1,13.67,1
2020-06-08,28.5,-80.7,20.3,1,0.76,1
2020-06-08,30.0,-85.3,7.1,1,19.65,3
2020-06-09,26.55,-81.6,9.4,1,3.21,1
2020-06-10,30.4,-85.55,8.8,1,4.18,1
2020-06-11,28.5,-80.7,12.9,1,20.53,2
2020-06-11,30.65,-84.7,51.6,3,7.45,1
2020-06-12,27.55,-81.0,321.1,4,5.34,2
2020-06-12,28.5,-80.7,14.5,1,4.26,1
2020-06-12,30.45,-87.45,26.0,2,27.74,3
2020-06-12,30.55,-85.25,25.5,2,19.79,3
2020-06-13,30.6,-86.7,158.2,2,7.16,1
2020-06-13,30.75,-85.05,11.5,1,2.95,1
2020-06-15,26.9,-81.85,219.2,3,61.58,5
2020-06-15,27.7,-81.35,13.0,1,18.66,4
2020-06-15,27.8,-81.0,29.6,1,4.45,1
2020-06-15,28.1,-81.05,29.2,1,17.57,2
2020-06-15,28.6,-82.6,58.0,3,28.44,3
2020-06-15,28.6,-82.3,171.4,4,86.61,10
2020-06-15,29.65,-82.85,10.4,1,15.67,1
2020-06-15,29.7,-82.0,25.6,1,44.28,3
2020-06-15,29.95,-85.25,39.0,2,15.440000000000001,2
2020-06-15,30.35,-84.55,183.4,4,57.89,3
2020-06-15,30.35,-84.5,12.2,1,20.44,3
2020-06-15,30.5,-85.1,11.3,1,0.54,1
2020-06-15,30.6,-85.2,13.6,1,8.79,2
2020-06-16,26.4,-81.3,5.4,1,13.120000000000001,2
2020-06-16,26.95,-80.6,9.5,1,3.06,1
2020-06-16,27.1,-80.25,111.8,3,22.540000000000003,4
2020-06-16,28.0,-81.4,19.4,1,43.67,4
2020-06-16,28.1,-81.0,85.5,1,10.79,1
2020-06-16,28.8,-80.95,26.0,2,4.23,1
2020-06-16,29.85,-82.8,6.1,1,7.35,2
2020-06-16,29.95,-85.25,97.60000000000001,3,13.280000000000001,2
2020-06-16,30.1,-85.25,231.1,5,65.44,2
2020-06-16,30.15,-84.75,16.9,1,9.78,1
2020-06-16,30.35,-84.75,12.3,1,3.38,1
2020-06-16,30.45,-85.95,9.6,1,30.080000000000002,2
2020-06-16,30.55,-85.25,120.2,3,52.239999999999995,3
2020-06-16,30.6,-85.7,11.3,1,11.23,1
2020-06-16,30.6,-85.25,62.4,1,44.8,1
2020-06-17,27.1,-82.05,5.7,1,5.79,2
2020-06-17,27.1,-80.25,50.9,1,12.330000000000002,3
2020-06-17,30.75,-86.85,19.2,1,49.89,4
2020-06-18,28.8,-82.05,47.1,1,80.0,8
2020-06-18,30.1,-85.25,70.0,3,18.18,2
2020-06-18,30.2,-85.8,32.7,1,31.54,3
2020-06-19,30.2,-85.55,35.8,1,3.91,1
2020-06-19,30.55,-86.65,463.8,5,32.690000000000005,5
2020-06-19,30.55,-83.35,11.7,1,24.39,4
2020-06-19,30.85,-85.45,32.4,1,9.68,2
2020-06-20,30.1,-85.25,27.299999999999997,2,1.79,1
2020-06-22,26.35,-80.5,307.1,4,37.06,6
2020-06-22,26.4,-80.5,5.4,1,32.36,7
2020-06-22,27.6,-80.9,105.30000000000001,2,9.49,1
2020-06-22,27.65,-80.9,53.3,1,48.9,3
2020-06-22,29.05,-82.55,13.2,1,15.61,2
2020-06-22,29.35,-82.35,20.1,2,13.620000000000001,2
2020-06-22,29.9,-85.25,63.9,2,8.7,3
2020-06-22,30.05,-84.85,62.0,3,17.18,3
2020-06-22,30.1,-84.8,53.6,1,14.21,4
2020-06-22,30.45,-83.25,86.8,4,5.33,1
2020-06-23,26.3,-80.95,96.2,3,54.370000000000005,7
2020-06-23,27.9,-81.1,34.4,1,17.68,2
2020-06-23,27.9,-81.05,28.8,1,8.46,1
2020-06-23,28.5,-80.7,42.5,2,10.06,1
2020-06-23,28.65,-82.55,77.0,2,43.26,6
2020-06-23,28.8,-82.05,5.0,1,2.32,2
2020-06-23,29.9,-85.25,13.9,2,8.35,2
2020-06-24,26.3,-80.95,14.3,1,7.81,1
2020-06-24,26.5,-81.55,28.8,1,25.98,4
2020-06-24,27.15,-82.25,53.3,3,16.04,2
2020-06-24,27.65,-80.95,82.6,2,103.78,12
2020-06-24,27.75,-80.9,8.7,1,77.56,7
2020-06-24,28.05,-80.75,21.7,1,15.49,2
2020-06-24,29.85,-82.8,10.1,1,9.4,1
2020-06-24,30.0,-84.45,44.7,1,57.9,5
2020-06-25,26.4,-81.3,17.7,1,17.28,3
2020-06-25,27.1,-81.4,25.3,1,19.23,3
2020-06-25,27.8,-80.55,196.1,4,120.5,7
2020-06-26,27.65,-80.95,53.1,1,83.03,9
2020-06-26,28.0,-80.95,99.7,3,19.43,3
2020-06-29,27.65,-80.9,150.2,1,10.899999999999999,2
2020-06-29,29.9,-85.25,49.3,1,13.04,2
2020-06-29,30.0,-83.15,18.5,1,4.98,1
2020-06-29,30.6,-83.35,43.1,2,4.35,1
2020-06-29,30.7,-85.4,30.1,1,6.55,2
2020-06-29,30.75,-85.05,12.6,1,2.98,1
2020-06-30,26.3,-80.95,21.2,1,22.38,3
2020-06-30,26.95,-80.15,81.7,2,15.57,3
2020-06-30,27.15,-82.35,66.7,2,101.75,8
2020-06-30,27.55,-81.15,106.3,3,57.91,8
2020-06-30,28.1,-81.45,21.4,1,24.08,2
2020-06-30,30.2,-84.7,44.6,1,97.95,14
2020-06-30,30.2,-84.65,62.8,1,152.45,19
2020-06-30,30.3,-85.65,8.6,1,9.91,1
2020-06-30,30.4,-84.8,12.4,1,2.52,1
2020-07-01,30.25,-82.85,8.9,1,21.76,1
2020-07-02,26.3,-80.95,32.0,1,14.76,1
2020-07-02,26.8,-82.2,131.3,2,34.94,2
2020-07-02,29.4,-83.05,8.1,1,8.48,1
2020-07-02,30.4,-85.75,96.1,1,4.73,1
2020-07-07,28.7,-82.05,114.19999999999999,3,10.61,5
2020-07-08,26.3,-80.95,70.6,2,14.74,2
2020-07-08,26.9,-81.35,49.5,1,269.65999999999997,8
2020-07-09,28.55,-82.3,22.8,2,17.4,2
2020-07-09,28.7,-82.05,12.4,1,5.99,2
2020-07-09,29.85,-85.25,11.5,1,34.35,7
2020-07-09,30.1,-84.3,39.3,1,3.12,1
2020-07-09,30.1,-84.25,44.3,1,31.770000000000003,3
2020-07-09,30.7,-85.05,23.7,1,6.93,2
2020-07-10,27.65,-80.6,48.1,1,104.21000000000001,12
2020-07-10,29.85,-85.25,21.5,2,4.36,1
2020-07-10,30.0,-82.3,19.7,1,16.32,1
2020-07-10,30.1,-84.1,156.0,4,329.38,32
2020-07-10,30.4,-85.75,14.6,1,30.79,3
2020-07-11,30.0,-82.3,10.7,1,20.35,2
2020-07-11,30.1,-84.1,331.4,6,361.68,38
2020-07-11,30.1,-84.05,184.2,2,49.32000000000001,6
2020-07-11,30.65,-86.35,54.0,3,25.35,7
2020-07-12,30.15,-84.15,21.2,2,65.41,4
2020-07-12,30.4,-85.75,137.7,5,86.85,4
2020-07-12,30.65,-86.3,161.8,4,5.03,1
2020-07-13,26.95,-81.4,187.9,2,4.93,1
2020-07-13,27.5,-80.6,7.7,1,6.7,1
2020-07-13,27.6,-81.35,95.30000000000001,3,111.35,8
2020-07-13,30.0,-82.3,31.3,2,23.21,2
2020-07-13,30.45,-83.4,51.6,3,18.05,3
2020-07-13,30.6,-83.9,13.5,1,10.2,1
2020-07-13,30.8,-87.05,14.4,1,2.48,1
2020-07-13,30.8,-85.35,15.3,1,11.67,2
2020-07-14,29.4,-82.85,16.7,1,22.48,3
2020-07-14,30.25,-82.65,12.6,1,9.17,2
2020-07-16,26.9,-81.85,62.5,2,19.729999999999997,3
2020-07-16,27.5,-82.1,20.1,2,30.25,4
2020-07-16,27.5,-80.6,9.5,1,5.43,1
2020-07-16,28.6,-80.7,152.89999999999998,2,61.06,3
2020-07-17,28.2,-82.1,202.5,4,102.93,14
2020-07-17,28.25,-82.4,17.2,1,10.02,3
2020-07-17,28.5,-82.1,21.3,1,5.15,1
2020-07-17,28.55,-82.6,13.1,1,10.17,1
2020-07-17,30.3,-84.45,291.0,6,98.75,10
2020-07-18,30.5,-86.75,15.8,1,14.7,1
2020-07-20,28.6,-82.6,76.4,2,58.95,7
2020-07-20,29.55,-82.5,13.0,1,51.03,5
2020-07-20,30.25,-85.0,25.4,1,17.43,1
2020-07-20,30.35,-83.9,86.9,2,30.240000000000002,2
2020-07-21,30.45,-87.45,10.7,1,36.120000000000005,5
2020-07-23,29.95,-85.3,43.8,2,15.66,2
2020-07-23,30.7,-85.15,11.2,1,2.88,1
2020-07-25,30.95,-85.2,11.4,1,31.04,4
2020-07-28,28.0,-81.0,14.1,1,3.5,1
2020-07-28,29.95,-81.4,5.0,1,7.85,1
2020-07-29,26.8,-81.55,7.6,1,5.12,1
2020-07-30,26.95,-81.4,44.7,3,7.77,1
2020-07-30,27.3,-81.15,37.2,1,16.1,2
2020-07-30,28.05,-81.05,21.8,1,48.580000000000005,2
2020-07-30,28.1,-81.05,60.2,3,139.95000000000002,8
2020-07-30,28.7,-82.05,14.9,1,6.73,2
2020-07-30,30.65,-85.3,14.4,1,4.16,1
2020-07-31,27.3,-81.1,22.1,1,9.92,1
2020-07-31,27.35,-81.35,18.0,1,5.5,1
2020-07-31,30.1,-82.6,7.6,1,2.45,1
2020-07-31,30.65,-85.3,72.9,3,28.5,3
2020-08-01,30.4,-85.75,77.3,2,104.39,9
2020-08-02,30.4,-85.75,16.6,2,0.69,1
2020-08-03,26.85,-82.0,11.4,1,18.080000000000002,2
2020-08-03,27.55,-81.25,10.5,1,5.33,1
2020-08-03,29.65,-83.45,28.7,1,7.03,1
2020-08-03,29.95,-85.35,5.7,1,12.850000000000001,3
2020-08-03,30.55,-85.55,50.599999999999994,2,32.69,2
2020-08-03,30.65,-85.3,11.2,1,5.32,1
2020-08-03,30.8,-85.4,30.4,1,29.939999999999998,3
2020-08-04,29.05,-82.55,14.0,2,13.07,2
2020-08-04,30.25,-85.15,41.4,1,140.32999999999998,5
2020-08-04,30.5,-85.1,21.6,2,6.28,1
2020-08-04,30.8,-85.4,27.0,2,21.28,4
2020-08-05,29.1,-82.1,17.7,1,12.46,2
2020-08-05,30.2,-84.25,10.0,1,16.39,3
2020-08-06,29.95,-85.35,72.3,2,13.93,1
2020-08-06,30.55,-85.3,37.3,1,13.879999999999999,4
2020-08-06,30.6,-85.3,20.2,1,7.54,2
2020-08-06,30.7,-85.15,141.2,5,13.5,2
2020-08-07,26.3,-80.95,13.4,1,12.01,1
2020-08-07,26.35,-81.4,14.1,1,13.8,2
2020-08-08,30.7,-85.15,23.0,2,6.02,1
2020-08-13,26.85,-81.95,9.0,1,3.52,1
2020-08-17,30.15,-84.5,14.8,2,13.21,6
2020-08-17,30.5,-85.1,30.9,2,36.92,1
2020-08-17,30.65,-85.3,21.6,2,13.99,2
2020-08-18,27.3,-81.15,14.5,1,14.98,2
2020-08-18,30.4,-85.55,10.3,1,4.45,1
2020-08-19,30.45,-84.95,12.7,1,8.09,1
2020-08-19,30.55,-83.75,6.0,1,20.93,4
2020-08-20,26.3,-80.95,8.4,1,6.22,1
2020-08-25,26.3,-80.95,142.1,6,17.14,2
2020-08-26,26.3,-80.95,11.1,1,4.32,1
2020-08-26,28.7,-82.05,4.6,1,1.14,1
2020-08-26,30.35,-83.25,14.8,1,20.55,2
2020-08-26,30.45,-84.95,43.4,1,3.18,1
2020-08-27,26.3,-80.95,51.6,2,41.79,3
2020-08-27,29.7,-81.85,217.1,3,19.91,1
2020-08-27,29.7,-81.8,43.8,1,22.86,1
2020-08-27,30.0,-82.55,8.8,1,11.83,2
2020-08-28,26.45,-81.05,9.9,1,12.879999999999999,2
2020-09-03,27.3,-81.15,14.7,1,36.14,2
2020-09-03,29.25,-82.2,13.7,2,12.91,2
2020-09-03,30.05,-83.25,8.2,1,0.66,1
2020-09-03,30.3,-85.2,12.9,1,12.14,2
2020-09-03,30.5,-85.1,9.7,1,10.97,1
2020-09-03,30.55,-83.8,6.0,1,1.55,1
2020-09-04,30.3,-85.2,7.8,1,5.64,1
2020-09-04,30.95,-85.45,36.2,2,10.57,1
2020-09-07,30.7,-85.25,36.7,2,8.06,1
2020-09-08,26.45,-81.3,32.4,1,83.55000000000001,3
2020-09-08,30.1,-85.45,134.0,3,68.09,3
2020-09-08,30.2,-85.15,44.7,1,32.25,2
2020-09-08,30.35,-84.3,11.1,1,7.78,2
2020-09-08,30.65,-85.45,129.7,3,61.16,3
2020-09-09,30.2,-85.15,11.1,1,33.9,2
2020-09-09,30.4,-85.1,12.8,1,4.18,1
2020-09-17,26.95,-80.2,70.5,2,28.3,2
2020-09-22,30.55,-83.8,7.3,1,2.05,1
2020-09-23,30.45,-84.95,29.6,1,9.02,1
2020-09-25,28.35,-81.7,9.0,1,3.8,1
2020-09-25,28.75,-81.95,17.8,1,17.62,3
2020-09-26,28.8,-81.55,13.5,1,3.16,1
2020-09-29,26.0,-81.7,16.1,1,4.86,2
2020-09-29,27.85,-80.75,4.1,1,7.38,1
2020-09-30,28.65,-82.55,77.0,2,76.02000000000001,4
2020-09-30,28.9,-82.45,12.6,1,6.79,1
2020-09-30,29.9,-82.7,6.6,1,2.99,1
2020-09-30,30.1,-81.45,6.7,1,2.65,1
2020-09-30,30.7,-85.15,8.9,1,2.47,1
2020-10-01,30.6,-84.95,12.8,1,6.97,1
2020-10-02,30.0,-82.9,23.3,1,39.47,3
2020-10-02,30.15,-85.45,14.7,1,16.23,4
2020-10-02,30.25,-85.15,209.9,6,236.03,12
2020-10-02,30.55,-84.85,35.9,2,4.83,1
2020-10-02,30.6,-85.45,26.3,1,9.05,1
2020-10-02,30.85,-86.75,27.5,2,65.88,6
2020-10-02,30.85,-86.35,223.8,3,413.76,12
2020-10-03,30.25,-85.15,28.9,1,16.27,1
2020-10-03,30.75,-85.6,5.3,1,10.620000000000001,2
2020-10-03,30.75,-85.45,94.80000000000001,4,14.71,1
2020-10-05,30.6,-87.15,7.0,1,3.83,1
2020-10-05,30.8,-86.05,4.5,1,3.78,1
2020-10-05,30.9,-86.5,4.9,1,47.84,5
2020-10-06,26.3,-81.0,9.6,1,14.9,2
2020-10-07,26.3,-81.0,7.9,1,17.11,3
2020-10-07,30.35,-85.5,7.0,1,10.469999999999999,2
2020-10-07,30.4,-85.25,5.8,1,7.91,2
2020-10-08,27.3,-81.15,21.1,1,19.65,3
2020-10-09,26.3,-81.0,20.1,1,10.83,1
2020-10-09,26.7,-81.15,27.3,2,9.51,1
2020-10-09,27.3,-81.15,17.2,1,27.37,2
2020-10-09,27.6,-80.6,7.1,1,47.64,4
2020-10-12,27.75,-82.3,53.3,2,10.74,1
2020-10-12,28.75,-81.95,42.1,1,23.78,2
2020-10-12,30.25,-85.25,15.1,1,8.45,3
2020-10-13,27.3,-81.15,46.6,2,5.04,1
2020-10-13,30.15,-83.3,6.8,1,1.66,1
2020-10-13,30.2,-85.05,8.8,1,280.28999999999996,4
2020-10-13,30.25,-85.3,16.3,1,1.35,1
2020-10-13,30.6,-83.8,6.7,1,2.69,1
2020-10-14,27.3,-81.15,13.2,1,12.38,2
2020-10-14,28.2,-82.3,11.1,1,0.44,1
2020-10-14,28.35,-82.5,21.9,2,6.22,1
2020-10-14,28.75,-81.95,24.5,1,10.53,1
2020-10-14,30.05,-85.35,83.7,2,13.99,2
2020-10-14,30.25,-85.25,109.3,4,27.95,2
2020-10-15,27.55,-80.6,9.0,1,6.34,1
2020-10-15,27.8,-81.2,10.6,1,13.24,2
2020-10-15,30.5,-84.95,54.3,1,20.39,3
2020-10-15,30.75,-85.4,41.4,1,123.28,4
2020-10-16,28.75,-82.05,69.4,2,42.05,3
2020-10-16,29.45,-82.45,6.0,1,4.72,2
2020-10-16,30.0,-81.75,4.9,1,1.79,1
2020-10-16,30.05,-83.6,7.8,1,4.28,1
2020-10-16,30.2,-84.4,33.7,1,11.790000000000001,3
2020-10-16,30.75,-86.75,22.7,1,136.91,4
2020-10-17,30.5,-84.65,23.4,1,3.44,1
2020-10-17,30.85,-85.15,397.3,7,126.7,5
2020-10-18,30.35,-84.95,124.4,2,218.9,6
2020-10-18,30.4,-84.95,20.0,1,113.47,6
2020-10-18,30.85,-85.2,17.4,1,21.919999999999998,2
2020-10-18,30.85,-85.0,8.2,1,7.51,2
2020-10-19,29.05,-82.35,12.4,1,4.67,1
2020-10-19,30.05,-85.4,31.6,1,4.04,1
2020-10-19,30.05,-85.35,166.60000000000002,4,29.159999999999997,3
2020-10-19,30.25,-85.05,246.8,5,51.84,4
2020-10-19,30.4,-85.1,8.2,1,12.95,2
2020-10-19,30.55,-83.8,21.1,1,4.33,1
2020-10-19,30.6,-83.8,10.2,1,9.47,1
2020-10-20,30.05,-85.35,131.2,2,21.560000000000002,4
2020-10-20,30.2,-85.2,26.1,1,19.3,2
2020-10-20,30.2,-85.15,44.099999999999994,2,40.72,4
2020-10-20,30.25,-85.05,534.1999999999999,7,340.31,12
2020-10-21,29.95,-82.95,12.5,1,3.36,1
2020-10-21,30.65,-85.3,82.1,2,87.11,12
2020-10-21,30.9,-86.95,68.4,2,4.12,1
2020-10-22,28.3,-82.55,3.3,1,4.43,1
2020-10-22,28.6,-82.55,8.0,1,6.09,1
2020-10-22,30.05,-85.35,18.3,1,24.55,3
2020-10-22,30.45,-85.25,25.3,1,35.3,2
2020-10-22,30.6,-83.85,6.5,1,6.12,1
2020-10-22,30.65,-85.1,9.2,1,12.74,1
2020-10-24,28.75,-81.95,16.4,1,31.23,7
2020-10-26,29.4,-83.15,72.2,1,31.700000000000003,4
2020-10-26,30.6,-87.2,5.4,1,5.21,1
2020-10-27,26.3,-81.0,26.0,2,27.27,4
2020-10-27,26.85,-81.15,12.2,1,3.62,1
2020-10-27,27.6,-80.6,18.6,1,3.98,1
2020-10-27,28.4,-81.15,19.7,1,20.83,3
2020-10-28,28.35,-81.7,23.2,2,4.19,1
2020-10-29,28.75,-82.0,5.6,1,18.02,4
2020-10-30,28.25,-81.4,7.4,1,1.09,1
2020-10-30,28.4,-82.45,58.6,4,19.93,3
2020-10-30,28.5,-82.2,6.6,1,0.74,1
2020-10-30,28.7,-82.05,99.5,3,31.080000000000002,3
2020-10-30,28.85,-81.8,24.3,2,8.85,1
2020-10-30,28.85,-81.2,6.0,1,2.37,1
2020-10-30,30.1,-81.5,12.3,1,1.82,1
2020-10-30,30.5,-84.95,17.7,1,21.34,4
2020-10-31,28.7,-82.05,23.9,3,7.720000000000001,3
2020-10-31,29.4,-82.4,8.0,1,9.83,1
2020-10-31,30.5,-86.85,71.9,2,20.73,3
2020-10-31,30.55,-86.85,73.0,2,53.92,5
2020-10-31,30.55,-85.3,17.9,2,14.299999999999999,3
2020-11-01,30.85,-85.25,12.4,1,2.4,1
2020-11-02,26.85,-81.15,49.3,1,5.09,1
2020-11-02,27.75,-81.35,35.4,1,6.34,2
2020-11-02,30.15,-85.0,440.2,5,56.59,9
2020-11-02,30.15,-84.95,32.0,1,142.56,5
2020-11-02,30.45,-85.6,760.4,8,236.39,7
2020-11-02,30.55,-86.85,8.9,1,7.52,1
2020-11-02,30.6,-87.2,6.2,1,3.27,1
2020-11-02,30.6,-85.2,35.0,3,9.01,2
2020-11-02,30.6,-85.0,11.6,1,25.29,5
2020-11-02,30.6,-84.9,49.4,2,9.62,1
2020-11-02,30.6,-84.75,61.9,2,16.47,2
2020-11-02,30.65,-84.75,226.0,6,122.35999999999999,6
2020-11-02,30.75,-87.5,25.4,1,14.99,1
2020-11-03,28.1,-81.6,13.0,1,6.34,2
2020-11-03,28.7,-82.05,10.6,1,11.18,3
2020-11-03,28.8,-82.05,24.1,1,8.9,3
2020-11-03,28.8,-81.55,20.9,2,2.49,1
2020-11-03,28.9,-82.45,31.5,2,4.37,1
2020-11-03,29.3,-81.55,19.4,1,24.89,1
2020-11-03,29.6,-82.95,10.6,1,2.29,1
2020-11-03,30.0,-83.6,16.9,1,9.4,2
2020-11-03,30.05,-85.35,44.8,3,29.259999999999998,3
2020-11-03,30.15,-85.2,55.900000000000006,2,29.22,4
2020-11-03,30.2,-82.95,13.3,1,6.54,2
2020-11-03,30.3,-84.6,238.9,2,327.61,15
2020-11-03,30.3,-84.55,360.5,2,514.18,30
2020-11-03,30.4,-85.1,8.2,1,9.0,2
2020-11-03,30.45,-85.55,64.6,2,30.09,4
2020-11-03,30.5,-84.75,103.0,2,56.06,3
2020-11-03,30.6,-85.3,108.4,3,53.73,5
2020-11-03,30.6,-85.2,12.6,1,32.95,6
2020-11-03,30.6,-84.85,8.2,1,4.18,1
2020-11-03,30.6,-84.75,15.0,1,11.62,2
2020-11-03,30.65,-85.15,13.8,1,19.3,4
2020-11-03,30.65,-84.75,129.9,2,207.2,12
2020-11-03,30.75,-87.45,7.0,1,3.85,1
2020-11-04,27.3,-81.15,55.4,2,21.61,2
2020-11-04,28.3,-82.0,20.5,1,3.52,1
2020-11-04,28.55,-82.3,58.1,2,132.75,9
2020-11-04,30.05,-85.35,65.0,2,21.58,3
2020-11-04,30.3,-86.0,39.4,3,73.42,3
2020-11-04,30.3,-84.55,1403.3,10,266.35,25
2020-11-04,30.35,-85.5,19.9,2,8.45,2
2020-11-04,30.4,-85.55,8.6,1,10.8,2
2020-11-04,30.45,-85.55,19.0,2,48.32000000000001,4
2020-11-04,30.45,-83.95,15.7,2,18.37,2
2020-11-04,30.6,-86.85,78.3,2,5.7,1
2020-11-04,30.6,-85.3,220.3,6,95.87,6
2020-11-04,30.65,-86.85,49.099999999999994,2,4.1,1
2020-11-04,30.75,-87.5,50.099999999999994,2,181.71,3
2020-11-04,30.9,-85.1,5.8,1,1.68,1
2020-11-04,30.95,-86.85,474.7,7,18.8,2
2020-11-05,26.45,-80.9,71.7,1,2.21,1
2020-11-05,30.1,-84.9,42.2,1,187.23999999999998,14
2020-11-05,30.25,-85.25,24.0,1,23.25,1
2020-11-05,30.3,-86.1,4.5,1,7.58,2
2020-11-05,30.3,-86.05,48.1,2,7.58,2
2020-11-05,30.35,-85.7,13.0,2,7.54,1
2020-11-05,30.45,-85.25,7.7,1,44.96,4
2020-11-05,30.6,-84.7,27.6,1,20.04,2
2020-11-05,30.6,-83.85,5.2,1,6.44,1
2020-11-05,30.75,-85.45,10.2,1,10.54,1
2020-11-06,30.35,-84.45,354.2,6,58.120000000000005,6
2020-11-06,30.65,-84.9,22.9,1,7.48,1
2020-11-06,30.65,-84.85,10.0,1,5.71,1
2020-11-06,30.75,-85.05,12.9,2,7.98,3
2020-11-08,30.45,-86.8,63.2,2,31.11,2
2020-11-08,30.45,-86.75,56.7,2,130.95,10
2020-11-12,30.15,-85.5,6.3,1,21.9,3
2020-11-12,30.25,-85.25,16.1,1,35.769999999999996,3
2020-11-12,30.8,-87.25,40.7,3,33.94,5
2020-11-12,30.85,-85.35,4.8,1,8.82,2
2020-11-13,30.0,-83.6,8.1,1,3.64,1
2020-11-13,30.05,-85.35,8.0,1,2.5,1
2020-11-13,30.15,-85.5,27.4,1,7.99,1
2020-11-13,30.2,-85.5,4.3,1,6.03,1
2020-11-13,30.25,-85.25,39.6,2,17.08,2
2020-11-13,30.35,-85.7,10.3,1,13.219999999999999,3
2020-11-13,30.35,-85.1,295.7,5,206.14,7
2020-11-13,30.65,-85.3,36.7,1,67.88,6
2020-11-13,30.75,-87.5,36.9,1,27.82,2
2020-11-13,30.8,-87.5,43.0,2,21.08,2
2020-11-13,30.8,-87.25,5.8,1,27.97,7
2020-11-14,30.45,-82.75,16.9,2,15.48,2
2020-11-14,30.55,-85.65,6.4,1,10.68,1
2020-11-14,30.6,-85.0,65.6,2,76.75,5
2020-11-14,30.65,-85.3,107.6,4,136.13,8
2020-11-14,30.9,-85.65,23.3,2,24.79,6
2020-11-14,30.9,-85.2,50.7,2,20.729999999999997,4
2020-11-14,30.95,-87.05,38.0,1,14.76,2
2020-11-16,27.3,-81.15,41.6,1,46.919999999999995,2
2020-11-16,28.85,-81.2,6.7,1,6.39,2
2020-11-16,29.55,-82.95,28.8,2,29.27,1
2020-11-16,29.6,-82.9,141.0,4,26.97,3
2020-11-16,29.9,-84.7,6.3,1,30.47,3
2020-11-16,30.05,-82.8,4.0,1,4.31,1
2020-11-16,30.25,-84.3,15.7,1,9.99,1
2020-11-16,30.3,-85.15,63.7,3,38.0,2
2020-11-16,30.35,-85.1,285.3,5,60.14,3
2020-11-16,30.4,-84.45,7.4,1,4.14,1
2020-11-16,30.45,-85.25,26.0,2,30.47,4
2020-11-16,30.45,-85.1,284.2,4,63.11,3
2020-11-16,30.5,-84.75,5.3,1,7.0,2
2020-11-16,30.55,-83.85,17.4,2,16.240000000000002,3
2020-11-16,30.65,-81.65,7.5,1,4.68,1
2020-11-16,30.9,-86.55,119.9,5,128.9,6
2020-11-16,30.9,-85.1,5.5,1,5.56,1
2020-11-17,27.05,-81.0,5.8,1,2.76,1
2020-11-17,27.3,-81.15,42.5,1,18.35,2
2020-11-17,27.95,-80.75,4.4,1,3.44,1
2020-11-17,28.2,-82.3,4.3,1,3.65,1
2020-11-17,28.25,-81.4,5.5,1,5.92,1
2020-11-17,28.3,-82.45,6.1,1,2.76,1
2020-11-17,28.95,-82.1,4.8,1,3.55,1
2020-11-17,29.6,-82.9,53.2,2,17.86,3
2020-11-17,30.0,-83.6,30.2,2,3.03,1
2020-11-17,30.05,-85.35,54.4,3,7.380000000000001,2
2020-11-17,30.05,-81.55,4.0,1,4.65,1
2020-11-17,30.1,-85.25,52.0,3,55.839999999999996,3
2020-11-17,30.1,-84.5,11.5,1,5.33,1
2020-11-17,30.15,-85.5,53.0,2,15.31,2
2020-11-17,30.2,-85.25,9.4,1,13.35,1
2020-11-17,30.25,-85.25,32.900000000000006,2,32.12,2
2020-11-17,30.35,-85.25,42.9,3,3.31,1
2020-11-17,30.4,-85.1,8.0,1,6.77,1
2020-11-17,30.45,-85.05,189.0,4,38.83,6
2020-11-17,30.5,-85.2,47.8,1,103.7,5
2020-11-17,30.55,-84.35,6.1,1,1.7,1
2020-11-17,30.55,-83.85,25.6,2,9.3,2
2020-11-17,30.6,-85.0,230.4,2,43.900000000000006,2
2020-11-17,30.6,-84.85,325.29999999999995,4,156.31,7
2020-11-17,30.65,-84.5,371.1,4,8.73,1
2020-11-17,30.65,-84.45,161.5,1,8.62,1
2020-11-17,30.8,-87.25,13.3,1,11.209999999999999,2
2020-11-18,27.3,-81.15,7.8,1,11.29,2
2020-11-18,28.7,-82.05,21.6,1,23.25,3
2020-11-18,29.85,-81.95,17.200000000000003,2,23.07,2
2020-11-18,30.2,-85.25,13.7,1,4.93,1
2020-11-18,30.25,-82.7,30.6,1,39.46,2
2020-11-18,30.45,-86.85,59.0,3,24.62,8
2020-11-18,30.45,-85.6,33.0,2,32.86,2
2020-11-18,30.55,-85.3,11.4,1,6.96,1
2020-11-18,30.55,-85.05,238.1,4,73.06,3
2020-11-18,30.55,-84.9,433.0,6,111.2,4
2020-11-18,30.6,-87.4,23.2,2,42.8,6
2020-11-18,30.6,-85.2,18.7,1,3.4,1
2020-11-18,30.6,-84.8,10.8,1,5.11,1
2020-11-19,29.9,-84.6,10.3,1,4.02,1
2020-11-19,29.95,-82.95,19.3,1,5.62,1
2020-11-19,30.05,-85.35,13.1,1,2.97,1
2020-11-19,30.15,-85.25,53.2,2,3.99,1
2020-11-19,30.2,-83.25,16.2,1,6.18,2
2020-11-19,30.2,-83.2,6.8,1,2.31,1
2020-11-19,30.25,-84.25,7.8,1,31.76,1
2020-11-19,30.3,-82.7,10.0,1,3.77,1
2020-11-19,30.35,-85.1,6.6,1,7.2,1
2020-11-19,30.35,-84.0,20.0,1,6.69,1
2020-11-19,30.4,-85.1,28.6,2,5.64,1
2020-11-19,30.45,-85.2,14.3,1,4.9,2
2020-11-19,30.55,-85.05,58.3,3,221.26999999999998,7
2020-11-19,30.55,-85.0,139.89999999999998,3,628.03,24
2020-11-19,30.55,-83.6,15.4,1,14.24,3
2020-11-19,30.6,-87.4,6.5,1,1.25,1
2020-11-19,30.6,-87.2,5.0,1,11.03,3
2020-11-19,30.6,-84.85,60.400000000000006,2,72.15,5
2020-11-19,30.65,-85.45,14.7,1,37.92,3
2020-11-19,30.65,-85.4,13.1,1,16.82,2
2020-11-19,30.65,-84.85,83.8,1,47.1,4
2020-11-19,30.85,-85.4,75.0,2,31.25,5
2020-11-19,30.95,-86.35,46.900000000000006,3,30.64,3
2020-11-19,30.95,-85.25,129.0,3,89.11,9
2020-11-20,30.55,-85.0,45.8,1,5.83,1
2020-11-20,30.6,-86.15,7.1,1,3.27,1
2020-11-20,30.6,-84.85,28.5,1,8.85,1
2020-11-20,30.65,-84.85,196.89999999999998,3,19.28,2
2020-11-20,30.85,-85.2,8.2,1,80.05,4
2020-11-20,30.85,-85.0,7.8,1,3.36,1
2020-11-21,26.6,-80.5,113.3,1,39.39,3
2020-11-23,26.6,-80.75,57.7,2,17.48,2
2020-11-23,27.0,-82.2,5.3,1,9.85,2
2020-11-23,27.3,-81.95,102.30000000000001,2,11.65,2
2020-11-23,27.45,-82.4,6.9,1,5.33,1
2020-11-23,27.45,-80.95,8.8,1,9.51,1
2020-11-23,28.15,-82.55,14.2,1,14.45,1
2020-11-23,28.7,-82.05,39.4,1,40.64,3
2020-11-23,29.55,-82.85,4.6,1,3.23,1
2020-11-23,29.85,-82.85,13.4,2,9.32,2
2020-11-23,30.05,-85.35,8.7,1,5.82,1
2020-11-23,30.2,-85.15,63.7,2,47.65,4
2020-11-23,30.2,-84.3,5.3,1,21.63,3
2020-11-23,30.2,-81.6,4.6,1,5.68,2
2020-11-23,30.25,-85.05,8.2,1,8.98,2
2020-11-23,30.3,-84.8,405.4,6,99.12,4
2020-11-23,30.3,-83.3,6.0,1,3.1,1
2020-11-23,30.35,-85.45,43.4,1,14.48,1
2020-11-23,30.6,-86.05,15.0,1,72.86,4
2020-11-23,30.75,-85.1,21.1,1,18.2,2
2020-11-23,30.85,-86.3,8.3,1,19.22,3
2020-11-24,26.3,-80.95,8.6,1,2.99,1
2020-11-24,27.75,-82.3,5.1,1,9.89,3
2020-11-24,27.85,-81.85,62.6,2,17.16,3
2020-11-24,28.2,-81.5,6.9,1,2.8,1
2020-11-24,28.7,-82.05,44.2,2,2.49,1
2020-11-24,28.9,-82.45,13.3,2,11.0,2
2020-11-24,29.95,-83.75,14.5,1,2.45,1
2020-11-24,30.0,-85.35,21.5,1,4.41,1
2020-11-24,30.0,-83.2,4.9,1,2.74,1
2020-11-24,30.05,-81.5,6.8,1,3.04,1
2020-11-24,30.1,-85.35,12.7,1,5.16,2
2020-11-24,30.25,-85.25,17.200000000000003,2,3.16,1
2020-11-24,30.25,-83.2,25.299999999999997,2,2.31,1
2020-11-24,30.25,-83.15,4.4,1,1.54,1
2020-11-24,30.3,-83.3,13.8,1,3.34,1
2020-11-24,30.35,-85.0,294.0,6,77.56,6
2020-11-24,30.4,-85.6,1418.9,7,962.0799999999999,12
2020-11-24,30.45,-85.6,107.4,5,66.24,7
2020-11-24,30.45,-85.05,191.3,2,77.82000000000001,5
2020-11-24,30.45,-84.0,5.0,1,4.46,1
2020-11-24,30.5,-85.05,10.0,1,5.3,1
2020-11-24,30.65,-85.3,18.9,2,24.23,2
2020-11-24,30.65,-84.5,115.0,5,178.52,11
2020-11-25,30.25,-85.15,23.9,1,166.53,3
2020-11-25,30.25,-83.2,9.9,1,14.1,3
2020-11-25,30.3,-83.3,19.6,1,20.28,4
2020-11-25,30.35,-83.8,12.3,1,3.87,1
2020-11-25,30.55,-85.0,44.0,2,160.07,9
2020-11-26,26.4,-80.5,227.4,2,19.21,1
2020-11-27,27.45,-81.7,47.0,2,34.6,2
2020-11-27,29.1,-82.1,114.1,3,36.25,1
2020-11-27,29.25,-82.55,14.9,1,3.39,1
2020-11-28,28.85,-81.2,21.4,2,8.34,1
2020-11-28,29.1,-82.1,16.4,2,4.99,2
2020-11-30,28.4,-81.75,6.9,1,3.15,1
2020-11-30,30.05,-81.55,8.1,1,3.71,1
2020-12-01,26.3,-81.0,13.1,2,3.18,1
2020-12-01,28.2,-82.3,5.7,1,6.859999999999999,2
2020-12-01,28.7,-82.05,59.7,3,32.21,1
2020-12-01,29.45,-82.45,28.0,2,8.85,1
2020-12-01,29.75,-81.9,24.4,1,10.85,1
2020-12-01,29.75,-81.85,131.2,2,21.7,2
2020-12-01,30.05,-85.35,86.80000000000001,2,12.66,2
2020-12-01,30.1,-85.35,27.6,2,11.66,1
2020-12-01,30.1,-82.95,6.7,1,11.489999999999998,2
2020-12-01,30.2,-85.2,6.6,1,8.33,1
2020-12-01,30.35,-84.0,7.5,1,3.53,1
2020-12-01,30.45,-85.6,8.8,1,14.23,1
2020-12-01,30.6,-85.3,6.9,1,4.96,1
2020-12-01,30.65,-85.3,9.8,1,19.96,2
2020-12-02,26.3,-81.0,12.5,2,8.370000000000001,2
2020-12-02,26.65,-81.35,25.0,2,15.940000000000001,2
2020-12-02,26.8,-81.6,13.7,1,9.57,3
2020-12-02,29.9,-84.8,7.3,1,17.73,5
2020-12-02,30.05,-85.35,145.0,5,30.08,3
2020-12-02,30.1,-85.35,9.4,1,10.36,3
2020-12-02,30.35,-85.1,22.299999999999997,2,1.82,1
2020-12-02,30.4,-85.2,22.9,2,18.98,2
2020-12-02,30.45,-86.05,13.7,1,29.869999999999997,6
2020-12-02,30.5,-85.0,9.5,1,6.3,2
2020-12-02,30.65,-87.4,24.3,1,8.78,2
2020-12-02,30.65,-85.35,6.7,1,5.46,1
2020-12-02,30.65,-84.9,17.4,1,2.61,1
2020-12-02,30.85,-85.45,14.2,1,17.84,2
2020-12-02,30.95,-85.2,8.5,1,6.55,1
2020-12-03,26.95,-82.3,8.2,2,4.34,1
2020-12-03,27.0,-82.2,4.0,1,4.37,1
2020-12-03,28.2,-82.3,11.7,2,7.32,4
2020-12-03,28.25,-81.5,8.1,1,4.53,1
2020-12-03,28.9,-81.25,53.4,2,18.76,2
2020-12-03,30.1,-81.9,5.7,1,7.29,1
2020-12-05,26.75,-80.6,6.7,1,7.5,2
2020-12-05,26.8,-80.55,24.5,2,5.58,2
2020-12-05,28.2,-82.3,4.6,1,3.46,1
2020-12-05,29.35,-82.65,28.0,2,13.98,4
2020-12-05,30.35,-85.45,28.6,2,14.53,3
2020-12-05,30.35,-85.4,7.0,1,3.06,1
2020-12-07,30.05,-85.35,4.7,1,5.58,2
2020-12-07,30.35,-85.1,18.4,2,14.13,1
2020-12-07,30.35,-84.0,11.6,1,11.61,1
2020-12-08,26.3,-80.95,12.9,1,8.25,3
2020-12-08,26.45,-81.65,18.7,1,3.55,1
2020-12-08,26.55,-81.75,30.6,1,11.940000000000001,2
2020-12-08,26.9,-81.95,96.8,2,62.1,8
2020-12-08,27.3,-81.15,21.9,1,43.18,4
2020-12-08,28.45,-81.65,9.3,1,3.25,1
2020-12-08,28.7,-82.05,7.6,1,10.42,4
2020-12-08,29.55,-82.7,8.5,1,2.41,1
2020-12-08,29.6,-82.9,5.7,1,3.4,1
2020-12-08,30.05,-85.35,152.4,2,63.05,3
2020-12-08,30.1,-82.95,5.6,1,6.01,1
2020-12-08,30.15,-85.25,6.2,1,3.16,1
2020-12-08,30.35,-84.0,7.7,1,7.34,2
2020-12-08,30.65,-85.35,18.8,1,20.26,4
2020-12-08,30.65,-84.8,12.4,1,3.2,1
2020-12-08,30.8,-85.15,140.5,2,186.0,2
2020-12-08,30.9,-85.05,6.7,1,3.28,1
2020-12-09,26.25,-81.1,18.700000000000003,2,13.83,2
2020-12-09,26.3,-81.0,5.0,1,3.93,1
2020-12-09,26.55,-81.75,4.1,1,10.18,2
2020-12-09,26.7,-81.2,5.4,1,4.32,1
2020-12-09,26.7,-81.15,21.0,2,29.240000000000002,2
2020-12-09,26.75,-80.55,6.6,1,9.48,2
2020-12-09,27.0,-81.45,8.6,1,16.3,3
2020-12-09,27.05,-81.75,17.6,1,3.08,1
2020-12-09,27.3,-81.15,80.80000000000001,2,63.26,4
2020-12-09,27.65,-81.25,78.0,3,105.86000000000001,5
2020-12-09,27.9,-81.0,37.0,1,81.17,6
2020-12-09,28.05,-81.65,5.8,1,6.52,1
2020-12-09,28.25,-82.05,45.3,2,14.22,1
2020-12-09,28.7,-82.05,3.2,1,4.43,2
2020-12-09,28.9,-81.25,18.4,2,9.13,1
2020-12-09,29.45,-82.8,8.4,1,5.38,1
2020-12-09,29.5,-82.25,6.1,1,19.14,4
2020-12-09,29.5,-82.0,31.1,2,8.2,1
2020-12-09,29.55,-82.0,6.5,1,8.2,1
2020-12-09,29.7,-81.3,15.5,2,5.8,1
2020-12-09,29.8,-84.75,115.5,1,19.26,2
2020-12-09,29.9,-82.05,12.1,1,18.18,3
2020-12-09,29.9,-81.85,31.9,2,10.8,3
2020-12-09,30.0,-84.8,36.5,2,149.75,26
2020-12-09,30.0,-83.2,4.5,1,8.290000000000001,2
2020-12-09,30.05,-85.35,156.4,5,64.66,3
2020-12-09,30.05,-82.65,6.8,1,1.01,1
2020-12-09,30.1,-85.25,14.1,1,16.11,1
2020-12-09,30.25,-85.25,5.6,1,8.85,2
2020-12-09,30.3,-85.6,13.7,1,11.120000000000001,3
2020-12-09,30.3,-84.35,194.2,2,12.87,1
2020-12-09,30.3,-84.3,228.2,3,23.88,2
2020-12-09,30.3,-84.2,210.6,3,115.99000000000001,5
2020-12-09,30.35,-85.25,19.6,2,24.88,4
2020-12-09,30.35,-83.05,6.3,1,9.96,2
2020-12-09,30.4,-83.25,13.399999999999999,2,16.04,1
2020-12-09,30.45,-83.35,6.2,1,5.22,1
2020-12-09,30.5,-87.45,15.7,1,7.03,1
2020-12-09,30.5,-85.35,27.1,2,6.46,2
2020-12-09,30.5,-85.05,37.599999999999994,2,129.94,5
2020-12-09,30.55,-85.45,6.5,1,5.43,1
2020-12-09,30.55,-82.45,8.6,2,7.53,1
2020-12-09,30.6,-84.65,98.9,1,77.56,6
2020-12-09,30.65,-85.4,12.1,1,6.13,1
2020-12-09,30.65,-85.35,165.4,2,41.61,4
2020-12-09,30.65,-85.3,118.1,3,39.83,3
2020-12-09,30.7,-85.5,12.3,1,4.54,1
2020-12-09,30.75,-86.85,26.7,1,22.43,1
2020-12-09,30.75,-86.8,22.2,1,22.43,1
2020-12-09,30.75,-85.2,4.4,1,2.51,1
2020-12-09,30.8,-85.15,23.7,2,11.920000000000002,3
2020-12-09,30.9,-85.3,51.1,2,28.369999999999997,3
2020-12-10,29.6,-82.9,4.8,1,1.45,1
2020-12-10,30.05,-85.35,148.0,4,75.61,6
2020-12-10,30.1,-85.25,35.7,2,16.54,2
2020-12-10,30.15,-85.4,65.9,2,34.16,2
2020-12-10,30.2,-85.0,38.8,2,39.36,6
2020-12-10,30.25,-83.2,11.0,2,6.31,1
2020-12-10,30.35,-85.25,207.0,6,197.08,14
2020-12-10,30.55,-85.0,10.1,1,20.700000000000003,4
2020-12-10,30.8,-85.25,48.6,1,25.2,2
2020-12-10,30.9,-85.3,57.5,2,4.41,1
2020-12-10,30.95,-85.65,101.30000000000001,2,86.63,7
2020-12-11,26.85,-81.8,106.69999999999999,4,14.82,3
2020-12-11,27.05,-81.85,8.1,1,14.57,2
2020-12-11,27.65,-81.25,11.7,1,10.07,2
2020-12-11,28.35,-82.45,43.1,1,47.84,4
2020-12-11,28.35,-82.1,11.1,1,2.46,1
2020-12-11,30.1,-84.55,41.6,2,144.56,20
2020-12-11,30.25,-85.15,12.1,2,22.580000000000002,3
2020-12-11,30.45,-82.75,5.5,1,13.62,4
2020-12-11,30.5,-86.0,116.4,3,183.37,6
2020-12-11,30.5,-85.95,26.4,1,74.22999999999999,3
2020-12-11,30.55,-85.35,13.0,1,5.5,1
2020-12-11,30.6,-86.75,30.3,1,4.89,1
2020-12-11,30.8,-85.3,216.70000000000002,5,33.38,2
2020-12-11,30.85,-85.3,75.8,2,50.019999999999996,3
2020-12-12,30.65,-85.35,14.8,1,29.96,2
2020-12-12,30.65,-85.3,70.9,3,16.56,1
2020-12-14,26.3,-81.0,11.1,1,15.66,3
2020-12-14,26.7,-80.55,13.9,1,3.99,1
2020-12-14,30.05,-85.35,8.0,2,7.03,1
2020-12-14,30.4,-85.1,93.80000000000001,3,46.589999999999996,3
2020-12-14,30.6,-84.85,6.4,1,6.7,1
2020-12-15,27.3,-81.15,24.6,1,18.12,1
2020-12-15,30.05,-85.5,33.8,1,73.03,9
2020-12-15,30.05,-85.35,40.0,2,45.230000000000004,3
2020-12-15,30.3,-85.6,17.5,2,6.49,1
2020-12-15,30.4,-85.1,18.6,1,5.34,2
2020-12-15,30.65,-84.95,8.3,2,2.38,1
2020-12-15,30.7,-85.3,10.1,1,9.57,3
2020-12-15,30.75,-85.05,7.6,1,3.45,1
2020-12-18,26.3,-81.0,6.8,1,7.4,1
2020-12-18,26.6,-81.25,32.1,2,31.85,3
2020-12-18,26.6,-81.2,7.1,1,26.57,3
2020-12-18,27.0,-81.7,7.7,1,5.63,1
2020-12-18,27.05,-81.85,7.8,1,5.38,2
2020-12-18,27.15,-81.5,18.1,2,11.6,2
2020-12-18,27.3,-81.15,15.0,2,12.3,1
2020-12-18,27.35,-80.6,5.2,1,2.37,1
2020-12-18,27.6,-81.25,22.8,2,17.24,2
2020-12-18,27.65,-81.3,18.7,1,16.42,4
2020-12-18,27.65,-81.25,70.7,2,39.86,7
2020-12-18,27.75,-81.85,9.3,1,8.469999999999999,2
2020-12-18,28.0,-80.6,4.1,1,10.190000000000001,2
2020-12-18,28.25,-82.6,17.4,1,63.34,3
2020-12-18,28.45,-81.7,5.5,1,1.81,1
2020-12-18,28.6,-81.9,4.2,1,13.629999999999999,3
2020-12-18,28.7,-82.05,50.2,2,85.85,7
2020-12-18,29.6,-82.65,12.0,1,11.45,1
2020-12-18,30.0,-85.35,45.5,2,13.169999999999998,3
2020-12-18,30.3,-85.6,9.0,1,10.55,2
2020-12-18,30.4,-83.0,5.7,1,4.63,1
2020-12-18,30.45,-82.75,15.3,2,13.0,2
2020-12-18,30.5,-86.9,60.5,3,134.36,7
2020-12-19,28.15,-81.6,3.6,1,1.97,2
2020-12-19,28.7,-82.3,5.6,1,6.14,1
2020-12-21,27.3,-81.15,35.7,3,41.33,6
2020-12-21,27.5,-82.05,24.0,2,17.64,2
2020-12-21,30.05,-85.35,47.3,2,39.05,4
2020-12-21,30.4,-83.95,11.4,1,13.11,2
2020-12-22,27.3,-81.55,173.0,2,76.56,3
2020-12-22,27.65,-82.3,13.8,1,10.74,1
2020-12-22,29.6,-82.9,21.6,1,13.8,3
2020-12-22,29.7,-82.95,17.8,1,3.07,1
2020-12-22,30.0,-85.35,12.8,1,18.849999999999998,3
2020-12-22,30.05,-85.35,86.6,4,23.5,3
2020-12-22,30.25,-85.25,17.7,2,3.67,1
2020-12-22,30.4,-83.95,157.6,4,105.84,1
2020-12-22,30.7,-86.55,33.599999999999994,2,6.32,2
2020-12-23,26.75,-81.55,12.9,1,18.240000000000002,2
2020-12-23,27.35,-81.65,11.8,1,17.6,3
2020-12-23,28.45,-82.2,17.6,2,8.86,2
2020-12-23,28.6,-82.3,351.6,4,358.58,7
2020-12-23,28.9,-82.2,10.4,1,8.3,2
2020-12-23,29.35,-82.5,6.4,1,5.26,1
2020-12-23,30.0,-85.35,8.1,1,7.62,1
2020-12-23,30.15,-83.85,11.6,2,5.37,1
2020-12-23,30.25,-83.2,6.0,1,12.58,2
2020-12-23,30.4,-83.95,8.2,1,12.36,4
2020-12-23,30.55,-83.2,10.2,1,9.16,3
2020-12-23,30.85,-86.35,6.6,1,12.22,3
2020-12-27,26.45,-80.8,9.8,1,4.58,1
2020-12-27,27.65,-80.85,7.4,1,5.07,1
2020-12-27,30.1,-83.2,26.0,3,23.64,3
2020-12-28,26.65,-81.35,7.5,1,6.84,1
2020-12-28,26.75,-81.2,5.3,1,5.83,1
2020-12-28,27.05,-81.85,12.1,1,6.63,1
2020-12-28,30.0,-85.35,82.30000000000001,4,27.44,2
2020-12-28,30.05,-85.35,21.9,2,14.44,2
2020-12-28,30.2,-85.55,40.1,3,224.04,13
2020-12-28,30.2,-84.1,12.2,1,3.96,1
2020-12-28,30.25,-85.55,7.9,1,7.82,1
2020-12-28,30.4,-85.1,18.1,1,15.39,3
2020-12-29,27.05,-81.85,45.0,1,37.01,3
2020-12-29,27.45,-80.5,7.7,1,9.45,3
2020-12-29,28.55,-82.3,141.3,2,56.879999999999995,2
2020-12-29,29.8,-82.45,13.7,1,27.74,4
2020-12-29,30.0,-85.35,42.4,2,22.54,4
2020-12-29,30.0,-85.15,62.2,3,53.339999999999996,5
2020-12-29,30.05,-85.35,46.599999999999994,3,31.43,3
2020-12-29,30.05,-83.6,46.2,2,12.68,4
2020-12-29,30.1,-85.25,26.5,2,36.0,2
2020-12-29,30.15,-84.4,17.5,1,3.74,2
2020-12-29,30.2,-84.1,67.2,4,20.32,4
2020-12-29,30.2,-81.95,7.0,1,9.86,1
2020-12-29,30.25,-85.55,18.2,1,7.49,2
2020-12-29,30.25,-83.9,85.4,4,69.77,8
2020-12-29,30.3,-84.2,362.1,5,187.02,6
2020-12-29,30.3,-82.75,8.8,1,13.280000000000001,3
2020-12-29,30.35,-85.25,32.4,2,19.36,4
2020-12-29,30.4,-85.1,23.0,1,9.35,2
2020-12-29,30.4,-84.0,8.5,1,7.8,2
2020-12-29,30.4,-81.8,6.6,1,9.96,2
2020-12-29,30.45,-85.1,51.2,2,32.519999999999996,2
2020-12-29,30.65,-84.65,66.5,3,23.939999999999998,2
2020-12-29,30.7,-86.55,28.8,2,22.689999999999998,2
2020-12-29,30.7,-85.6,42.0,3,15.2,2
2020-12-29,30.75,-85.95,52.1,2,40.46,3
2020-12-30,29.5,-82.25,18.0,1,2.57,1
2020-12-30,30.6,-85.0,111.30000000000001,3,174.52,8
2020-12-30,30.7,-85.3,14.2,1,21.73,3
2021-01-04,26.7,-80.9,6.0,1,2.02,1
2021-01-04,27.0,-82.2,5.1,1,2.9,1
2021-01-04,27.1,-80.25,6.8,1,69.32,6
2021-01-04,27.5,-80.6,41.3,2,3.66,1
2021-01-04,27.55,-80.65,8.0,1,7.4,1
2021-01-04,27.55,-80.6,4.9,1,4.15,1
2021-01-04,27.65,-80.5,4.5,1,6.8100000000000005,2
2021-01-04,27.7,-82.05,28.6,2,4.1,1
2021-01-04,27.7,-80.5,3.9,1,5.2,1
2021-01-04,28.15,-81.6,3.9,1,1.95,1
2021-01-04,28.3,-82.3,4.0,1,3.41,1
2021-01-04,28.6,-82.0,5.9,1,5.0,1
2021-01-04,28.7,-82.05,30.299999999999997,3,19.96,4
2021-01-04,29.55,-82.0,7.8,1,6.93,1
2021-01-04,30.1,-83.3,6.8,1,4.47,1
2021-01-05,26.3,-81.0,24.9,2,24.54,4
2021-01-05,26.65,-81.35,10.9,1,24.17,4
2021-01-05,26.75,-81.2,37.0,2,20.11,2
2021-01-05,26.85,-81.95,72.4,3,72.81,9
2021-01-05,27.0,-80.35,20.5,1,12.29,1
2021-01-05,27.1,-80.35,5.0,1,6.1,1
2021-01-05,27.25,-81.8,7.9,1,24.63,4
2021-01-05,27.25,-80.8,10.0,1,15.350000000000001,2
2021-01-05,27.45,-82.2,78.80000000000001,2,76.61999999999999,7
2021-01-05,27.6,-81.9,26.8,2,11.66,2
2021-01-05,27.65,-82.3,174.9,4,15.690000000000001,2
2021-01-05,27.7,-81.35,184.0,2,141.78,7
2021-01-05,28.05,-81.25,8.6,1,14.0,2
2021-01-05,28.3,-82.5,11.6,1,12.22,2
2021-01-05,28.4,-80.7,253.8,1,31.830000000000002,5
2021-01-05,28.45,-81.7,7.3,1,12.57,2
2021-01-05,28.8,-81.6,6.6,1,3.11,1
2021-01-05,28.85,-81.05,110.0,3,109.91,6
2021-01-05,29.05,-81.15,33.3,2,15.62,2
2021-01-05,29.6,-82.9,28.5,3,5.53,1
2021-01-05,29.7,-85.3,12.6,1,6.9,1
2021-01-05,29.95,-81.4,6.8,1,7.57,1
2021-01-05,30.0,-85.35,19.7,1,26.0,1
2021-01-05,30.35,-84.0,24.1,1,10.01,1
2021-01-05,30.55,-81.8,5.4,1,4.2,1
2021-01-05,30.65,-87.3,65.3,2,57.72,3
2021-01-05,30.8,-87.25,62.4,4,29.29,4
2021-01-05,30.9,-86.9,42.3,1,21.08,5
2021-01-06,27.0,-80.35,5.2,1,46.86,3
2021-01-06,27.05,-81.85,23.0,2,5.89,1
2021-01-06,27.55,-80.65,12.2,2,1.38,1
2021-01-06,27.55,-80.6,28.0,1,12.66,2
2021-01-06,27.75,-80.55,7.6,1,45.739999999999995,3
2021-01-06,27.8,-81.75,5.7,1,7.42,2
2021-01-06,28.45,-81.7,7.8,1,5.47,1
2021-01-06,28.55,-81.15,8.4,1,3.24,1
2021-01-06,28.75,-82.45,12.5,1,21.26,3
2021-01-06,28.8,-81.2,71.4,3,61.5,5
2021-01-06,28.9,-81.25,10.5,1,5.26,2
2021-01-06,28.95,-81.15,14.1,1,13.32,2
2021-01-06,29.25,-82.2,43.099999999999994,3,8.57,1
2021-01-06,29.95,-83.7,107.69999999999999,2,11.19,2
2021-01-06,30.0,-85.35,56.699999999999996,2,11.56,2
2021-01-06,30.0,-82.0,28.2,2,12.56,1
2021-01-08,27.6,-81.3,394.3,2,116.06,7
2021-01-08,27.6,-81.25,61.1,1,110.77,5
2021-01-09,27.55,-80.6,14.6,1,4.56,1
2021-01-09,27.8,-80.6,19.8,1,35.120000000000005,4
2021-01-09,28.55,-80.65,136.2,2,243.41,20
2021-01-09,28.7,-82.05,26.8,1,14.96,3
2021-01-11,26.3,-81.0,36.2,1,3.78,1
2021-01-11,26.55,-80.65,36.6,1,3.22,1
2021-01-11,28.7,-82.05,29.6,2,10.280000000000001,2
2021-01-13,30.6,-87.2,7.5,1,6.16,2
2021-01-14,27.6,-81.25,74.0,2,25.42,6
2021-01-14,27.6,-81.1,151.3,4,55.26,11
2021-01-14,27.95,-81.15,18.9,2,17.71,2
2021-01-14,28.0,-80.9,29.9,2,67.22,6
2021-01-14,28.05,-81.1,213.4,5,14.56,2
2021-01-14,29.15,-81.35,11.7,1,22.59,5
2021-01-14,29.65,-81.3,58.2,2,8.88,1
2021-01-14,30.35,-81.9,21.2,1,24.91,2
2021-01-14,30.4,-85.5,14.3,1,15.33,1
2021-01-14,30.4,-85.1,16.3,1,10.48,1
2021-01-14,30.5,-83.65,19.2,1,19.38,2
2021-01-14,30.6,-87.2,6.3,1,3.68,1
2021-01-14,30.65,-86.9,189.8,3,6.86,2
2021-01-14,30.75,-86.8,28.0,2,3.77,1
2021-01-14,30.85,-85.3,32.3,2,25.35,3
2021-01-15,26.8,-81.95,192.70000000000002,2,244.89999999999998,7
2021-01-15,27.6,-81.25,90.8,4,186.52,5
2021-01-15,30.65,-84.95,16.9,2,13.5,3
2021-01-15,30.85,-86.9,20.0,2,169.64,10
2021-01-16,30.65,-84.95,7.4,1,5.6,3
2021-01-17,28.15,-81.45,10.8,1,1.79,1
2021-01-17,30.85,-85.7,20.5,2,21.189999999999998,2
2021-01-18,28.65,-82.25,20.4,2,6.83,2
2021-01-18,28.65,-81.15,5.5,1,8.92,2
2021-01-18,28.7,-82.05,27.1,1,51.56,4
2021-01-18,29.55,-82.6,14.8,1,4.89,1
2021-01-18,29.7,-83.0,8.6,1,10.2,1
2021-01-18,29.75,-83.1,16.7,1,12.75,2
2021-01-18,29.8,-82.35,4.3,1,89.0,3
2021-01-18,30.1,-84.35,38.6,2,6.78,1
2021-01-18,30.4,-85.05,11.7,1,4.5,1
2021-01-18,30.45,-85.65,64.4,1,116.78,9
2021-01-18,30.45,-83.35,233.60000000000002,2,12.67,1
2021-01-18,30.6,-86.55,58.5,1,21.369999999999997,4
2021-01-18,30.6,-85.15,39.8,1,22.56,3
2021-01-18,30.65,-86.5,207.7,2,420.63,25
2021-01-18,30.9,-86.2,115.0,2,12.14,2
2021-01-18,30.9,-85.05,5.8,1,5.59,1
2021-01-19,26.3,-81.5,4.7,1,5.76,2
2021-01-19,26.3,-81.0,42.2,2,64.78,3
2021-01-19,26.55,-81.2,4.8,1,3.61,1
2021-01-19,27.1,-81.05,7.7,1,8.99,2
2021-01-19,27.45,-82.4,6.4,1,2.38,1
2021-01-19,27.5,-80.85,6.1,1,5.75,1
2021-01-19,27.7,-81.3,14.3,1,47.53,6
2021-01-19,28.05,-80.75,5.9,1,33.43,1
2021-01-19,29.7,-83.0,16.1,2,12.18,2
2021-01-19,29.75,-83.1,17.0,2,17.759999999999998,4
2021-01-19,30.0,-85.35,37.5,2,24.44,3
2021-01-19,30.1,-82.6,6.5,1,7.19,1
2021-01-19,30.25,-83.9,35.6,3,57.72,8
2021-01-19,30.25,-83.2,15.6,2,8.9,2
2021-01-19,30.35,-85.0,37.5,3,44.9,2
2021-01-19,30.35,-83.0,58.0,2,2.56,1
2021-01-19,30.4,-85.1,56.7,2,42.37,3
2021-01-19,30.55,-84.7,5.5,1,5.94,1
2021-01-19,30.6,-85.25,22.299999999999997,2,13.06,2
2021-01-19,30.65,-85.35,92.0,3,81.19,4
2021-01-19,30.65,-85.3,12.1,2,13.36,2
2021-01-19,30.75,-85.35,99.19999999999999,2,140.48,2
2021-01-19,30.75,-85.0,8.9,1,9.93,1
2021-01-19,30.85,-85.15,31.1,2,44.160000000000004,2
2021-01-19,30.9,-86.2,476.5,6,389.82,10
2021-01-19,30.9,-85.35,48.4,3,14.57,4
2021-01-19,30.95,-85.7,45.0,1,74.77,5
2021-01-20,26.25,-80.8,4.8,1,10.629999999999999,3
2021-01-20,26.3,-81.45,7.0,1,0.72,1
2021-01-20,26.3,-80.95,8.2,1,37.55,3
2021-01-20,27.0,-82.3,20.0,2,16.98,3
2021-01-20,27.0,-80.6,40.8,1,6.64,2
2021-01-20,27.05,-80.4,28.8,2,250.68,4
2021-01-20,27.15,-82.1,14.6,1,11.35,1
2021-01-20,27.15,-81.75,12.0,1,65.45,8
2021-01-20,27.2,-80.6,33.5,2,148.51999999999998,4
2021-01-20,27.35,-80.6,14.2,1,19.1,2
2021-01-20,27.45,-80.55,34.199999999999996,2,17.22,3
2021-01-20,27.7,-80.5,9.2,2,2.72,1
2021-01-20,27.85,-81.2,65.2,2,17.21,4
2021-01-20,27.85,-81.15,67.4,2,17.14,3
2021-01-20,27.95,-81.65,5.8,1,4.89,1
2021-01-20,28.15,-81.6,10.5,2,3.86,1
2021-01-20,28.35,-82.6,13.4,1,8.12,2
2021-01-20,29.1,-82.15,3.3,1,4.1,1
2021-01-20,29.15,-82.3,7.199999999999999,2,8.95,1
2021-01-20,29.3,-82.5,3.2,1,2.84,1
2021-01-20,29.45,-82.45,20.5,1,4.43,1
2021-01-20,29.5,-81.75,24.7,1,4.12,1
2021-01-20,29.6,-82.6,8.1,1,4.5,1
2021-01-20,29.7,-83.0,11.8,2,12.120000000000001,3
2021-01-20,29.7,-82.3,100.0,3,25.72,1
2021-01-20,29.7,-81.7,9.4,2,2.38,1
2021-01-20,29.85,-82.45,10.7,2,3.63,1
2021-01-20,29.9,-82.05,8.7,2,18.78,4
2021-01-20,29.95,-81.4,4.8,1,8.4,2
2021-01-20,30.0,-85.35,26.5,3,12.14,2
2021-01-20,30.05,-84.75,28.9,1,125.3,19
2021-01-20,30.05,-81.5,4.3,1,3.91,1
2021-01-20,30.1,-82.9,3.3,1,4.5,1
2021-01-20,30.1,-81.95,10.9,1,2.97,1
2021-01-20,30.15,-81.85,3.6,1,3.91,1
2021-01-20,30.25,-83.2,5.6,1,8.16,1
2021-01-20,30.4,-85.55,14.0,1,16.41,1
2021-01-20,30.4,-83.7,52.0,2,3.29,1
2021-01-20,30.55,-85.1,13.3,1,16.689999999999998,2
2021-01-20,30.6,-87.2,9.4,1,6.45,1
2021-01-20,30.6,-85.25,5.7,1,34.15,3
2021-01-20,30.65,-85.25,31.2,2,29.549999999999997,3
2021-01-20,30.65,-84.8,20.3,1,15.45,3
2021-01-20,30.85,-87.0,10.1,1,32.74,4
2021-01-20,30.85,-85.3,76.7,2,36.6,2
2021-01-20,30.85,-85.15,45.0,2,29.15,1
2021-01-20,30.9,-86.15,120.89999999999999,4,12.8,2
2021-01-21,26.3,-81.0,33.9,1,22.53,2
2021-01-21,26.3,-80.95,8.6,1,6.63,2
2021-01-21,27.15,-81.25,34.5,3,53.85,7
2021-01-21,27.2,-80.6,38.4,1,14.96,1
2021-01-21,27.25,-81.0,36.9,1,29.450000000000003,3
2021-01-21,27.5,-81.2,10.0,1,21.64,2
2021-01-21,27.55,-81.4,8.1,1,36.8,4
2021-01-21,27.65,-82.3,16.5,1,56.989999999999995,3
2021-01-21,27.65,-80.6,22.8,3,25.32,4
2021-01-21,27.7,-81.8,24.2,1,7.359999999999999,2
2021-01-21,27.75,-82.25,44.4,1,17.09,3
2021-01-21,27.9,-81.05,430.7,6,29.72,3
2021-01-21,27.9,-80.85,85.8,2,38.08,3
2021-01-21,27.9,-80.8,88.19999999999999,2,29.58,2
2021-01-21,28.1,-81.25,142.5,4,97.16,3
2021-01-21,28.15,-81.6,6.3,1,6.64,1
2021-01-21,28.7,-82.3,242.3,4,80.37,3
2021-01-21,28.7,-82.05,16.8,1,14.87,1
2021-01-21,28.75,-82.45,154.2,5,180.82,13
2021-01-21,28.8,-81.4,59.2,3,96.72,6
2021-01-21,29.0,-82.4,11.9,1,15.9,4
2021-01-21,29.25,-82.55,8.8,1,9.059999999999999,2
2021-01-21,29.35,-82.95,18.3,1,7.57,2
2021-01-21,29.4,-82.9,6.6,1,11.55,2
2021-01-21,29.5,-81.75,110.2,3,55.010000000000005,4
2021-01-21,29.5,-81.65,32.2,2,10.34,2
2021-01-21,29.55,-81.8,352.8,6,59.35,5
2021-01-21,29.65,-81.3,24.8,2,22.56,2
2021-01-21,29.7,-81.85,5.3,1,8.28,2
2021-01-21,29.85,-81.9,22.4,2,5.78,2
2021-01-21,29.95,-82.05,38.0,2,16.02,2
2021-01-21,29.95,-81.65,4.9,1,4.36,1
2021-01-21,30.05,-81.8,5.0,1,3.79,1
2021-01-22,26.15,-81.5,26.3,1,6.88,2
2021-01-22,26.3,-81.0,19.6,1,6.27,1
2021-01-22,26.3,-80.95,27.2,1,17.04,2
2021-01-22,26.85,-82.0,21.3,2,123.88,12
2021-01-22,27.05,-81.9,10.6,1,22.970000000000002,3
2021-01-22,27.1,-81.7,48.3,2,12.350000000000001,2
2021-01-22,27.25,-80.45,14.0,1,3.65,1
2021-01-22,27.4,-81.65,18.3,1,57.32,6
2021-01-22,27.45,-80.8,10.2,2,1.14,1
2021-01-22,27.55,-82.35,19.1,1,1.25,1
2021-01-22,27.6,-81.25,64.0,3,319.16,10
2021-01-22,27.65,-80.6,59.900000000000006,3,15.63,2
2021-01-22,28.05,-81.1,7.4,1,5.87,1
2021-01-22,28.45,-81.15,31.3,2,72.66,4
2021-01-22,28.55,-81.1,63.9,1,6.52,2
2021-01-22,28.6,-81.1,72.7,2,54.08,4
2021-01-22,28.7,-82.05,22.1,1,2.17,1
2021-01-23,26.95,-80.5,74.6,2,6.74,1
2021-01-24,26.5,-80.85,18.2,1,99.26,2
2021-01-25,29.05,-82.55,21.7,1,2.31,1
2021-01-25,29.8,-82.85,14.6,1,4.57,1
2021-01-26,26.8,-82.0,5.1,1,94.55,5
2021-01-26,26.85,-81.75,9.6,1,28.08,2
2021-01-26,26.9,-80.25,28.2,1,2.69,1
2021-01-26,27.05,-81.35,4.7,1,8.03,1
2021-01-26,27.1,-81.55,19.0,2,80.76,3
2021-01-26,27.15,-80.95,3.6,1,4.64,1
2021-01-26,27.15,-80.9,13.8,1,75.16,4
2021-01-26,27.35,-80.55,69.1,2,21.92,5
2021-01-26,27.55,-80.95,35.1,1,94.82,6
2021-01-26,27.55,-80.65,21.7,2,42.760000000000005,3
2021-01-26,27.85,-80.75,7.3,1,3.22,1
2021-01-26,28.7,-82.05,9.8,1,1.16,1
2021-01-27,26.7,-81.2,8.7,1,7.95,1
2021-01-27,27.25,-80.45,15.7,1,2.73,1
2021-01-27,27.3,-80.3,14.2,1,87.82,5
2021-01-27,27.55,-80.65,44.6,2,40.269999999999996,5
2021-01-27,27.7,-81.0,19.5,2,36.44,4
2021-01-28,26.45,-80.6,54.4,2,78.02,5
2021-01-28,26.5,-80.6,7.9,1,20.43,5
2021-01-28,26.8,-80.65,8.6,1,12.09,1
2021-01-28,27.55,-82.1,14.0,1,11.77,2
2021-01-28,27.65,-81.3,348.1,6,283.96000000000004,26
2021-01-28,30.0,-82.3,6.3,1,10.84,2
2021-01-28,30.8,-86.95,60.2,2,4.88,1
2021-01-28,30.85,-86.95,142.6,4,43.790000000000006,4
2021-01-29,26.0,-81.75,29.0,1,18.52,2
2021-01-29,26.25,-81.4,6.1,1,5.82,1
2021-01-29,26.55,-81.3,41.8,3,24.08,3
2021-01-29,26.8,-81.6,10.3,1,8.94,2
2021-01-29,26.85,-81.6,4.2,1,26.9,2
2021-01-29,26.95,-82.3,8.2,2,11.530000000000001,2
2021-01-29,27.55,-82.1,6.9,1,9.94,2
2021-01-29,27.55,-81.8,3.7,1,3.1,1
2021-01-29,27.55,-80.65,77.69999999999999,3,10.05,1
2021-01-29,28.2,-82.6,46.2,1,21.78,3
2021-01-29,28.2,-82.0,10.8,1,7.8,1
2021-01-29,28.2,-81.95,2.9,1,7.8,1
2021-01-29,28.9,-81.15,5.5,1,10.2,2
2021-01-29,29.6,-82.65,5.2,1,2.3,1
2021-01-29,29.7,-83.0,16.3,1,18.82,4
2021-01-29,29.85,-82.85,12.7,1,10.05,1
2021-01-29,30.0,-85.4,54.7,3,26.04,3
2021-01-29,30.0,-85.35,71.0,2,18.75,2
2021-01-29,30.25,-84.55,983.4,8,152.84,25
2021-01-29,30.3,-85.6,9.1,1,9.16,2
2021-01-29,30.3,-85.15,24.0,1,8.64,2
2021-01-29,30.4,-85.55,7.8,1,8.16,1
2021-01-29,30.8,-86.4,7.1,1,5.5,2
2021-01-30,26.65,-80.8,66.9,1,20.61,1
2021-01-30,27.05,-81.35,14.4,2,45.92,2
2021-01-30,28.35,-82.1,72.4,2,55.67,8
2021-01-30,28.45,-82.1,11.3,1,4.92,1
2021-01-30,29.3,-81.35,12.7,1,5.53,1
2021-02-01,26.45,-80.8,116.9,1,4.16,1
2021-02-02,26.45,-80.8,5.8,1,1.43,1
2021-02-02,28.15,-82.3,7.3,1,6.76,1
2021-02-02,28.95,-82.0,3.9,1,7.34,2
2021-02-02,29.25,-82.1,5.0,1,21.43,2
2021-02-02,29.3,-82.9,11.1,1,4.77,1
2021-02-02,29.4,-83.05,20.6,2,86.94,8
2021-02-02,29.7,-83.0,14.899999999999999,2,4.05,1
2021-02-02,30.05,-83.6,6.8,1,19.91,3
2021-02-02,30.2,-81.5,110.4,2,11.92,1
2021-02-02,30.55,-86.85,6.9,1,30.32,6
2021-02-02,30.7,-86.9,194.7,5,17.240000000000002,3
2021-02-02,30.75,-86.9,57.900000000000006,3,63.120000000000005,7
2021-02-03,26.8,-81.75,5.7,1,5.35,1
2021-02-03,26.9,-81.9,8.2,1,28.95,5
2021-02-03,27.05,-81.5,36.7,2,13.38,2
2021-02-03,27.5,-82.2,220.60000000000002,3,74.02,6
2021-02-03,27.55,-82.1,31.299999999999997,2,10.59,1
2021-02-03,27.95,-81.05,57.6,1,52.82,6
2021-02-03,27.95,-81.0,34.4,1,17.06,2
2021-02-03,28.05,-81.0,392.5,4,4.3,1
2021-02-03,28.05,-80.9,6.9,1,10.8,4
2021-02-03,28.15,-82.3,12.4,1,14.97,1
2021-02-03,28.35,-81.7,7.2,1,6.85,1
2021-02-03,28.45,-82.0,42.5,2,46.980000000000004,7
2021-02-03,28.5,-82.0,11.8,1,24.07,2
2021-02-03,28.7,-82.05,78.4,2,49.2,2
2021-02-03,29.0,-82.3,48.1,2,3.0,1
2021-02-03,29.0,-81.15,32.3,1,4.15,1
2021-02-03,29.15,-82.6,465.2,3,6.33,1
2021-02-03,29.6,-82.6,6.6,1,7.53,2
2021-02-03,29.7,-83.0,14.8,1,9.43,1
2021-02-03,29.7,-82.55,14.9,1,5.91,2
2021-02-03,29.9,-81.7,15.9,1,23.89,2
2021-02-03,29.9,-81.65,95.2,1,44.56,6
2021-02-03,30.0,-85.4,17.6,1,20.58,2
2021-02-03,30.1,-85.0,566.3,2,17.83,4
2021-02-03,30.1,-84.95,871.1,4,532.85,35
2021-02-03,30.2,-81.45,49.6,2,46.34,3
2021-02-03,30.25,-83.2,11.100000000000001,2,33.25,3
2021-02-03,30.3,-85.45,164.2,3,62.28999999999999,3
2021-02-03,30.45,-81.5,8.0,1,8.48,1
2021-02-03,30.5,-87.45,14.4,1,19.35,3
2021-02-03,30.5,-86.9,969.0,4,309.42,9
2021-02-03,30.5,-85.5,6.5,1,20.15,2
2021-02-03,30.6,-86.9,51.5,2,22.64,5
2021-02-03,30.65,-81.75,9.1,1,4.01,1
2021-02-03,30.75,-87.15,22.6,1,19.19,3
2021-02-03,30.85,-86.95,185.3,3,7.14,2
2021-02-03,30.9,-86.95,229.0,2,37.120000000000005,4
2021-02-03,30.9,-86.15,32.5,1,5.54,1
2021-02-04,26.55,-80.7,7.8,1,4.95,1
2021-02-04,26.8,-81.75,7.6,1,10.24,1
2021-02-04,27.2,-80.45,5.9,1,6.0,1
2021-02-04,27.35,-81.9,7.0,1,9.57,2
2021-02-04,27.45,-82.15,79.3,3,16.26,1
2021-02-04,27.55,-82.1,17.0,2,32.92,7
2021-02-04,27.55,-80.65,20.3,2,15.34,1
2021-02-04,27.65,-81.85,14.6,2,40.26,1
2021-02-04,27.95,-81.05,47.9,2,33.6,2
2021-02-04,27.95,-81.0,19.8,2,31.86,2
2021-02-04,28.0,-81.3,38.0,2,53.94,2
2021-02-04,28.05,-80.9,5.3,1,8.870000000000001,2
2021-02-04,28.15,-82.3,26.1,2,2.96,1
2021-02-04,28.25,-81.8,13.2,1,6.0,1
2021-02-04,28.5,-81.95,31.4,3,8.66,2
2021-02-04,28.7,-82.05,8.9,1,7.359999999999999,3
2021-02-04,28.9,-81.7,4.9,1,4.43,1
2021-02-04,29.15,-82.6,13.2,1,2.89,1
2021-02-04,29.25,-82.35,10.3,1,3.01,1
2021-02-04,29.95,-82.0,55.5,2,13.98,1
2021-02-04,29.95,-81.95,5.4,1,3.2,1
2021-02-04,30.0,-85.4,22.5,1,4.11,1
2021-02-04,30.15,-84.55,110.1,3,177.36,8
2021-02-04,30.15,-84.5,45.0,2,118.77,4
2021-02-04,30.35,-85.05,7.6,1,8.08,2
2021-02-04,30.35,-82.65,161.5,3,87.28,7
2021-02-04,30.35,-82.6,228.5,3,162.26,11
2021-02-04,30.35,-82.2,9.1,1,4.37,1
2021-02-04,30.4,-81.95,70.30000000000001,2,116.30999999999999,3
2021-02-04,30.45,-82.75,17.5,1,13.91,2
2021-02-04,30.5,-86.1,150.1,4,60.72,7
2021-02-04,30.55,-85.85,78.4,2,65.07,7
2021-02-04,30.55,-84.5,6.6,1,9.3,3
2021-02-04,30.55,-83.8,7.1,1,3.33,1
2021-02-04,30.55,-81.75,14.8,2,10.28,2
2021-02-04,30.7,-85.1,62.5,3,22.41,4
2021-02-04,30.8,-85.15,18.2,1,18.22,2
2021-02-05,26.15,-81.4,5.2,1,19.380000000000003,3
2021-02-05,26.4,-81.7,3.8,1,7.09,1
2021-02-05,26.55,-80.9,10.8,1,2.2,1
2021-02-05,26.65,-81.6,18.0,2,4.35,1
2021-02-05,26.7,-81.2,102.1,3,53.790000000000006,4
2021-02-05,26.8,-80.55,35.7,2,1.18,1
2021-02-05,26.9,-80.3,6.1,1,5.04,1
2021-02-05,27.05,-81.35,5.2,1,19.1,4
2021-02-05,27.1,-82.25,3.8,1,92.38999999999999,6
2021-02-05,27.2,-80.6,17.0,1,5.64,2
2021-02-05,27.45,-82.4,5.9,1,10.21,2
2021-02-05,27.55,-82.45,4.2,1,4.41,1
2021-02-05,27.55,-82.1,15.0,2,16.85,3
2021-02-05,27.7,-81.45,5.1,1,7.95,1
2021-02-05,28.55,-81.05,67.4,2,39.69,5
2021-02-08,30.4,-85.5,26.5,3,18.71,2
2021-02-09,26.7,-80.6,17.7,1,13.05,1
2021-02-09,27.2,-80.55,30.1,2,24.099999999999998,3
2021-02-09,27.3,-81.15,13.5,1,10.7,2
2021-02-09,27.7,-82.1,26.7,1,57.08,1
2021-02-09,27.7,-81.0,172.70000000000002,3,117.32,4
2021-02-09,27.95,-81.2,87.0,1,102.77,6
2021-02-09,28.7,-82.05,44.7,3,12.26,2
2021-02-10,27.25,-82.1,4.9,1,12.68,2
2021-02-10,27.45,-82.4,11.3,1,9.43,1
2021-02-10,27.55,-82.1,10.6,1,18.53,1
2021-02-10,27.7,-81.0,114.3,1,71.47,5
2021-02-10,27.7,-80.9,9.1,1,7.41,1
2021-02-10,28.05,-81.15,160.8,1,141.06,12
2021-02-10,28.3,-81.0,209.29999999999998,2,7.32,1
2021-02-10,28.35,-81.65,7.9,1,3.76,1
2021-02-11,25.2,-80.85,26.0,1,20.23,4
2021-02-11,27.3,-80.85,87.1,2,14.41,1
2021-02-11,27.35,-81.15,9.0,1,1.3599999999999999,2
2021-02-11,27.45,-81.0,7.6,1,3.84,1
2021-02-11,27.55,-81.2,53.3,1,10.14,1
2021-02-11,27.6,-81.15,14.4,1,70.11,6
2021-02-11,27.7,-80.9,15.6,1,19.16,2
2021-02-11,27.85,-80.95,8.6,1,3.63,1
2021-02-11,27.9,-81.05,132.5,2,22.96,3
2021-02-11,30.05,-85.35,52.3,3,72.31,7
2021-02-11,30.25,-85.25,7.6,1,4.46,1
2021-02-11,30.4,-85.5,19.6,2,5.66,1
2021-02-12,27.45,-82.4,5.2,1,15.85,3
2021-02-14,27.15,-81.4,39.2,1,59.96,4
2021-02-15,26.45,-81.3,15.2,1,8.89,2
2021-02-15,26.75,-81.3,49.0,3,17.16,2
2021-02-15,27.15,-80.95,12.5,1,39.8,2
2021-02-15,27.55,-81.25,47.8,1,345.84000000000003,8
2021-02-16,27.55,-82.1,11.3,1,4.67,1
2021-02-16,29.0,-81.3,6.8,1,5.28,2
2021-02-18,25.95,-81.5,8.4,1,36.65,4
2021-02-18,27.55,-82.1,8.8,1,5.21,1
2021-02-18,27.75,-80.8,45.5,1,5.19,1
2021-02-20,26.05,-81.75,13.3,1,14.36,2
2021-02-20,26.55,-80.45,8.2,1,25.490000000000002,3
2021-02-20,26.75,-81.1,8.3,1,62.79,4
2021-02-20,26.8,-82.2,9.4,1,14.74,1
2021-02-20,26.85,-80.6,3.9,1,4.02,2
2021-02-20,27.15,-82.25,9.3,1,29.7,2
2021-02-20,27.2,-80.45,5.9,1,9.08,2
2021-02-20,27.5,-80.75,14.4,1,82.22,3
2021-02-20,27.6,-81.1,120.8,3,23.73,4
2021-02-20,27.7,-81.3,54.900000000000006,2,80.21,10
2021-02-20,28.2,-81.35,6.0,1,6.48,2
2021-02-20,29.6,-83.15,4.8,1,4.94,1
2021-02-20,30.25,-83.3,4.2,1,8.11,2
2021-02-20,30.4,-85.55,74.8,3,13.3,1
2021-02-20,30.55,-86.35,279.6,3,85.91,12
2021-02-20,30.55,-86.3,225.1,4,409.04,31
2021-02-20,30.6,-85.55,13.1,1,17.0,2
2021-02-20,30.8,-87.55,10.8,1,28.2,2
2021-02-21,30.45,-86.8,513.8,3,4.66,1
2021-02-21,30.45,-86.75,1431.8,6,4.6,1
2021-02-21,30.8,-87.5,11.5,1,7.83,2
2021-02-21,30.85,-87.0,37.3,2,12.18,1
2021-02-21,30.85,-86.95,71.5,2,28.72,4
2021-02-22,26.8,-81.75,22.1,2,4.9,1
2021-02-22,26.9,-81.7,48.9,1,6.8,2
2021-02-22,27.0,-81.3,60.5,2,29.25,3
2021-02-22,27.15,-81.65,15.7,1,17.73,4
2021-02-22,27.55,-82.1,24.8,2,4.73,1
2021-02-22,27.55,-81.4,41.2,1,37.739999999999995,3
2021-02-22,28.5,-82.0,259.3,2,43.84,7
2021-02-22,29.05,-81.95,9.5,1,49.19,3
2021-02-23,26.55,-81.45,20.7,1,23.93,4
2021-02-23,26.65,-81.45,15.0,1,19.11,2
2021-02-23,26.9,-81.7,20.9,1,26.86,2
2021-02-23,27.0,-82.3,18.5,1,36.28,3
2021-02-23,27.25,-81.7,123.9,3,45.6,3
2021-02-23,27.3,-81.7,84.1,2,161.72,15
2021-02-23,27.5,-82.15,36.6,3,15.879999999999999,4
2021-02-23,27.55,-82.1,29.9,2,11.02,2
2021-02-23,27.55,-81.05,16.4,1,7.66,1
2021-02-23,27.55,-80.7,4.9,1,4.27,1
2021-02-23,27.75,-81.85,16.3,1,96.39,9
2021-02-23,27.95,-81.2,160.2,2,26.84,3
2021-02-23,28.0,-81.2,7.6,1,58.82,7
2021-02-23,28.0,-80.75,11.5,2,6.35,2
2021-02-23,28.05,-81.05,66.2,4,338.38,15
2021-02-23,28.7,-82.05,141.0,4,27.949999999999996,2
2021-02-23,29.0,-81.3,15.8,1,5.18,2
2021-02-23,29.3,-81.8,79.6,2,12.280000000000001,3
2021-02-23,30.0,-83.9,22.1,1,574.84,24
2021-02-23,30.0,-81.75,8.4,1,5.77,2
2021-02-23,30.1,-81.95,54.4,3,18.14,3
2021-02-23,30.15,-85.45,39.5,4,15.64,4
2021-02-23,30.15,-81.95,21.1,1,43.3,5
2021-02-23,30.5,-86.0,6.4,1,2.81,1
2021-02-23,30.6,-85.55,25.8,2,69.07,8
2021-02-23,30.65,-87.25,7.6,1,3.11,1
2021-02-23,30.85,-87.6,6.3,1,16.71,3
2021-02-24,26.75,-81.2,25.3,1,34.08,4
2021-02-24,27.1,-81.7,30.3,1,122.08,4
2021-02-24,27.15,-81.6,105.4,1,47.84,8
2021-02-24,27.55,-80.65,14.8,1,7.74,2
2021-02-24,27.7,-81.0,33.2,1,93.28,4
2021-02-24,28.0,-80.75,25.0,2,16.21,3
2021-02-24,28.7,-82.05,70.9,2,46.82,6
2021-02-24,29.3,-81.55,15.2,1,2.99,1
2021-02-24,29.4,-81.85,24.9,1,42.05,8
2021-02-24,29.45,-81.85,92.1,2,56.05,5
2021-02-24,30.0,-85.0,124.2,2,315.27,10
2021-02-24,30.05,-85.0,390.1,7,484.46000000000004,22
2021-02-24,30.05,-84.95,294.5,6,18.57,3
2021-02-24,30.15,-85.45,15.1,1,12.57,3
2021-02-24,30.15,-85.25,9.6,1,4.72,1
2021-02-24,30.15,-84.5,159.4,4,195.97,23
2021-02-24,30.2,-85.25,17.8,1,45.54,4
2021-02-24,30.4,-86.9,14.2,1,3.78,2
2021-02-24,30.4,-85.6,19.8,2,30.17,5
2021-02-24,30.55,-83.3,33.5,2,16.72,2
2021-02-24,30.6,-84.8,43.699999999999996,2,6.7,1
2021-02-24,30.65,-86.95,289.3,8,11.92,2
2021-02-24,30.65,-85.15,13.5,1,3.3,1
2021-02-24,30.65,-81.65,121.9,3,24.72,3
2021-02-24,30.7,-87.15,65.5,2,3.13,1
2021-02-25,26.8,-81.75,25.1,1,49.120000000000005,4
2021-02-25,27.15,-81.75,8.0,1,12.74,1
2021-02-25,27.35,-81.85,19.4,1,29.32,3
2021-02-25,27.35,-81.65,7.7,1,30.4,4
2021-02-25,27.45,-82.45,6.5,1,11.870000000000001,2
2021-02-25,27.5,-81.95,15.399999999999999,2,16.41,2
2021-02-25,27.6,-80.6,28.1,2,14.149999999999999,2
2021-02-25,27.7,-80.95,33.2,1,24.03,3
2021-02-25,27.7,-80.85,31.8,1,12.469999999999999,2
2021-02-25,27.85,-82.15,9.4,1,6.71,1
2021-02-25,27.95,-81.65,10.9,1,11.74,1
2021-02-25,28.0,-80.75,25.3,2,23.58,4
2021-02-25,28.7,-82.05,44.4,2,9.78,3
2021-02-25,28.8,-82.55,18.8,1,19.1,1
2021-02-25,29.25,-83.0,6.5,1,4.32,1
2021-02-25,29.75,-81.9,92.0,3,63.5,3
2021-02-25,30.0,-82.0,125.80000000000001,5,48.22,5
2021-02-25,30.05,-84.85,67.4,1,195.39000000000001,11
2021-02-25,30.15,-83.8,131.6,5,18.48,3
2021-02-25,30.25,-84.7,258.3,3,341.73,18
2021-02-25,30.3,-84.75,153.4,1,39.71,1
2021-02-25,30.3,-84.7,63.1,1,185.44,9
2021-02-25,30.35,-85.1,4.7,1,10.129999999999999,2
2021-02-25,30.35,-85.05,8.0,1,6.84,1
2021-02-25,30.4,-85.25,66.6,2,29.35,1
2021-02-25,30.45,-83.5,19.8,1,15.81,2
2021-02-25,30.6,-86.1,5.2,1,7.24,1
2021-02-25,30.6,-85.1,5.9,1,7.23,1
2021-02-25,30.6,-83.75,15.600000000000001,2,16.7,2
2021-02-25,30.65,-84.7,7.1,1,2.01,1
2021-02-25,30.75,-85.15,17.4,2,29.29,3
2021-02-25,30.8,-86.3,20.2,1,66.57,1
2021-02-25,30.95,-87.4,18.1,1,37.1,2
2021-02-25,30.95,-86.85,52.7,2,18.03,3
2021-02-26,27.0,-80.5,145.9,4,37.53,3
2021-02-26,27.1,-82.35,266.3,4,9.13,2
2021-02-26,27.1,-82.2,134.5,2,13.45,2
2021-02-26,27.1,-81.5,914.3,4,66.01,4
2021-02-26,27.3,-81.15,72.1,3,43.54,2
2021-02-26,27.4,-81.6,22.700000000000003,2,6.1,1
2021-02-26,27.55,-80.65,16.3,1,6.81,1
2021-02-26,28.05,-81.1,438.2,8,88.37,4
2021-02-26,29.3,-81.8,22.200000000000003,2,13.89,3
2021-02-26,29.5,-83.05,25.299999999999997,3,20.48,4
2021-02-26,29.6,-83.35,6.9,1,3.06,1
2021-02-26,29.6,-82.6,8.9,1,4.06,1
2021-02-26,29.75,-81.45,6.8,1,2.77,1
2021-02-26,30.0,-85.0,95.2,1,13.31,1
2021-02-26,30.0,-84.95,649.4,2,13.790000000000001,3
2021-02-26,30.0,-81.75,7.4,1,4.09,1
2021-02-26,30.05,-84.95,424.6,7,58.59,10
2021-02-26,30.1,-81.95,9.2,1,20.37,4
2021-02-26,30.15,-85.45,7.1,1,7.68,2
2021-02-26,30.35,-83.0,32.2,1,3.38,1
2021-02-26,30.5,-82.55,36.6,2,41.32,7
2021-02-26,30.6,-84.65,34.4,1,3.93,1
2021-02-26,30.9,-86.2,59.3,1,60.41,6
2021-02-27,26.0,-80.95,41.2,2,5.77,1
2021-02-27,26.5,-80.75,60.1,1,12.91,1
2021-02-27,26.95,-80.25,60.6,2,23.53,4
2021-02-27,27.15,-80.45,29.7,2,67.35000000000001,7
2021-02-27,27.2,-82.3,415.79999999999995,5,113.98,3
2021-02-27,27.4,-81.4,58.0,2,75.00999999999999,4
2021-02-27,28.45,-80.6,188.5,3,83.15,6
2021-02-27,29.25,-81.35,26.5,1,31.119999999999997,4
2021-02-27,29.6,-83.15,10.0,1,13.33,2
2021-02-27,30.05,-84.95,7.9,1,15.09,4
2021-02-27,30.05,-84.9,19.4,1,4.23,1
2021-02-27,30.15,-85.0,405.0,3,31.46,2
2021-02-27,30.45,-82.4,459.6,6,184.74,10
2021-02-27,30.45,-82.35,58.0,2,223.37,10
2021-02-27,30.5,-82.4,27.400000000000002,2,38.32,4
2021-02-28,26.45,-80.75,29.4,1,27.880000000000003,7
2021-02-28,26.5,-80.8,8.3,1,2.25,2
2021-02-28,27.2,-82.3,48.4,1,362.37,32
2021-02-28,27.2,-82.25,43.3,1,10.94,2
2021-02-28,28.7,-82.05,40.4,2,1.82,1
2021-02-28,29.25,-81.45,31.2,2,53.71,2
2021-03-01,26.7,-80.4,11.9,1,4.97,1
2021-03-01,26.8,-81.95,12.5,1,10.14,1
2021-03-01,26.8,-81.9,245.1,3,21.04,3
2021-03-01,26.85,-81.7,10.3,1,13.91,2
2021-03-01,26.9,-81.7,45.5,1,49.48,4
2021-03-01,27.35,-81.65,9.1,1,22.47,3
2021-03-01,27.75,-80.9,7.7,1,5.24,1
2021-03-01,28.8,-82.45,66.3,1,24.67,2
2021-03-03,25.2,-81.15,18.5,1,2.84,1
2021-03-03,25.2,-81.1,407.2,4,416.5,23
2021-03-03,27.55,-81.25,91.3,1,39.1,4
2021-03-03,27.6,-81.25,34.5,2,131.4,8
2021-03-04,25.35,-80.6,16.3,1,39.269999999999996,3
2021-03-04,25.95,-80.95,33.9,2,28.78,6
2021-03-04,26.0,-81.6,176.8,5,167.44,17
2021-03-04,27.0,-82.3,30.5,2,37.94,2
2021-03-04,27.15,-82.4,196.7,2,21.35,2
2021-03-04,27.15,-82.25,27.1,1,23.12,3
2021-03-04,27.15,-81.75,13.2,1,25.53,5
2021-03-04,27.2,-82.3,23.8,1,41.17,2
2021-03-04,27.35,-81.85,12.0,1,3.56,1
2021-03-04,27.6,-82.3,10.8,1,5.14,1
2021-03-04,27.7,-81.15,408.5,6,94.53,7
2021-03-04,27.75,-81.15,231.4,1,6.98,2
2021-03-04,27.8,-81.8,39.6,2,80.22,3
2021-03-04,27.95,-81.5,26.7,1,20.33,4
2021-03-04,27.95,-81.1,7.7,1,48.160000000000004,9
2021-03-04,28.1,-81.95,71.0,1,35.86,2
2021-03-04,28.1,-81.9,58.1,1,8.08,1
2021-03-04,28.25,-80.75,8.0,1,2.99,1
2021-03-04,28.35,-82.0,60.7,2,41.85,6
2021-03-04,28.35,-81.65,31.5,1,18.12,2
2021-03-04,28.55,-82.15,9.6,1,12.78,2
2021-03-04,28.8,-82.45,18.0,1,51.099999999999994,5
2021-03-04,28.9,-82.25,57.5,2,23.93,3
2021-03-04,28.95,-81.6,773.6,6,6.01,2
2021-03-04,29.0,-81.6,16.7,1,30.52,10
2021-03-04,29.0,-81.3,32.3,2,28.950000000000003,2
2021-03-04,29.65,-82.9,13.2,1,11.06,2
2021-03-04,29.95,-83.05,30.2,2,2.99,1
2021-03-04,30.1,-82.75,12.3,1,5.83,1
2021-03-04,30.15,-85.45,10.8,1,24.310000000000002,4
2021-03-04,30.35,-86.25,32.8,1,4.47,1
2021-03-04,30.4,-85.4,8.3,1,2.36,1
2021-03-04,30.5,-85.5,110.5,3,93.9,7
2021-03-04,30.7,-87.15,72.3,2,13.43,2
2021-03-04,30.85,-85.35,7.9,1,10.06,2
2021-03-04,30.95,-87.0,13.5,2,28.94,4
2021-03-05,25.2,-81.05,22.6,1,7.22,2
2021-03-05,26.35,-81.6,14.0,1,5.21,1
2021-03-05,26.85,-80.35,380.70000000000005,7,50.3,7
2021-03-05,27.3,-81.7,12.6,1,6.41,2
2021-03-05,27.5,-82.15,80.5,2,11.6,3
2021-03-05,27.65,-81.15,196.4,2,371.78999999999996,15
2021-03-05,27.7,-81.2,51.3,1,290.74,14
2021-03-05,27.7,-81.15,309.7,4,233.34,20
2021-03-05,27.7,-80.9,99.1,2,17.32,2
2021-03-05,27.95,-81.15,153.0,3,2.41,1
2021-03-05,27.95,-80.8,1171.1,4,7.32,2
2021-03-05,28.35,-82.0,26.0,1,27.78,3
2021-03-05,28.35,-81.75,15.9,1,25.04,3
2021-03-05,28.35,-81.7,25.7,1,3.31,1
2021-03-05,28.7,-81.5,27.8,1,79.02,3
2021-03-05,28.75,-82.05,14.2,1,13.1,2
2021-03-05,28.75,-82.0,22.0,1,21.8,2
2021-03-05,28.8,-82.45,419.1,6,238.13,9
2021-03-05,28.8,-81.2,75.2,2,76.33,2
2021-03-05,29.0,-82.35,181.3,2,15.05,3
2021-03-05,29.05,-82.45,181.3,5,44.88,4
2021-03-05,29.25,-81.4,15.2,1,8.35,1
2021-03-05,29.35,-81.6,19.9,2,7.390000000000001,3
2021-03-05,29.45,-82.65,20.2,1,58.42,5
2021-03-05,29.55,-82.65,248.8,2,17.19,3
2021-03-05,29.85,-82.5,8.1,1,4.47,1
2021-03-05,29.9,-81.95,175.8,3,52.41,8
2021-03-05,30.0,-84.45,6.1,1,13.06,2
2021-03-05,30.05,-82.75,10.5,1,2.75,1
2021-03-05,30.1,-83.1,22.1,1,62.4,2
2021-03-05,30.1,-81.95,38.8,2,34.53,2
2021-03-05,30.1,-81.9,199.7,4,34.53,2
2021-03-05,30.35,-84.45,463.20000000000005,3,12.0,1
2021-03-05,30.35,-84.4,83.2,3,183.89000000000001,12
2021-03-06,30.45,-87.0,348.4,3,624.24,15
2021-03-06,30.5,-87.0,75.7,1,200.82999999999998,15
2021-03-06,30.5,-86.85,433.8,8,369.99,18
2021-03-07,30.5,-86.8,367.90000000000003,6,55.84,8
2021-03-07,30.75,-85.1,58.8,2,7.029999999999999,2
2021-03-08,26.45,-80.75,8.3,1,7.9,2
2021-03-08,29.05,-82.6,25.400000000000002,2,6.66,2
2021-03-08,29.3,-82.4,8.8,1,5.68,1
2021-03-08,29.45,-82.5,8.0,1,5.35,1
2021-03-08,29.55,-82.15,14.8,1,12.55,2
2021-03-08,29.75,-82.65,24.3,2,18.64,1
2021-03-08,29.85,-83.0,15.8,1,40.44,1
2021-03-08,29.85,-81.9,8.1,1,5.6,1
2021-03-08,30.0,-85.05,429.20000000000005,5,49.81,7
2021-03-08,30.0,-85.0,970.1,6,142.3,12
2021-03-08,30.05,-84.65,124.7,3,48.95,7
2021-03-08,30.05,-84.6,66.9,2,73.74,12
2021-03-08,30.15,-85.45,4.8,1,2.43,1
2021-03-08,30.2,-85.1,48.8,2,12.06,2
2021-03-08,30.2,-82.7,16.2,1,52.39,4
2021-03-08,30.25,-83.2,19.3,2,12.16,2
2021-03-08,30.3,-84.1,13.1,2,10.56,2
2021-03-08,30.35,-83.95,90.6,2,52.29,3
2021-03-08,30.35,-82.9,51.6,2,10.31,1
2021-03-08,30.5,-84.65,47.8,2,25.64,1
2021-03-08,30.5,-84.45,16.3,2,5.33,2
2021-03-08,30.5,-84.15,18.700000000000003,2,4.53,1
2021-03-08,30.5,-84.1,14.7,1,4.79,1
2021-03-08,30.5,-83.05,35.5,2,26.54,4
2021-03-08,30.5,-82.4,28.8,1,46.800000000000004,8
2021-03-08,30.55,-84.1,7.7,1,17.13,2
2021-03-08,30.6,-84.2,82.8,3,33.34,4
2021-03-08,30.6,-84.15,42.9,2,54.989999999999995,6
2021-03-08,30.6,-84.05,5.4,1,3.39,1
2021-03-08,30.65,-84.25,7.1,1,3.04,1
2021-03-08,30.75,-85.1,190.9,4,102.82,3
2021-03-08,30.8,-86.95,52.5,2,25.08,5
2021-03-09,27.55,-81.3,16.4,1,48.41,6
2021-03-09,27.7,-80.9,6.1,1,18.02,2
2021-03-09,28.35,-81.65,7.0,1,4.64,1
2021-03-09,28.55,-82.3,101.9,1,46.51,10
2021-03-09,28.55,-81.1,44.9,2,5.72,1
2021-03-09,28.95,-82.25,6.4,1,6.37,1
2021-03-09,28.95,-81.35,31.299999999999997,2,29.74,1
2021-03-09,29.15,-81.15,4.7,1,5.029999999999999,2
2021-03-09,29.45,-82.15,60.400000000000006,3,32.42,5
2021-03-09,29.5,-82.5,8.9,1,4.6899999999999995,2
2021-03-09,29.5,-82.3,20.5,2,4.54,1
2021-03-09,29.65,-81.45,16.4,1,21.47,3
2021-03-09,29.75,-82.75,101.8,3,9.120000000000001,3
2021-03-09,29.75,-82.65,45.0,2,14.63,2
2021-03-09,29.85,-85.05,88.2,2,5.4399999999999995,2
2021-03-09,29.85,-85.0,551.1,2,35.29,4
2021-03-09,29.85,-83.0,3.7,1,59.42999999999999,3
2021-03-09,30.0,-82.9,208.7,2,6.48,1
2021-03-09,30.05,-84.6,83.2,3,231.18,13
2021-03-09,30.05,-84.55,268.6,5,193.9,12
2021-03-09,30.1,-83.15,13.8,1,4.66,1
2021-03-09,30.1,-81.4,10.2,1,2.04,1
2021-03-09,30.15,-84.8,257.4,4,12.42,2
2021-03-09,30.15,-81.9,5.8,1,36.58,2
2021-03-09,30.2,-81.5,5.4,1,1.63,1
2021-03-09,30.25,-85.95,60.400000000000006,4,14.09,1
2021-03-09,30.25,-83.2,12.7,1,13.57,2
2021-03-09,30.35,-83.95,84.4,2,66.27,5
2021-03-09,30.35,-82.9,92.7,2,38.26,4
2021-03-09,30.45,-82.35,19.8,1,28.55,7
2021-03-09,30.5,-87.45,58.0,2,53.08,8
2021-03-09,30.5,-85.45,44.0,2,4.29,1
2021-03-09,30.5,-84.45,61.7,2,4.95,1
2021-03-09,30.5,-84.1,38.0,1,8.24,2
2021-03-09,30.5,-82.35,16.3,1,37.42,9
2021-03-09,30.6,-84.2,11.3,1,10.64,2
2021-03-09,30.6,-84.05,9.8,1,7.55,2
2021-03-09,30.65,-84.75,6.5,1,2.58,1
2021-03-09,30.65,-84.3,19.5,1,2.68,1
2021-03-09,30.65,-84.0,17.9,1,31.56,2
2021-03-09,30.7,-86.85,914.3,4,8.690000000000001,2
2021-03-09,30.75,-85.1,8.0,1,11.55,3
2021-03-09,30.75,-85.0,14.7,1,19.34,2
2021-03-09,30.85,-86.7,161.1,2,3.26,1
2021-03-10,27.3,-81.95,25.2,1,27.36,2
2021-03-10,27.5,-80.8,14.6,1,2.17,1
2021-03-10,28.5,-82.05,57.0,1,60.440000000000005,7
2021-03-10,28.5,-82.0,53.9,1,611.41,13
2021-03-10,28.75,-82.6,106.6,2,24.490000000000002,2
2021-03-10,28.9,-82.7,22.7,1,10.059999999999999,2
2021-03-10,29.1,-82.6,50.4,3,70.69,7
2021-03-10,29.2,-82.1,46.9,1,3.67,1
2021-03-10,29.35,-82.65,140.10000000000002,2,118.41,3
2021-03-10,29.75,-84.9,603.1,1,470.27,7
2021-03-10,29.75,-84.85,227.9,1,414.34,7
2021-03-10,29.9,-84.75,40.7,1,314.13,13
2021-03-10,29.9,-82.8,80.1,3,27.15,3
2021-03-10,29.9,-82.6,10.2,1,4.57,1
2021-03-10,29.95,-82.45,19.0,1,9.39,1
2021-03-10,30.0,-82.0,63.099999999999994,2,18.299999999999997,2
2021-03-10,30.1,-85.35,143.9,3,27.770000000000003,2
2021-03-10,30.1,-84.5,376.6,3,110.07000000000001,4
2021-03-10,30.1,-84.45,1328.3,8,616.12,20
2021-03-10,30.1,-84.2,21.9,1,64.68,8
2021-03-10,30.15,-85.45,74.2,4,29.75,4
2021-03-10,30.15,-85.35,106.6,3,11.67,1
2021-03-10,30.15,-85.3,59.6,2,30.16,2
2021-03-10,30.15,-84.45,127.1,3,73.53999999999999,2
2021-03-10,30.15,-81.95,26.0,2,2.0,1
2021-03-10,30.3,-83.25,56.5,2,20.76,5
2021-03-10,30.35,-82.75,9.3,1,6.869999999999999,2
2021-03-10,30.4,-85.9,43.0,2,79.75999999999999,4
2021-03-10,30.4,-85.6,643.4,8,149.1,16
2021-03-10,30.4,-84.45,13.6,1,8.76,2
2021-03-10,30.4,-84.1,16.4,1,5.23,1
2021-03-10,30.4,-83.9,161.5,3,100.34,4
2021-03-10,30.4,-82.35,81.60000000000001,3,210.62,15
2021-03-10,30.45,-86.9,63.1,1,17.060000000000002,2
2021-03-10,30.5,-84.0,7.3,1,13.98,3
2021-03-10,30.5,-82.4,19.8,1,5.33,1
2021-03-10,30.5,-82.35,68.5,3,5.01,1
2021-03-10,30.55,-84.25,45.0,2,30.54,4
2021-03-10,30.55,-84.15,28.9,2,40.19,8
2021-03-10,30.6,-84.25,13.0,1,22.91,2
2021-03-10,30.6,-84.1,52.599999999999994,2,15.99,3
2021-03-10,30.6,-83.75,9.2,1,7.14,2
2021-03-10,30.65,-84.3,27.6,2,13.0,2
2021-03-10,30.65,-84.0,39.6,3,18.84,3
2021-03-10,30.75,-85.2,13.7,1,25.490000000000002,2
2021-03-10,30.75,-85.1,37.1,2,24.99,3
2021-03-10,30.75,-82.0,35.4,2,4.52,1
2021-03-10,30.75,-81.95,10.6,1,17.83,2
2021-03-10,30.95,-85.1,12.8,1,48.75,3
2021-03-11,26.85,-80.45,10.4,1,3.28,1
2021-03-11,26.85,-80.4,31.0,1,84.07000000000001,10
2021-03-11,26.9,-81.45,8.4,1,2.0,1
2021-03-11,27.2,-81.45,48.1,2,6.61,1
2021-03-11,27.7,-81.3,120.4,2,8.52,1
2021-03-11,27.7,-81.05,31.5,1,95.64,11
2021-03-11,27.9,-81.05,239.8,6,254.5,11
2021-03-11,27.95,-80.6,44.9,1,55.31,2
2021-03-11,28.25,-80.8,50.7,2,19.05,1
2021-03-11,28.35,-82.0,18.4,1,19.650000000000002,5
2021-03-11,28.6,-80.7,108.7,2,36.6,2
2021-03-11,28.65,-81.15,42.599999999999994,2,20.69,7
2021-03-11,28.7,-82.4,101.2,3,28.26,5
2021-03-11,28.85,-82.25,8.0,1,12.29,3
2021-03-11,28.9,-82.3,65.7,2,11.35,1
2021-03-11,29.2,-82.1,37.0,2,46.16,5
2021-03-11,29.6,-83.1,14.7,1,8.41,2
2021-03-11,29.7,-81.45,16.0,1,45.96,4
2021-03-11,29.8,-84.85,25.5,2,24.83,5
2021-03-11,29.85,-84.75,47.9,2,770.68,26
2021-03-11,29.95,-82.45,35.5,1,12.059999999999999,2
2021-03-11,29.95,-82.4,31.299999999999997,2,5.81,1
2021-03-11,30.0,-84.85,152.1,2,209.75,10
2021-03-11,30.0,-82.85,39.9,2,7.85,2
2021-03-11,30.0,-82.0,84.3,3,257.98,13
2021-03-11,30.0,-81.8,10.6,1,3.19,1
2021-03-11,30.05,-84.9,157.5,2,117.93,10
2021-03-11,30.05,-84.85,1396.1999999999998,7,1031.07,46
2021-03-11,30.15,-85.45,6.8,1,6.7700000000000005,2
2021-03-11,30.25,-83.85,53.900000000000006,2,25.85,1
2021-03-11,30.25,-83.2,15.0,1,14.79,2
2021-03-11,30.3,-83.9,48.3,2,47.44,3
2021-03-11,30.3,-83.85,81.8,3,82.02000000000001,5
2021-03-11,30.3,-82.75,48.9,3,6.71,1
2021-03-11,30.35,-83.9,96.69999999999999,2,141.01,8
2021-03-11,30.35,-83.2,55.6,2,26.07,6
2021-03-11,30.4,-83.9,29.8,2,14.68,3
2021-03-11,30.45,-86.9,38.5,1,137.05,7
2021-03-11,30.45,-86.1,52.3,2,11.54,2
2021-03-11,30.5,-84.5,8.4,1,2.91,1
2021-03-11,30.5,-83.3,69.5,3,21.22,3
2021-03-11,30.55,-84.2,23.9,1,72.32,8
2021-03-11,30.55,-83.3,214.3,7,78.56,12
2021-03-11,30.6,-84.7,138.6,2,135.84,5
2021-03-11,30.6,-84.35,38.8,2,19.25,2
2021-03-11,30.6,-84.15,48.7,2,51.47,7
2021-03-11,30.6,-84.1,25.1,1,12.41,2
2021-03-11,30.6,-83.8,19.3,1,16.439999999999998,3
2021-03-11,30.65,-85.85,7.1,1,2.22,1
2021-03-11,30.65,-85.3,33.4,1,42.87,6
2021-03-11,30.75,-85.1,18.5,1,3.95,2
2021-03-11,30.85,-86.65,573.3,7,6.19,1
2021-03-11,30.85,-85.0,17.4,1,6.37,2
2021-03-12,26.6,-81.2,37.6,1,54.769999999999996,3
2021-03-12,26.75,-81.2,58.9,2,47.15,4
2021-03-12,26.85,-81.8,1004.1,10,123.17999999999999,11
2021-03-12,26.9,-80.3,179.0,2,8.4,2
2021-03-12,27.0,-82.3,73.7,1,17.880000000000003,3
2021-03-12,27.35,-82.1,62.2,2,3.72,1
2021-03-12,27.6,-80.9,130.79999999999998,3,35.45,6
2021-03-12,27.65,-81.05,21.1,1,5.5,1
2021-03-12,27.7,-80.9,18.1,1,9.72,1
2021-03-12,27.7,-80.85,18.8,1,23.130000000000003,2
2021-03-12,29.9,-82.8,81.1,4,19.07,2
2021-03-12,29.9,-82.6,14.3,1,13.5,3
2021-03-12,29.95,-82.45,22.8,1,18.16,3
2021-03-12,30.0,-82.3,57.8,3,68.85,5
2021-03-12,30.4,-83.9,66.5,4,9.49,2
2021-03-12,30.45,-86.85,85.4,1,24.47,4
2021-03-12,30.5,-83.3,36.0,2,16.509999999999998,3
2021-03-12,30.9,-86.2,16.1,2,7.54,1
2021-03-13,25.9,-81.3,37.1,2,52.28,3
2021-03-13,25.95,-81.3,6.2,1,21.48,2
2021-03-13,26.75,-81.2,11.9,1,10.74,2
2021-03-13,27.75,-81.85,53.7,2,35.76,2
2021-03-13,27.8,-80.95,20.6,2,34.07,7
2021-03-13,28.75,-82.05,17.9,1,27.44,1
2021-03-13,30.55,-86.3,55.2,2,42.44,6
2021-03-13,30.7,-85.75,6.5,1,4.38,1
2021-03-13,30.7,-85.4,8.9,1,14.4,3
2021-03-13,30.9,-86.45,31.4,2,13.66,2
2021-03-13,30.9,-85.6,7.2,1,2.69,1
2021-03-13,30.9,-85.4,35.0,2,25.61,1
2021-03-14,28.7,-82.05,147.4,3,52.96,2
2021-03-14,28.75,-82.05,117.6,3,7.380000000000001,3
2021-03-14,29.4,-81.6,10.4,1,7.32,1
2021-03-14,30.1,-84.65,29.3,2,33.64,3
2021-03-14,30.55,-86.3,8.3,1,128.33,15
2021-03-14,30.6,-86.3,17.1,2,17.33,3
2021-03-15,25.95,-81.35,39.5,2,43.45,3
2021-03-15,25.95,-81.3,69.1,2,132.43,12
2021-03-15,28.1,-81.6,11.3,1,28.92,6
2021-03-15,28.25,-80.8,33.0,1,25.0,4
2021-03-15,28.7,-82.05,50.1,2,17.49,1
2021-03-15,28.75,-82.05,31.1,2,67.31,7
2021-03-15,28.85,-81.75,25.4,2,28.49,1
2021-03-15,28.9,-82.3,23.7,1,10.28,1
2021-03-15,29.3,-81.75,79.2,1,23.54,2
2021-03-15,30.0,-82.9,11.6,1,7.38,1
2021-03-15,30.25,-84.35,59.3,3,9.89,1
2021-03-15,30.25,-82.85,8.4,1,4.56,1
2021-03-15,30.35,-83.9,18.0,2,32.43,2
2021-03-15,30.4,-83.25,16.3,1,7.56,1
2021-03-15,30.6,-84.15,6.9,1,7.24,2
2021-03-16,26.35,-81.4,32.2,1,8.66,1
2021-03-16,26.55,-80.85,19.8,1,5.45,1
2021-03-16,26.9,-81.75,8.7,1,42.699999999999996,3
2021-03-16,27.0,-81.4,15.8,2,3.06,1
2021-03-16,27.15,-82.4,365.90000000000003,3,21.45,3
2021-03-16,27.15,-80.5,450.69999999999993,3,297.1,6
2021-03-16,27.65,-82.05,14.700000000000001,2,20.25,3
2021-03-16,27.85,-80.75,12.7,1,7.04,1
2021-03-16,30.05,-81.85,39.4,3,17.42,2
2021-03-16,30.6,-85.2,15.2,2,3.3,1
2021-03-17,27.0,-80.35,94.5,1,9.78,1
2021-03-17,27.1,-82.35,236.8,2,4.79,1
2021-03-17,27.15,-82.35,16.4,1,31.619999999999997,3
2021-03-17,27.15,-81.55,12.1,1,75.89,6
2021-03-17,27.2,-82.35,283.5,4,81.87,8
2021-03-17,27.2,-81.8,32.7,2,41.38,4
2021-03-17,27.3,-81.15,21.8,1,18.09,2
2021-03-17,27.3,-80.9,103.19999999999999,2,66.88,7
2021-03-17,27.5,-81.45,65.3,2,29.45,4
2021-03-17,27.6,-80.7,270.79999999999995,3,17.71,2
2021-03-17,27.6,-80.65,6.8,1,2.01,1
2021-03-17,27.65,-81.5,95.30000000000001,2,237.46,7
2021-03-17,27.65,-81.1,369.8,5,87.94,5
2021-03-17,27.65,-81.05,20.4,2,90.36,2
2021-03-17,27.65,-80.8,95.0,1,588.19,14
2021-03-17,27.65,-80.75,652.6,7,1029.93,61
2021-03-17,27.65,-80.7,478.8,5,305.89,23
2021-03-17,27.9,-81.15,20.2,1,98.13,13
2021-03-17,28.0,-81.35,116.3,3,34.21,4
2021-03-17,28.05,-81.4,33.7,1,9.65,1
2021-03-17,28.05,-81.35,166.5,3,71.4,7
2021-03-17,28.45,-81.75,24.4,1,5.54,2
2021-03-17,28.45,-81.2,16.5,1,20.63,5
2021-03-17,28.7,-81.5,184.5,4,45.29,5
2021-03-17,28.9,-82.25,153.2,2,21.04,3
2021-03-17,29.3,-82.1,215.5,3,336.79,8
2021-03-17,29.3,-81.4,8.8,1,6.15,1
2021-03-17,29.35,-83.15,51.3,2,98.27000000000001,4
2021-03-17,29.45,-81.65,39.7,2,77.01,10
2021-03-17,29.75,-82.65,10.2,1,6.04,2
2021-03-17,30.25,-83.25,21.7,1,4.79,1
2021-03-17,30.3,-83.25,15.3,1,5.88,1
2021-03-17,30.45,-83.5,7.5,1,3.24,1
2021-03-18,27.4,-82.3,11.4,1,9.48,3
2021-03-19,26.8,-82.25,177.5,2,18.7,2
2021-03-19,26.85,-82.25,91.0,1,20.38,1
2021-03-19,26.85,-82.2,191.9,3,20.38,1
2021-03-19,27.15,-81.75,22.4,1,45.28,5
2021-03-19,27.55,-80.95,249.7,6,180.6,17
2021-03-19,27.9,-82.15,174.60000000000002,3,52.3,6
2021-03-19,27.9,-82.1,27.7,1,29.0,5
2021-03-19,27.9,-80.65,35.0,1,8.74,1
2021-03-19,28.05,-81.45,139.39999999999998,4,39.85,4
2021-03-19,29.3,-82.1,201.4,2,26.5,4
2021-03-19,29.45,-82.5,20.4,2,8.89,2
2021-03-19,30.0,-82.85,134.9,3,6.02,2
2021-03-19,30.0,-81.55,20.2,2,11.16,2
2021-03-19,30.2,-84.05,84.8,2,146.22,29
2021-03-19,30.25,-83.2,31.7,2,7.79,1
2021-03-19,30.4,-84.1,11.1,1,12.66,3
2021-03-19,30.65,-84.05,97.1,3,10.899999999999999,3
2021-03-20,25.35,-80.55,345.2,8,76.42,9
2021-03-21,30.55,-86.9,354.90000000000003,7,284.63,12
2021-03-21,30.55,-86.85,16.7,1,504.21,14
2021-03-22,30.15,-85.45,26.8,2,26.19,4
2021-03-22,30.3,-85.75,11.8,2,5.95,1
2021-03-22,30.3,-84.0,33.9,3,129.72,17
2021-03-22,30.55,-86.0,355.8,5,312.23,6
2021-03-22,30.6,-85.85,123.89999999999999,3,59.980000000000004,6
2021-03-22,30.65,-84.2,34.0,2,62.29,7
2021-03-22,30.75,-85.5,45.8,2,23.35,4
2021-03-22,30.75,-85.0,86.0,1,51.7,4
2021-03-22,30.8,-86.6,10.5,1,6.87,1
2021-03-22,30.85,-86.65,231.6,5,192.19,10
2021-03-22,30.9,-86.95,57.900000000000006,2,144.25,7
2021-03-22,30.9,-86.45,39.1,2,27.06,1
2021-03-22,30.9,-85.25,17.9,1,7.4,1
2021-03-23,26.65,-81.2,12.5,1,7.7,1
2021-03-23,26.75,-81.2,82.3,2,23.29,2
2021-03-23,27.9,-81.7,24.5,1,11.68,1
2021-03-23,28.75,-82.05,30.1,1,21.36,2
2021-03-23,29.85,-85.1,9.2,1,14.46,3
2021-03-23,29.85,-84.8,5.9,1,15.87,1
2021-03-23,30.6,-84.2,4.9,1,36.74,5
2021-03-23,30.65,-83.95,11.1,1,11.629999999999999,2
2021-03-24,26.55,-81.5,30.8,2,24.27,1
2021-03-24,26.7,-81.7,60.3,1,43.49,3
2021-03-24,26.75,-81.7,340.09999999999997,5,250.23,12
2021-03-24,27.05,-81.6,63.800000000000004,2,33.43,4
2021-03-24,27.15,-81.75,19.2,1,41.75,3
2021-03-24,27.3,-81.05,47.6,2,44.14,1
2021-03-24,27.4,-80.85,26.4,2,15.719999999999999,2
2021-03-24,27.45,-81.75,30.3,2,5.7,1
2021-03-24,27.6,-82.3,8.1,1,3.94,1
2021-03-24,27.65,-80.6,19.6,1,29.880000000000003,2
2021-03-24,27.7,-80.6,40.2,2,10.7,2
2021-03-24,27.75,-80.9,9.2,1,13.3,2
2021-03-24,27.75,-80.85,8.7,1,22.9,3
2021-03-24,27.75,-80.65,20.6,2,18.73,4
2021-03-24,27.8,-81.3,284.7,5,237.84,10
2021-03-24,27.85,-80.95,27.4,1,33.88,2
2021-03-24,28.2,-81.8,28.8,2,9.63,1
2021-03-24,28.4,-82.5,14.2,1,12.55,1
2021-03-24,28.45,-81.15,24.9,2,18.86,3
2021-03-24,30.6,-83.25,42.8,2,10.95,3
2021-03-25,25.25,-80.9,38.900000000000006,2,14.780000000000001,3
2021-03-25,25.25,-80.85,128.8,5,22.64,4
2021-03-25,26.45,-81.15,10.0,1,10.7,1
2021-03-25,26.75,-81.2,10.7,1,25.4,1
2021-03-25,26.9,-80.3,62.8,1,11.18,2
2021-03-25,28.6,-80.7,11.2,1,166.95,6
2021-03-25,29.25,-81.2,9.2,1,10.47,1
2021-03-25,29.45,-83.0,68.3,3,51.82,2
2021-03-25,29.6,-83.15,4.8,1,4.57,1
2021-03-25,29.95,-81.4,5.8,1,2.8,1
2021-03-25,30.15,-83.1,11.6,1,3.97,1
2021-03-26,26.55,-81.5,16.2,1,7.98,2
2021-03-26,26.6,-81.2,250.2,3,70.09,6
2021-03-26,26.9,-81.65,13.6,1,10.14,1
2021-03-26,27.0,-80.15,61.5,2,86.2,6
2021-03-26,27.15,-82.3,349.3,4,19.59,3
2021-03-26,27.4,-81.7,21.5,1,1.97,1
2021-03-26,27.8,-80.95,12.0,1,26.189999999999998,4
2021-03-26,28.0,-81.35,83.6,1,100.37,9
2021-03-26,28.55,-82.3,7.7,1,35.15,5
2021-03-26,30.05,-85.05,348.2,5,121.29,11
2021-03-26,30.1,-85.1,113.7,2,9.27,1
2021-03-26,30.1,-85.05,176.1,3,128.4,11
2021-03-26,30.35,-82.45,547.4,6,10.23,3
2021-03-26,30.6,-83.9,33.0,3,8.0,1
2021-03-27,27.65,-80.6,23.2,1,7.03,1
2021-03-27,28.05,-81.2,11.1,1,2.43,1
2021-03-27,28.7,-82.05,19.7,1,24.38,4
2021-03-27,30.3,-84.65,89.2,1,4.65,1
2021-03-27,30.3,-84.6,257.7,3,172.44,17
2021-03-28,26.75,-82.0,53.7,2,27.1,3
2021-03-28,26.75,-81.95,36.9,2,8.4,1
2021-03-28,27.65,-80.6,37.5,1,18.78,2
2021-03-28,30.25,-84.9,68.3,3,772.34,24
2021-03-28,30.35,-83.15,19.3,1,41.86,9
2021-03-29,30.6,-87.2,13.0,1,23.92,2
2021-03-29,30.6,-84.8,33.4,2,28.53,1
2021-03-29,30.65,-86.1,32.9,2,24.34,2
2021-03-29,30.75,-85.9,41.5,3,36.769999999999996,2
2021-03-29,30.8,-86.6,6.4,1,8.26,1
2021-03-29,30.85,-85.95,9.5,1,6.89,1
2021-03-30,26.3,-81.7,21.8,1,73.23,6
2021-03-30,26.4,-81.0,139.7,2,94.38,5
2021-03-30,26.75,-81.7,42.0,1,21.87,4
2021-03-30,26.8,-81.9,43.4,2,14.57,1
2021-03-30,26.8,-81.85,198.6,4,24.4,3
2021-03-30,27.0,-80.15,300.6,5,158.84,13
2021-03-30,27.15,-82.35,225.0,3,17.6,2
2021-03-30,27.15,-82.3,36.2,1,13.23,2
2021-03-30,27.45,-81.65,17.8,1,37.17,3
2021-03-30,27.5,-81.1,85.80000000000001,2,188.44,16
2021-03-30,27.7,-82.05,20.4,2,11.83,2
2021-03-30,28.0,-81.35,49.1,3,21.759999999999998,3
2021-03-31,27.1,-80.45,44.599999999999994,2,54.599999999999994,3
2021-03-31,27.5,-81.1,207.1,4,268.59,6
2021-03-31,27.55,-81.1,46.9,2,14.88,2
2021-03-31,30.0,-82.8,36.5,2,57.77,3
2021-03-31,30.1,-85.25,9.7,1,7.06,1
2021-03-31,30.8,-86.25,67.6,3,16.78,1
2021-04-01,30.6,-84.35,8.3,1,2.31,1
2021-04-02,28.75,-82.25,29.5,3,29.28,5
2021-04-02,29.2,-82.2,6.3,1,3.68,1
2021-04-02,29.7,-85.3,61.9,2,20.85,3
2021-04-02,30.0,-82.85,139.1,2,8.64,1
2021-04-02,30.0,-82.8,93.9,4,79.76,6
2021-04-02,30.15,-83.95,32.7,2,31.82,4
2021-04-02,30.45,-84.45,30.1,1,15.530000000000001,4
2021-04-02,30.45,-83.05,93.1,4,9.07,2
2021-04-02,30.55,-84.7,8.5,1,11.4,3
2021-04-02,30.55,-84.05,16.6,2,9.17,3
2021-04-02,30.55,-83.85,30.9,1,1.89,1
2021-04-02,30.6,-86.9,56.0,3,49.63,3
2021-04-02,30.6,-84.35,134.9,4,82.67,12
2021-04-02,30.6,-84.05,7.6,1,22.55,5
2021-04-02,30.6,-84.0,14.6,1,4.43,1
2021-04-02,30.6,-83.95,7.7,1,5.18,2
2021-04-02,30.6,-83.7,62.0,3,27.33,4
2021-04-02,30.65,-84.2,20.8,1,27.61,3
2021-04-02,30.65,-83.85,14.6,1,5.4399999999999995,2
2021-04-02,30.7,-85.3,7.9,1,4.86,1
2021-04-02,30.75,-85.0,85.0,3,96.33,6
2021-04-03,25.85,-81.3,608.5,7,44.13,4
2021-04-03,26.5,-80.45,5.6,1,38.07,5
2021-04-03,28.7,-82.6,203.5,2,91.63,6
2021-04-03,30.4,-85.15,10.9,1,12.75,2
2021-04-03,30.4,-83.8,7.0,1,9.5,2
2021-04-03,30.55,-84.1,40.7,3,60.95,2
2021-04-03,30.55,-84.05,36.1,2,50.19,3
2021-04-03,30.6,-84.0,94.30000000000001,2,135.82999999999998,22
2021-04-03,30.75,-85.45,140.3,2,174.82,8
2021-04-04,25.4,-80.45,22.5,2,29.09,4
2021-04-04,30.55,-86.75,1314.3999999999999,8,673.3199999999999,19
2021-04-04,30.8,-85.75,6.6,1,6.01,1
2021-04-04,30.9,-85.95,26.2,2,2.63,1
2021-04-05,26.95,-80.6,15.2,1,78.52,6
2021-04-05,27.6,-80.65,26.2,1,6.95,1
2021-04-05,28.05,-80.75,73.6,1,90.26,2
2021-04-05,30.1,-85.25,167.7,2,39.16,3
2021-04-05,30.1,-84.6,69.6,2,37.32,3
2021-04-05,30.15,-84.65,78.8,1,26.669999999999998,4
2021-04-05,30.15,-84.55,18.7,1,37.8,3
2021-04-05,30.2,-84.6,179.4,2,27.69,3
2021-04-05,30.2,-84.55,44.4,1,13.54,2
2021-04-05,30.2,-82.25,13.6,1,4.06,1
2021-04-05,30.35,-83.95,14.0,1,78.75,5
2021-04-05,30.45,-85.55,5.8,1,2.13,1
2021-04-05,30.55,-87.15,5.6,1,3.45,1
2021-04-05,30.55,-84.15,36.3,2,20.32,3
2021-04-05,30.55,-84.05,37.099999999999994,2,70.53999999999999,9
2021-04-05,30.6,-87.2,18.9,1,9.46,1
2021-04-05,30.6,-85.05,37.0,1,61.099999999999994,7
2021-04-05,30.6,-84.1,7.6,1,31.09,4
2021-04-05,30.6,-84.0,22.9,1,79.22,15
2021-04-05,30.6,-83.75,25.8,1,32.45,2
2021-04-05,30.6,-83.7,71.9,4,20.98,2
2021-04-05,30.65,-87.4,9.6,1,62.36,4
2021-04-05,30.65,-84.15,5.5,1,61.31,3
2021-04-05,30.65,-84.05,7.3,1,16.91,3
2021-04-05,30.8,-86.55,115.2,4,27.12,2
2021-04-06,26.85,-80.4,198.3,3,77.47999999999999,11
2021-04-06,27.0,-80.15,90.9,3,40.03,5
2021-04-06,28.1,-81.1,18.5,1,24.020000000000003,3
2021-04-06,29.85,-83.25,135.79999999999998,2,83.55,7
2021-04-06,30.1,-85.25,272.4,4,131.24,5
2021-04-06,30.15,-85.45,11.8,1,4.7,1
2021-04-06,30.4,-81.8,12.2,1,21.43,2
2021-04-06,30.45,-84.0,18.3,2,8.48,1
2021-04-06,30.5,-86.7,21.5,2,125.72,14
2021-04-06,30.5,-85.1,15.100000000000001,2,2.65,1
2021-04-06,30.5,-83.65,10.7,1,5.98,1
2021-04-06,30.55,-86.7,204.9,2,23.2,3
2021-04-06,30.55,-84.15,6.9,1,7.28,1
2021-04-06,30.55,-84.05,41.8,2,20.14,3
2021-04-06,30.55,-84.0,110.6,4,42.97,3
2021-04-06,30.6,-87.2,10.0,1,10.49,2
2021-04-06,30.6,-85.45,7.9,1,28.939999999999998,5
2021-04-06,30.6,-85.2,8.1,1,1.84,1
2021-04-06,30.6,-84.15,181.6,7,52.1,8
2021-04-06,30.6,-84.05,30.099999999999998,2,32.53,2
2021-04-06,30.6,-84.0,119.9,2,90.73,8
2021-04-06,30.6,-83.95,92.5,2,91.85,10
2021-04-06,30.6,-83.85,7.6,1,15.11,3
2021-04-06,30.6,-83.8,11.1,1,5.78,1
2021-04-06,30.6,-83.7,30.6,2,26.36,10
2021-04-06,30.65,-84.05,5.1,1,3.51,1
2021-04-06,30.8,-86.9,97.7,4,3.26,1
2021-04-06,30.9,-85.35,5.6,1,1.59,3
2021-04-07,29.85,-83.35,28.1,1,2.29,1
2021-04-07,29.85,-82.7,57.5,1,81.25,8
2021-04-07,29.9,-84.4,45.2,1,116.48,8
2021-04-07,29.9,-83.35,99.0,2,45.120000000000005,4
2021-04-07,29.95,-82.75,30.5,2,51.09,6
2021-04-07,29.95,-82.4,8.1,1,6.7,1
2021-04-07,29.95,-81.4,28.5,2,11.04,3
2021-04-07,30.0,-82.85,130.0,3,40.05,2
2021-04-07,30.15,-84.6,132.2,4,235.19,17
2021-04-07,30.15,-84.55,1104.2,7,609.45,42
2021-04-07,30.15,-84.5,61.8,2,63.26,7
2021-04-07,30.2,-85.55,292.2,3,31.87,4
2021-04-07,30.35,-86.1,462.2,3,276.63,14
2021-04-07,30.4,-84.05,119.3,4,33.59,3
2021-04-07,30.4,-84.0,204.3,4,30.34,7
2021-04-07,30.5,-84.5,112.9,3,98.92,11
2021-04-07,30.5,-84.05,14.8,1,46.4,6
2021-04-07,30.55,-84.05,9.4,1,4.88,1
2021-04-07,30.55,-83.95,15.0,1,9.76,1
2021-04-07,30.6,-84.2,37.8,2,59.78,11
2021-04-07,30.6,-84.05,42.2,2,26.0,6
2021-04-07,30.6,-84.0,10.7,1,6.47,1
2021-04-07,30.6,-83.7,69.4,2,42.3,7
2021-04-07,30.65,-84.7,48.7,2,75.12,5
2021-04-07,30.65,-84.65,71.8,1,238.45,9
2021-04-07,30.65,-84.25,9.4,1,12.870000000000001,2
2021-04-07,30.65,-84.15,9.1,1,1.39,1
2021-04-07,30.65,-84.1,19.4,1,3.11,1
2021-04-07,30.65,-84.05,21.0,1,25.68,4
2021-04-07,30.65,-81.75,113.69999999999999,3,142.43,11
2021-04-07,30.95,-87.0,376.7,3,136.15,5
2021-04-08,27.15,-82.3,294.6,5,218.20999999999998,10
2021-04-08,27.15,-81.4,53.3,1,87.27,6
2021-04-08,27.6,-82.45,6.8,1,9.25,2
2021-04-08,28.0,-81.0,55.5,3,150.7,7
2021-04-08,28.5,-80.6,781.4,1,219.06,6
2021-04-08,29.95,-81.4,5.6,1,4.06,2
2021-04-09,25.4,-80.55,10.4,1,12.77,2
2021-04-09,26.4,-80.85,15.5,1,201.28,7
2021-04-09,26.55,-80.95,29.099999999999998,2,5.71,1
2021-04-09,26.65,-81.25,33.4,2,28.740000000000002,4
2021-04-09,27.15,-82.35,14.4,1,18.36,3
2021-04-09,27.15,-82.1,23.8,1,39.29,5
2021-04-09,27.25,-80.85,32.5,2,50.5,4
2021-04-09,28.5,-80.6,0.0,1,352.96,12
2021-04-09,28.75,-82.05,14.5,1,10.25,5
2021-04-12,27.0,-82.35,13.3,1,3.89,1
2021-04-12,30.2,-81.5,24.0,1,10.709999999999999,2
2021-04-12,30.45,-83.5,59.4,3,4.56,1
2021-04-12,30.85,-85.1,9.4,1,26.7,6
2021-04-13,27.0,-82.35,18.1,1,7.92,2
2021-04-13,27.2,-80.55,245.5,2,21.54,2
2021-04-13,27.4,-81.2,41.9,2,3.73,1
2021-04-13,27.5,-80.45,10.4,1,3.44,1
2021-04-13,28.4,-81.9,15.4,1,5.47,2
2021-04-13,29.0,-81.1,22.7,1,14.09,3
2021-04-13,29.5,-81.8,28.5,1,36.43,3
2021-04-13,30.15,-83.8,13.9,1,12.760000000000002,2
2021-04-13,30.45,-83.5,33.5,1,9.620000000000001,2
2021-04-13,30.45,-81.9,19.3,1,17.240000000000002,5
2021-04-13,30.55,-84.05,21.7,1,19.04,3
2021-04-13,30.55,-83.95,12.7,1,10.3,2
2021-04-13,30.6,-84.1,21.6,2,11.0,2
2021-04-13,30.6,-83.95,54.1,3,11.05,2
2021-04-13,30.6,-83.8,72.2,2,22.39,2
2021-04-13,30.6,-83.7,24.4,2,3.91,1
2021-04-13,30.65,-84.2,32.6,1,2.43,1
2021-04-13,30.65,-83.8,13.3,1,22.77,2
2021-04-13,30.7,-81.95,21.3,1,26.08,5
2021-04-14,26.25,-81.55,10.3,1,2.7,1
2021-04-14,26.45,-81.6,25.0,1,65.33,6
2021-04-14,26.45,-81.2,13.7,1,5.06,1
2021-04-14,26.45,-81.15,14.2,1,20.75,4
2021-04-14,27.1,-82.3,67.3,2,21.71,3
2021-04-14,27.15,-82.35,48.9,2,6.79,1
2021-04-14,27.15,-81.75,130.3,5,2.3,1
2021-04-14,27.35,-81.95,11.6,1,204.24,3
2021-04-14,27.65,-80.65,23.7,1,6.3,1
2021-04-14,27.65,-80.6,77.6,2,79.99,5
2021-04-14,27.7,-80.9,13.8,1,8.73,1
2021-04-14,27.95,-81.4,83.9,2,74.27,3
2021-04-14,28.0,-81.4,22.6,1,318.3,2
2021-04-14,28.15,-82.1,111.4,4,27.82,4
2021-04-14,28.4,-81.9,19.0,1,11.96,2
2021-04-14,28.45,-82.5,31.2,1,6.0,1
2021-04-14,28.7,-82.45,174.6,3,325.58,10
2021-04-14,29.6,-82.55,27.6,1,30.53,1
2021-04-14,29.95,-84.6,10.3,1,3.39,1
2021-04-14,30.3,-82.7,12.0,1,9.43,1
2021-04-14,30.55,-83.95,18.0,1,11.04,2
2021-04-14,30.65,-84.15,7.4,1,1.55,1
2021-04-14,30.65,-84.05,5.8,1,27.47,3
2021-04-14,30.65,-83.95,9.7,1,24.099999999999998,4
2021-04-15,26.55,-81.6,28.6,1,5.29,1
2021-04-15,26.55,-81.55,26.1,2,20.4,3
2021-04-15,27.75,-80.6,37.3,1,65.98,7
2021-04-16,27.25,-80.6,18.9,2,13.25,1
2021-04-20,30.85,-86.75,217.5,4,60.03,3
2021-04-20,30.85,-86.7,88.5,2,9.05,2
2021-04-20,30.95,-87.1,15.5,1,23.130000000000003,5
2021-04-21,29.95,-82.4,18.1,1,6.98,1
2021-04-21,29.95,-81.4,25.0,2,14.56,1
2021-04-21,30.35,-85.1,28.4,2,59.5,3
2021-04-21,30.4,-83.9,14.9,1,14.14,2
2021-04-21,30.5,-85.05,52.0,2,43.91,5
2021-04-21,30.6,-84.05,13.1,2,14.37,3
2021-04-21,30.9,-86.9,62.2,2,36.68,6
2021-04-21,30.95,-86.65,15.3,2,79.83,7
2021-04-22,26.45,-80.85,327.29999999999995,2,67.52,2
2021-04-22,26.55,-81.5,78.6,2,23.59,1
2021-04-22,26.8,-81.2,339.5,3,4.07,1
2021-04-22,26.9,-81.85,170.5,4,227.95999999999998,4
2021-04-22,26.9,-80.6,114.7,4,30.55,5
2021-04-22,27.15,-82.5,98.7,3,6.95,1
2021-04-22,27.15,-82.45,11.9,1,17.22,2
2021-04-22,27.5,-82.05,20.4,1,14.26,2
2021-04-22,27.75,-82.3,30.7,1,14.01,1
2021-04-22,28.05,-81.05,98.9,2,69.06,6
2021-04-22,28.25,-82.05,31.2,1,10.37,1
2021-04-22,28.25,-82.0,295.0,5,539.15,10
2021-04-22,28.3,-82.4,10.4,1,5.96,1
2021-04-22,28.35,-82.25,11.9,1,3.0,1
2021-04-22,28.4,-81.8,11.0,1,4.26,1
2021-04-22,28.6,-82.6,26.4,1,24.77,1
2021-04-22,28.75,-82.05,11.8,1,8.91,1
2021-04-22,29.55,-82.7,29.7,1,15.08,2
2021-04-22,29.55,-82.65,62.2,2,47.1,6
2021-04-22,29.55,-82.2,25.7,1,52.45,3
2021-04-22,29.95,-82.4,9.3,1,3.56,1
2021-04-22,30.25,-84.15,5.4,1,18.31,2
2021-04-22,30.35,-84.65,1515.0,9,43.04,6
2021-04-22,30.35,-84.6,161.7,5,384.34000000000003,13
2021-04-22,30.35,-83.95,295.7,5,38.72,5
2021-04-22,30.4,-83.95,55.3,1,54.21,3
2021-04-22,30.4,-83.8,10.4,1,13.309999999999999,2
2021-04-22,30.5,-85.7,82.6,3,18.0,1
2021-04-22,30.5,-85.05,15.8,1,24.98,5
2021-04-22,30.5,-83.2,82.7,2,14.12,3
2021-04-22,30.55,-85.2,7.8,1,4.34,2
2021-04-22,30.55,-85.1,22.0,2,18.71,3
2021-04-22,30.6,-83.95,20.1,1,3.88,1
2021-04-22,30.65,-84.15,18.0,1,11.01,2
2021-04-22,30.75,-85.5,44.0,2,10.59,2
2021-04-22,30.75,-85.45,87.80000000000001,3,49.17,5
2021-04-23,26.15,-81.35,11.3,1,26.14,3
2021-04-23,26.4,-80.85,29.1,1,9.6,1
2021-04-23,28.55,-82.3,21.3,1,3.98,1
2021-04-23,28.75,-82.05,10.9,1,19.58,6
2021-04-26,26.4,-81.0,104.89999999999999,2,18.45,3
2021-04-26,26.85,-80.5,48.7,1,2.91,1
2021-04-26,27.15,-82.3,185.39999999999998,2,64.96,6
2021-04-26,27.15,-81.55,29.5,2,13.260000000000002,2
2021-04-26,27.15,-81.4,7.5,1,9.11,1
2021-04-26,30.0,-83.25,9.2,1,10.19,1
2021-04-26,30.35,-83.65,21.4,1,48.910000000000004,4
2021-04-26,30.55,-86.6,9.8,1,541.82,25
2021-04-27,27.75,-82.3,130.10000000000002,3,15.3,3
2021-04-27,28.3,-82.15,90.7,2,33.48,2
2021-04-27,28.45,-82.65,142.9,1,45.09,3
2021-04-27,28.6,-82.35,41.4,2,23.549999999999997,3
2021-04-27,29.9,-84.95,91.6,2,96.42,4
2021-04-27,29.9,-84.9,109.1,4,299.06,18
2021-04-27,30.1,-81.6,7.4,1,12.4,1
2021-04-27,30.45,-85.2,59.5,2,3.21,1
2021-04-27,30.5,-83.3,88.19999999999999,2,7.88,1
2021-04-28,25.95,-80.75,28.099999999999998,2,507.2,18
2021-04-28,27.0,-81.85,39.6,1,281.0,7
2021-04-28,27.1,-82.35,21.3,2,15.77,1
2021-04-28,27.15,-82.35,524.8,3,16.25,3
2021-04-28,27.35,-81.45,30.7,1,7.05,1
2021-04-28,27.65,-82.4,22.2,1,3.09,1
2021-04-28,27.8,-80.6,250.6,4,20.71,4
2021-04-28,28.8,-82.45,136.2,1,23.490000000000002,3
2021-04-28,29.05,-81.95,23.2,1,8.14,2
2021-04-28,29.9,-83.65,35.6,1,6.19,1
2021-04-28,30.4,-85.2,16.7,1,6.13,1
2021-04-28,30.45,-86.65,475.9,2,13.59,2
2021-04-28,30.5,-86.7,847.1,6,991.87,49
2021-04-28,30.5,-86.65,772.3,4,462.35,26
2021-04-28,30.85,-86.5,119.8,1,72.96000000000001,4
2021-04-29,26.8,-80.35,127.7,3,6.63,1
2021-04-29,26.85,-80.55,46.3,1,10.969999999999999,2
2021-04-29,27.1,-81.55,21.1,1,82.3,7
2021-04-29,27.15,-82.35,213.9,3,190.6,21
2021-04-29,27.2,-82.35,97.8,1,12.65,1
2021-04-29,27.2,-82.3,202.3,3,15.440000000000001,2
2021-04-29,29.4,-82.65,45.9,1,2.15,1
2021-04-29,29.8,-82.95,14.1,1,8.97,1
2021-04-29,29.95,-82.8,62.1,1,69.92,7
2021-04-29,30.15,-85.45,27.3,2,3.74,1
2021-04-29,30.4,-83.95,40.8,2,10.06,1
2021-04-29,30.5,-85.3,8.3,1,45.68,4
2021-04-30,25.35,-80.45,71.0,2,8.71,1
2021-04-30,25.35,-80.4,384.4,7,259.75,19
2021-04-30,25.4,-80.45,83.7,2,19.65,3
2021-04-30,25.4,-80.4,278.2,3,552.45,18
2021-04-30,27.65,-81.2,114.4,1,186.32,8
2021-04-30,28.1,-81.0,259.9,2,7.13,1
2021-04-30,28.6,-82.1,4.7,1,1.31,1
2021-04-30,29.5,-81.75,17.6,1,18.98,2
2021-05-01,25.4,-80.4,165.0,3,66.59,13
2021-05-01,30.45,-85.2,260.1,1,135.03,4
2021-05-02,25.35,-80.45,564.0,11,72.67,4
2021-05-02,25.35,-80.4,627.8,6,68.89,15
2021-05-02,28.2,-80.85,13.7,1,1.04,1
2021-05-03,25.35,-80.45,237.9,5,229.35999999999999,34
2021-05-03,25.4,-80.45,15.2,1,5.23,4
2021-05-03,27.15,-82.35,109.19999999999999,2,506.3,15
2021-05-04,25.35,-80.45,20.3,2,68.59,20
2021-05-04,26.5,-81.0,37.4,1,12.46,1
2021-05-04,26.5,-80.95,84.2,1,12.46,1
2021-05-04,27.15,-82.35,2390.0,5,647.36,22
2021-05-04,27.8,-81.15,23.1,1,41.75,5
2021-05-04,30.35,-83.9,64.3,2,8.08,2
2021-05-04,30.65,-84.8,15.7,1,27.35,2
2021-05-05,26.3,-81.7,760.9000000000001,2,70.85,3
2021-05-05,26.3,-81.2,6.8,1,10.19,1
2021-05-05,26.55,-81.5,12.0,1,16.43,1
2021-05-05,27.65,-81.45,57.6,1,22.52,2
2021-05-05,27.85,-81.2,86.8,2,21.07,3
2021-05-05,28.0,-81.0,23.5,2,5.2,1
2021-05-05,28.45,-81.15,293.3,4,70.64999999999999,9
2021-05-05,28.6,-80.7,14.1,1,61.44,4
2021-05-06,26.3,-81.7,32.6,1,51.309999999999995,4
2021-05-06,26.6,-81.45,25.4,1,18.76,1
2021-05-06,27.6,-80.6,23.2,1,12.45,1
2021-05-07,26.5,-80.5,66.9,5,112.71000000000001,6
2021-05-07,30.55,-86.4,84.3,3,310.42,20
2021-05-07,30.55,-83.3,149.8,3,10.16,1
2021-05-07,30.6,-86.4,106.0,2,500.84000000000003,14
2021-05-08,26.5,-80.5,5.9,1,21.74,5
2021-05-08,28.25,-81.15,18.5,1,14.38,2
2021-05-08,28.5,-80.75,334.9,2,15.149999999999999,4
2021-05-08,28.8,-82.55,10.2,1,1.9,1
2021-05-08,30.65,-85.25,53.7,1,19.53,2
2021-05-08,30.65,-85.2,38.3,1,33.01,4
2021-05-08,30.8,-87.55,20.1,2,7.06,1
2021-05-09,27.45,-81.4,45.3,1,18.72,2
2021-05-11,26.5,-80.9,61.699999999999996,2,9.67,1
2021-05-11,26.65,-80.85,31.299999999999997,2,14.64,1
2021-05-14,29.55,-82.6,23.5,2,28.47,3
2021-05-14,30.0,-83.25,22.3,1,8.9,2
2021-05-14,30.7,-86.75,323.4,4,1.92,1
2021-05-14,30.85,-86.85,35.3,2,5.9399999999999995,2
2021-05-15,30.6,-86.8,201.5,2,213.96,18
2021-05-16,30.4,-86.7,1318.4,5,129.71,4
2021-05-16,30.45,-86.7,283.4,7,923.8299999999999,26
2021-05-16,30.65,-85.65,6.7,1,7.15,1
2021-05-17,28.2,-80.85,322.4,6,89.74,13
2021-05-17,29.85,-81.55,140.0,2,261.48,6
2021-05-17,30.15,-81.9,24.9,1,54.56,2
2021-05-17,30.4,-85.6,101.9,2,7.68,1
2021-05-17,30.45,-83.9,15.3,1,14.98,2
2021-05-18,26.45,-80.45,65.5,2,104.39999999999999,6
2021-05-18,26.5,-80.45,9.9,1,6.12,1
2021-05-18,26.85,-80.35,33.3,1,84.93,5
2021-05-18,29.1,-82.1,12.9,1,10.62,2
2021-05-18,29.85,-81.55,28.7,3,1.43,1
2021-05-18,30.0,-82.75,76.9,3,58.620000000000005,4
2021-05-18,30.05,-82.75,30.1,1,48.59,1
2021-05-18,30.4,-85.6,22.4,1,4.87,5
2021-05-18,30.45,-85.2,18.3,1,31.62,6
2021-05-18,30.45,-83.9,14.8,1,4.9,2
2021-05-18,30.5,-83.25,7.5,1,7.4,2
2021-05-19,27.65,-82.0,86.19999999999999,2,28.29,6
2021-05-19,30.2,-84.6,13.1,1,25.25,5
2021-05-20,27.55,-81.35,18.8,1,12.07,2
2021-05-20,30.75,-85.0,22.4,1,5.22,1
2021-05-21,27.75,-80.6,198.89999999999998,3,33.15,3
2021-05-21,28.1,-80.7,56.1,1,141.39,10
2021-05-22,27.5,-81.35,10.1,1,8.92,2
2021-05-22,28.1,-80.7,144.2,3,34.96,2
2021-05-23,26.2,-81.55,29.299999999999997,2,7.85,8
2021-05-24,26.8,-80.3,926.9,6,169.70000000000002,7
2021-05-24,26.85,-80.3,85.2,1,62.03,2
2021-05-24,30.1,-85.35,20.9,1,16.29,4
2021-05-24,30.15,-83.8,28.4,2,10.92,1
2021-05-24,30.35,-83.8,31.5,2,56.71,4
2021-05-24,30.35,-83.5,15.6,1,13.5,2
2021-05-24,30.9,-85.35,129.2,2,41.36,4
2021-05-25,26.8,-80.3,103.7,5,39.980000000000004,6
2021-05-25,27.55,-81.25,89.3,2,42.16,4
2021-05-25,27.75,-81.35,6.8,1,2.11,2
2021-05-25,30.1,-85.35,11.0,1,7.57,1
2021-05-25,30.4,-85.6,30.8,1,41.03,7
2021-05-25,30.45,-85.2,30.0,2,23.75,3
2021-05-26,30.6,-84.35,10.5,1,1.19,1
2021-05-27,26.65,-81.05,11.3,1,114.81,3
2021-05-27,29.2,-82.95,12.7,1,29.76,2
2021-05-29,26.3,-80.75,214.1,2,36.87,1
2021-05-30,26.35,-80.75,230.6,6,166.07,32
2021-05-30,26.4,-80.8,191.7,3,91.14,13
2021-05-30,26.4,-80.75,2261.3,13,290.4,26
2021-05-30,29.7,-81.5,8.5,1,0.88,1
2021-05-30,30.45,-86.85,90.2,2,38.589999999999996,6
2021-05-30,30.5,-86.85,50.4,2,397.12,27
2021-05-30,30.5,-86.8,76.6,1,92.33000000000001,12
2021-05-31,25.95,-81.25,33.9,1,51.85,4
2021-05-31,26.0,-81.55,37.9,1,43.54,4
2021-05-31,26.05,-81.2,86.2,1,141.84,9
2021-05-31,26.05,-81.15,62.2,1,13.88,1
2021-05-31,26.3,-80.7,393.20000000000005,5,127.32000000000001,13
2021-05-31,26.4,-80.85,51.2,2,27.98,5
2021-05-31,27.65,-81.95,29.3,2,30.13,9
2021-05-31,28.55,-82.5,12.9,1,24.21,8
2021-05-31,28.6,-82.5,24.8,1,50.14,8
2021-06-01,25.95,-81.25,96.1,6,6.41,3
2021-06-01,26.05,-81.2,26.6,3,8.75,6
2021-06-01,26.05,-81.15,6.7,1,5.81,4
2021-06-01,26.3,-80.7,418.0,6,104.88,8
2021-06-01,26.35,-80.7,145.7,3,22.98,3
2021-06-01,27.1,-82.35,53.599999999999994,4,10.66,7
2021-06-01,28.25,-82.55,25.6,1,31.08,3
2021-06-01,30.0,-84.9,18.5,1,50.75,3
2021-06-07,27.0,-80.35,11.1,1,21.01,1
2021-06-07,27.25,-81.75,32.5,1,9.66,2
2021-06-07,28.2,-81.65,22.1,1,23.58,2
2021-06-08,27.2,-82.2,91.0,3,487.71000000000004,22
2021-06-08,27.9,-81.1,111.7,2,4.92,1
2021-06-08,29.95,-81.4,19.9,1,0.99,2
2021-06-09,26.4,-81.6,94.4,3,102.46000000000001,3
2021-06-09,27.5,-82.15,102.6,2,16.939999999999998,3
2021-06-09,27.55,-80.7,30.4,1,29.74,1
2021-06-09,27.55,-80.65,114.1,2,54.89,4
2021-06-09,27.65,-82.35,64.2,2,111.13,2
2021-06-09,28.2,-81.6,42.9,1,22.83,2
2021-06-09,28.45,-82.5,44.8,2,15.31,1
2021-06-09,28.95,-82.7,40.4,2,9.81,1
2021-06-09,29.95,-81.4,17.9,1,11.07,2
2021-06-09,30.75,-85.9,18.7,1,12.55,1
2021-06-09,30.8,-86.45,4.5,1,3.18,1
2021-06-10,26.45,-80.25,20.0,1,10.48,2
2021-06-10,27.55,-81.3,47.9,1,323.85,14
2021-06-10,27.6,-81.75,26.3,1,34.49,5
2021-06-10,27.65,-81.45,27.6,1,363.65999999999997,10
2021-06-10,27.9,-81.2,149.8,2,3.58,1
2021-06-10,28.95,-82.7,51.0,1,25.28,4
2021-06-11,29.35,-83.0,8.8,1,4.55,1
2021-06-11,30.35,-82.4,189.4,2,44.83,5
2021-06-12,26.4,-81.0,12.7,1,12.26,2
2021-06-12,28.7,-82.05,12.8,1,16.47,5
2021-06-12,28.95,-81.05,53.4,1,45.48,2
2021-06-13,28.95,-81.0,25.9,1,45.75,32
2021-06-14,30.4,-85.2,12.1,1,7.28,1
2021-06-14,30.85,-87.35,22.0,1,18.310000000000002,2
2021-06-17,30.1,-85.35,15.2,1,19.94,4
2021-06-17,30.35,-85.4,61.3,1,138.94,5
2021-06-17,30.35,-82.4,11.1,1,15.0,3
2021-06-17,30.4,-85.6,14.8,1,16.17,4
2021-06-25,30.45,-85.2,9.7,1,16.299999999999997,4
2021-06-27,26.4,-80.9,17.5,1,38.99,5
2021-06-27,26.4,-80.85,71.9,2,90.93,20
2021-06-27,27.5,-81.05,57.9,2,16.6,2
2021-06-27,27.55,-81.1,1419.0,8,205.91,9
2021-06-27,27.55,-81.05,227.6,3,206.05,10
2021-06-27,27.6,-81.1,156.8,2,35.89,1
2021-06-28,26.35,-80.9,18.1,1,48.02,8
2021-06-28,26.35,-80.85,9.9,1,15.65,6
2021-06-28,26.4,-80.9,23.5,1,9.52,9
2021-06-28,27.8,-80.65,185.7,4,213.94,8
2021-06-28,27.8,-80.6,504.6,4,412.70000000000005,4
2021-06-28,27.85,-80.65,378.2,4,283.7,8
2021-06-29,28.7,-82.05,13.4,1,3.54,3
2021-07-08,26.7,-81.15,9.1,1,4.04,1
2021-07-08,27.0,-81.75,10.6,1,15.6,2
2021-07-09,27.35,-81.4,71.4,2,18.67,3
2021-07-13,28.0,-81.0,19.9,2,47.37,5
2021-07-13,28.7,-82.05,62.6,2,18.75,1
2021-07-13,30.05,-83.1,17.2,1,3.42,1
2021-07-13,30.55,-83.75,8.1,1,1.63,1
2021-07-14,26.4,-81.0,11.2,1,23.0,4
2021-07-14,29.05,-82.55,17.8,1,10.7,2
2021-07-14,30.1,-83.25,10.4,1,2.52,1
2021-07-14,30.15,-85.25,9.5,1,5.02,1
2021-07-15,27.6,-81.1,115.4,3,35.81,6
2021-07-15,28.0,-80.9,262.7,4,8.02,2
2021-07-15,28.7,-82.05,31.5,2,2.64,3
2021-07-15,29.7,-82.25,19.6,2,8.88,2
2021-07-16,27.55,-82.35,28.7,2,7.32,2
2021-07-16,28.35,-82.15,14.6,1,44.64,6
2021-07-16,28.55,-82.3,31.4,2,14.34,3
2021-07-16,28.7,-82.05,15.0,1,12.38,5
2021-07-16,29.5,-82.7,52.1,2,7.82,1
2021-07-16,29.5,-82.65,26.9,1,15.64,2
2021-07-16,30.15,-85.3,14.7,1,15.68,2
2021-07-17,30.45,-86.8,359.8,6,159.26,20
2021-07-17,30.45,-86.75,61.5,2,35.11,4
2021-07-18,28.7,-82.05,7.8999999999999995,2,10.89,3
2021-07-19,27.15,-81.15,14.5,1,11.26,2
2021-07-20,27.85,-81.1,48.4,2,5.54,1
2021-07-20,28.05,-81.45,88.8,3,80.35,10
2021-07-21,26.7,-81.25,6.7,1,3.49,1
2021-07-21,27.3,-81.3,55.8,1,40.39,2
2021-07-21,28.1,-81.45,16.5,1,38.4,2
2021-07-21,28.7,-82.05,8.4,1,0.99,1
2021-07-22,25.65,-80.7,57.0,1,18.78,2
2021-07-22,27.7,-81.05,215.2,2,21.36,3
2021-07-22,28.7,-82.05,38.7,2,3.23,2
2021-07-23,30.4,-85.55,65.9,2,6.92,1
2021-07-24,27.75,-82.3,10.2,1,11.25,1
2021-07-26,28.7,-82.05,17.2,1,1.47,2
2021-07-26,30.45,-85.2,75.5,2,50.43,3
2021-07-26,30.45,-85.1,62.9,2,28.4,2
2021-07-26,30.5,-85.1,11.9,1,41.07,2
2021-07-27,28.7,-82.05,21.9,2,13.3,3
2021-07-29,30.45,-85.2,18.5,2,8.850000000000001,3
2021-07-30,26.85,-82.0,56.1,4,65.38,9
2021-07-30,28.0,-81.15,18.6,2,12.49,3
2021-07-30,29.75,-82.25,24.5,2,2.54,1
2021-07-31,30.45,-85.2,21.9,1,5.16,1
2021-08-02,27.1,-82.25,100.0,2,19.689999999999998,2
2021-08-06,30.05,-85.35,8.1,1,8.96,1
2021-08-06,30.4,-85.55,11.4,1,11.31,1
2021-08-08,30.45,-85.1,56.7,3,37.48,4
2021-08-09,28.3,-81.2,11.9,1,7.42,1
2021-08-10,28.3,-82.55,15.5,1,9.78,3
2021-08-11,28.35,-82.1,54.900000000000006,2,4.93,1
2021-08-11,30.5,-85.85,60.1,1,5.24,1
2021-08-11,30.5,-85.75,15.7,1,128.57999999999998,4
2021-08-11,30.5,-85.7,127.2,3,104.35,5
2021-08-12,28.65,-80.9,87.0,2,4.94,2
2021-08-12,30.5,-85.85,158.5,4,10.0,1
2021-08-14,30.25,-84.35,50.1,1,5.57,1
2021-08-18,25.8,-80.55,125.5,3,31.77,3
2021-08-18,27.55,-82.1,51.900000000000006,2,24.3,2
2021-08-18,27.6,-80.8,36.8,1,14.04,2
2021-08-18,28.2,-82.6,32.3,2,67.26,6
2021-08-19,27.55,-82.1,21.2,1,14.559999999999999,2
2021-08-19,30.0,-85.35,8.1,1,6.48,1
2021-08-19,30.25,-84.35,69.2,2,30.03,3
2021-08-19,30.6,-83.6,20.8,2,8.26,1
2021-08-20,28.7,-82.05,39.3,1,1.4,1
2021-08-20,28.75,-81.5,41.6,1,28.419999999999998,4
2021-08-20,30.55,-85.3,4.7,1,4.86,3
2021-08-21,28.7,-82.05,10.0,1,15.92,3
2021-08-23,26.1,-80.75,196.4,3,0.95,1
2021-08-24,26.95,-80.2,9.0,1,26.94,4
2021-08-30,26.75,-81.1,29.7,2,6.28,1
2021-08-30,28.7,-82.05,12.1,1,11.39,1
2021-08-31,26.7,-81.1,56.0,2,60.74,2
2021-08-31,27.45,-82.1,7.1,1,5.46,1
2021-08-31,28.75,-82.0,7.6,1,4.56,1
2021-08-31,29.05,-82.05,9.0,1,6.58,2
2021-09-01,27.25,-80.5,7.7,1,1.55,1
2021-09-07,30.7,-84.95,19.5,2,17.740000000000002,3
2021-09-08,26.5,-81.5,44.400000000000006,2,21.86,2
2021-09-08,29.5,-81.2,5.6,1,4.6,1
2021-09-09,26.5,-81.5,13.3,1,6.71,1
2021-09-10,30.05,-85.35,17.2,1,10.68,2
2021-09-10,30.6,-85.3,11.4,1,9.92,2
2021-09-14,28.7,-82.05,7.0,1,1.27,1
2021-09-15,27.35,-80.45,7.4,1,2.51,1
2021-09-15,28.7,-82.05,13.2,1,1.0,1
2021-09-21,30.55,-85.85,26.8,1,29.04,2
2021-09-24,29.6,-81.3,7.1,1,2.03,1
2021-09-24,30.05,-85.35,10.6,1,21.73,5
2021-09-24,30.2,-83.3,7.0,1,3.32,1
2021-09-24,30.45,-85.25,6.9,1,2.7,1
2021-09-24,30.5,-83.5,8.3,1,3.94,2
2021-09-24,30.55,-84.45,91.8,2,29.33,2
2021-09-25,30.4,-85.4,23.3,1,21.06,3
2021-09-26,26.7,-81.1,27.200000000000003,2,5.63,1
2021-09-26,30.45,-85.05,23.5,2,14.32,1
2021-09-26,30.65,-85.2,11.7,1,8.14,2
2021-09-27,26.5,-81.5,11.0,1,6.7,2
2021-09-27,28.7,-82.05,28.2,1,10.64,2
2021-09-27,30.05,-85.35,19.5,1,15.76,2
2021-09-27,30.3,-84.25,10.7,1,12.23,2
2021-09-27,30.4,-85.4,81.1,4,7.42,1
2021-09-27,30.8,-87.55,7.6,1,7.59,1
2021-09-28,27.25,-81.8,7.3,1,7.15,1
2021-09-28,28.25,-82.6,17.8,1,32.86,4
2021-09-28,30.35,-85.25,97.0,2,42.47,1
2021-09-28,30.55,-85.85,8.0,1,2.77,1
2021-09-28,30.6,-85.3,18.3,2,17.28,2
2021-09-29,26.85,-80.3,96.3,2,104.72,4
2021-09-29,26.9,-81.9,52.4,1,9.14,2
2021-09-29,28.2,-82.25,12.1,1,8.3,2
2021-09-29,29.05,-82.55,36.8,2,18.95,1
2021-09-29,30.05,-85.35,20.5,1,2.16,1
2021-09-30,27.35,-81.7,10.5,1,6.16,1
2021-09-30,28.7,-82.05,25.6,1,0.42,1
2021-10-01,28.55,-82.6,6.5,1,5.27,1
2021-10-01,30.45,-81.5,35.5,1,4.53,1
2021-10-04,27.05,-80.55,14.0,1,16.73,2
2021-10-04,28.6,-81.75,14.1,1,12.120000000000001,2
2021-10-04,30.25,-82.9,443.9,5,130.62,6
2021-10-05,26.75,-80.35,17.0,1,6.79,1
2021-10-06,27.15,-81.65,42.8,1,27.31,3
2021-10-06,27.45,-82.3,29.1,1,75.95,5
2021-10-09,29.6,-81.95,10.9,1,4.52,1
2021-10-09,30.5,-85.35,7.4,1,6.53,1
2021-10-10,30.0,-83.75,4.9,1,3.06,1
2021-10-11,28.7,-82.1,8.8,1,3.78,1
2021-10-11,28.7,-82.05,10.7,1,11.64,2
2021-10-11,30.55,-83.5,70.5,2,15.15,1
2021-10-11,30.9,-86.5,405.20000000000005,5,15.04,2
2021-10-11,30.95,-86.5,23.9,1,205.85000000000002,3
2021-10-12,28.25,-81.4,9.4,1,5.42,1
2021-10-12,28.6,-81.75,10.9,1,7.3,1
2021-10-12,28.7,-82.05,10.5,1,5.07,1
2021-10-12,30.05,-85.4,40.3,2,7.15,1
2021-10-12,30.5,-85.85,81.0,2,20.97,1
2021-10-12,30.5,-83.45,10.5,1,3.45,1
2021-10-13,28.55,-81.75,14.1,1,7.03,1
2021-10-13,30.05,-85.4,28.900000000000002,2,16.369999999999997,3
2021-10-13,30.25,-84.35,15.7,1,10.23,2
2021-10-13,30.5,-85.85,29.7,2,8.83,1
2021-10-13,30.5,-83.05,15.7,1,6.54,1
2021-10-13,30.6,-85.3,8.3,1,3.76,1
2021-10-13,30.85,-86.4,57.5,2,82.3,6
2021-10-13,30.85,-86.35,63.2,2,56.58,3
2021-10-14,26.75,-81.5,13.7,1,23.23,3
2021-10-14,27.5,-81.95,4.6,1,3.21,1
2021-10-14,30.5,-84.6,20.700000000000003,2,11.97,1
2021-10-14,30.85,-86.4,60.800000000000004,2,94.53,3
2021-10-14,30.85,-86.35,11.3,1,45.870000000000005,3
2021-10-15,26.7,-81.3,61.8,2,3.67,1
2021-10-15,28.7,-82.05,22.3,1,41.730000000000004,5
2021-10-15,30.05,-85.4,7.4,1,5.89,1
2021-10-15,30.5,-84.95,9.4,1,5.42,1
2021-10-15,30.6,-84.8,26.7,1,135.41,6
2021-10-16,28.7,-82.05,25.7,1,6.630000000000001,4
2021-10-16,30.0,-85.4,2.9,1,5.78,2
2021-10-16,30.25,-85.15,132.6,4,77.37,9
2021-10-17,30.2,-85.15,177.3,2,83.46,6
2021-10-17,30.25,-85.15,114.5,2,82.64,4
2021-10-18,26.45,-81.5,7.4,1,5.5,1
2021-10-18,27.6,-81.7,10.8,1,9.84,1
2021-10-18,27.75,-82.15,27.7,2,81.32,9
2021-10-18,27.8,-81.4,14.2,1,47.07,4
2021-10-18,27.85,-81.4,14.0,1,28.169999999999998,2
2021-10-18,28.35,-82.0,47.9,2,91.25999999999999,5
2021-10-18,28.35,-81.95,21.4,1,55.94,3
2021-10-18,28.7,-82.05,12.0,1,5.59,1
2021-10-19,25.55,-81.2,690.0999999999999,5,4.68,2
2021-10-19,25.6,-81.2,30.8,1,106.83,9
2021-10-19,27.7,-81.1,549.0,2,24.869999999999997,4
2021-10-19,27.75,-82.15,71.0,2,23.830000000000002,4
2021-10-19,28.65,-81.15,59.4,2,263.81,6
2021-10-19,28.7,-82.05,13.3,1,10.0,1
2021-10-19,29.0,-81.6,107.29999999999998,3,3.01,1
2021-10-19,29.3,-82.15,10.6,1,5.05,1
2021-10-19,29.4,-82.4,6.4,1,3.76,1
2021-10-19,29.7,-83.05,80.8,3,36.92,2
2021-10-19,29.9,-82.7,7.0,1,7.959999999999999,2
2021-10-19,30.05,-85.35,7.9,1,5.08,1
2021-10-19,30.5,-84.65,74.6,2,90.78,6
2021-10-19,30.6,-84.8,13.399999999999999,2,60.01,5
2021-10-20,28.55,-80.95,72.4,1,87.99,6
2021-10-20,29.7,-82.3,10.4,1,11.79,1
2021-10-20,30.35,-84.0,11.2,1,8.11,1
2021-10-20,30.5,-84.7,27.0,1,85.36000000000001,3
2021-10-20,30.6,-84.8,8.2,1,31.17,4
2021-10-20,30.8,-85.25,204.9,6,36.769999999999996,2
2021-10-20,30.9,-85.95,28.9,2,16.880000000000003,2
2021-10-21,26.75,-80.4,36.7,1,9.19,1
2021-10-21,26.75,-80.35,32.4,1,44.18,2
2021-10-21,29.7,-83.05,196.9,4,4.48,2
2021-10-21,30.35,-84.0,11.7,1,5.76,1
2021-10-21,30.55,-83.35,9.6,1,5.470000000000001,2
2021-10-22,29.7,-83.05,68.2,2,12.61,2
2021-10-23,30.35,-84.8,3.9,1,6.17,1
2021-10-25,30.4,-83.45,325.3,4,76.62,10
2021-10-26,28.7,-82.1,46.1,1,186.37,4
2021-10-26,28.7,-82.05,25.8,1,187.78,3
2021-10-26,30.0,-82.6,13.9,1,7.79,1
2021-10-26,30.2,-83.1,4.0,1,4.22,1
2021-10-26,30.35,-84.0,9.0,1,3.62,1
2021-10-26,30.45,-85.2,106.5,3,180.67,8
2021-10-26,30.5,-84.95,15.1,1,2.89,1
2021-10-26,30.6,-84.6,15.8,1,46.54,5
2021-10-26,30.65,-84.65,47.1,2,86.80000000000001,4
2021-10-27,26.85,-81.8,74.8,2,12.03,1
2021-10-27,26.85,-81.75,18.7,1,12.03,1
2021-10-27,28.7,-82.1,41.7,2,54.95,11
2021-10-27,30.4,-85.9,19.3,1,6.8,2
2021-10-27,30.45,-85.9,22.6,1,19.57,1
2021-10-27,30.45,-85.2,114.4,1,143.9,5
2021-10-31,27.75,-81.85,86.6,2,15.02,2
2021-10-31,30.5,-86.9,124.2,4,26.560000000000002,4
2021-10-31,30.65,-84.8,3.8,1,10.06,1
2021-10-31,30.85,-86.3,63.7,3,37.2,4
2021-11-01,27.6,-81.7,19.5,2,6.34,1
2021-11-01,27.8,-81.2,4.5,1,31.490000000000002,4
2021-11-01,30.25,-83.1,38.9,2,4.86,1
2021-11-02,26.85,-81.8,347.1,3,40.510000000000005,3
2021-11-02,27.6,-81.7,7.2,1,15.280000000000001,2
2021-11-02,30.05,-85.4,19.8,1,18.64,3
2021-11-02,30.4,-85.25,10.7,1,3.11,1
2021-11-02,30.5,-85.85,25.6,1,9.07,1
2021-11-02,30.65,-84.6,21.7,1,132.53,4
2021-11-02,30.65,-84.55,10.7,1,12.84,2
2021-11-02,30.8,-87.1,21.0,1,2.46,1
2021-11-03,27.05,-81.7,12.1,1,17.68,2
2021-11-03,27.1,-81.45,15.8,2,39.489999999999995,3
2021-11-03,27.5,-82.05,12.0,1,10.18,1
2021-11-03,27.75,-82.1,7.0,1,6.18,2
2021-11-03,27.75,-81.5,5.1,1,4.55,1
2021-11-03,28.3,-82.6,5.5,1,4.25,1
2021-11-03,28.95,-81.5,21.700000000000003,2,5.9,1
2021-11-03,29.05,-82.55,8.9,1,4.46,1
2021-11-03,29.25,-81.55,6.0,1,4.65,1
2021-11-03,30.0,-85.4,39.7,2,82.46000000000001,4
2021-11-03,30.05,-85.4,35.1,2,6.37,1
2021-11-03,30.25,-84.35,7.3,1,4.77,1
2021-11-03,30.3,-86.0,5.5,1,2.93,1
2021-11-03,30.4,-85.3,718.5,8,314.33,12
2021-11-03,30.4,-85.25,91.1,3,3.56,2
2021-11-03,30.45,-85.2,7.7,1,28.68,5
2021-11-03,30.45,-84.7,74.5,4,101.68,4
2021-11-03,30.6,-84.6,86.4,3,39.18,4
2021-11-03,30.85,-85.6,47.099999999999994,2,21.18,2
2021-11-03,30.85,-85.2,50.4,2,18.36,2
2021-11-03,30.9,-85.55,61.1,1,31.62,2
2021-11-03,30.9,-85.3,7.9,1,48.59,5
2021-11-03,30.95,-85.45,118.3,4,5.27,1
2021-11-04,30.4,-85.3,92.5,3,35.64,10
2021-11-04,30.4,-85.25,33.2,2,2.71,1
2021-11-04,30.65,-85.25,12.7,1,3.22,1
2021-11-06,30.6,-86.95,13.9,1,18.86,2
2021-11-06,30.65,-87.2,12.2,1,33.82,4
2021-11-06,30.75,-86.75,111.4,3,6.43,1
2021-11-07,30.5,-86.9,489.1,8,195.56,11
2021-11-07,30.85,-86.65,23.200000000000003,2,158.71,4
2021-11-08,26.75,-80.35,69.2,2,55.67,2
2021-11-08,27.15,-82.05,6.1,1,4.64,1
2021-11-08,27.55,-81.9,13.4,1,16.8,2
2021-11-08,28.4,-81.95,101.1,4,7.09,2
2021-11-08,28.55,-82.5,9.7,1,15.55,2
2021-11-08,28.7,-82.1,12.8,1,20.97,5
2021-11-08,29.65,-82.95,27.6,1,25.259999999999998,3
2021-11-08,30.0,-85.2,6.8,1,5.4,1
2021-11-08,30.05,-85.35,241.5,4,57.36,2
2021-11-08,30.4,-83.4,21.8,1,2.87,1
2021-11-08,30.6,-86.95,23.0,1,24.68,1
2021-11-08,30.6,-85.7,118.9,1,66.74000000000001,2
2021-11-08,30.6,-85.65,59.0,2,33.72,3
2021-11-08,30.6,-83.85,5.2,1,7.88,2
2021-11-08,30.8,-85.3,44.0,2,14.7,1
2021-11-08,30.9,-86.55,40.1,1,38.3,4
2021-11-09,27.0,-82.3,35.5,1,10.58,1
2021-11-09,28.55,-82.5,6.1,1,7.47,1
2021-11-09,28.7,-82.1,8.5,1,4.0,2
2021-11-09,29.65,-82.95,41.8,2,19.86,5
2021-11-09,29.7,-81.95,6.1,1,2.85,1
2021-11-09,30.05,-85.35,93.4,4,25.979999999999997,4
2021-11-09,30.15,-83.3,5.5,1,5.02,1
2021-11-09,30.2,-85.0,243.9,3,28.730000000000004,2
2021-11-09,30.2,-84.95,1023.4,8,366.93,42
2021-11-09,30.2,-83.3,10.2,1,5.71,1
2021-11-09,30.35,-83.7,6.1,1,22.94,1
2021-11-09,30.4,-83.4,16.5,1,5.21,1
2021-11-09,30.45,-83.9,5.5,1,4.28,1
2021-11-09,30.45,-83.85,13.6,1,3.62,1
2021-11-09,30.6,-86.95,25.5,2,28.200000000000003,3
2021-11-10,26.3,-81.5,6.4,1,7.78,1
2021-11-10,26.65,-81.25,29.700000000000003,2,40.84,2
2021-11-10,29.65,-82.95,61.8,4,65.39,5
2021-11-10,29.7,-83.1,14.2,1,12.45,1
2021-11-10,29.7,-83.05,4.3,1,3.89,1
2021-11-10,30.15,-83.8,8.3,1,13.28,2
2021-11-10,30.4,-83.4,9.1,2,14.25,2
2021-11-10,30.55,-84.8,83.1,2,155.18,8
2021-11-10,30.6,-86.95,7.3,1,16.259999999999998,2
2021-11-10,30.7,-85.45,186.2,4,25.08,1
2021-11-10,30.8,-86.25,7.3,1,3.68,1
2021-11-10,30.95,-85.25,140.0,3,90.75999999999999,4
2021-11-12,30.15,-83.8,20.5,1,37.46,4
2021-11-13,30.5,-84.95,15.1,1,5.98,1
2021-11-13,30.6,-87.0,7.3,1,2.53,1
2021-11-13,30.65,-86.95,18.0,1,13.92,1
2021-11-13,30.95,-86.6,194.7,2,69.78999999999999,3
2021-11-15,26.7,-81.1,5.9,1,5.2,1
2021-11-15,26.75,-81.75,14.5,1,6.22,1
2021-11-15,27.6,-81.5,28.700000000000003,2,10.45,2
2021-11-15,28.7,-82.1,13.6,1,32.57,1
2021-11-15,29.05,-81.15,14.0,1,3.28,1
2021-11-15,29.25,-81.55,8.1,1,5.83,2
2021-11-15,29.7,-81.95,10.3,1,6.63,1
2021-11-15,29.8,-83.0,11.0,1,2.91,1
2021-11-15,29.95,-81.9,8.6,1,6.82,1
2021-11-15,30.05,-85.35,37.8,3,18.69,3
2021-11-15,30.15,-81.55,9.3,1,3.68,1
2021-11-15,30.4,-84.8,159.3,2,46.26,3
2021-11-15,30.45,-81.55,15.5,1,48.04,4
2021-11-15,30.5,-84.95,26.2,2,18.64,2
2021-11-15,30.6,-86.95,17.6,2,10.79,1
2021-11-15,30.8,-87.1,10.2,1,13.52,2
2021-11-16,26.85,-81.9,113.2,3,36.879999999999995,2
2021-11-16,26.85,-81.85,118.7,2,107.52,6
2021-11-16,27.5,-82.05,33.1,1,12.719999999999999,2
2021-11-16,27.95,-80.6,75.9,1,73.64,4
2021-11-16,28.6,-81.55,23.5,2,6.95,1
2021-11-16,28.7,-82.1,23.0,2,16.32,3
2021-11-16,30.0,-83.1,7.3,1,1.07,1
2021-11-16,30.2,-84.25,30.7,1,14.59,1
2021-11-16,30.25,-85.2,10.2,1,29.14,4
2021-11-16,30.25,-83.3,74.6,2,42.26,4
2021-11-16,30.45,-85.15,80.30000000000001,3,32.1,5
2021-11-16,30.6,-86.95,28.2,1,14.530000000000001,2
2021-11-16,30.6,-84.75,63.6,1,60.6,4
2021-11-17,28.35,-82.0,10.7,1,9.33,1
2021-11-17,28.95,-81.5,22.1,2,52.75,7
2021-11-17,29.0,-81.4,16.6,1,2.33,1
2021-11-17,29.05,-81.45,53.6,1,120.71000000000001,14
2021-11-17,29.8,-82.95,9.4,1,3.7,1
2021-11-17,30.0,-81.95,40.5,2,10.24,2
2021-11-17,30.05,-85.35,4.6,1,4.72,1
2021-11-17,30.3,-85.75,17.2,1,7.87,2
2021-11-17,30.4,-84.8,21.0,2,73.7,5
2021-11-17,30.45,-85.1,143.0,3,182.07999999999998,9
2021-11-17,30.6,-84.4,6.9,1,11.71,3
2021-11-17,30.8,-86.85,94.5,3,170.04,10
2021-11-17,30.9,-85.1,175.5,4,267.46,12
2021-11-17,30.95,-85.7,24.700000000000003,2,25.21,5
2021-11-19,26.9,-81.65,8.2,1,6.44,1
2021-11-19,30.1,-85.3,9.1,1,2.79,1
2021-11-19,30.25,-84.35,187.39999999999998,2,134.54000000000002,5
2021-11-19,30.35,-81.9,9.7,1,13.18,2
2021-11-19,30.4,-84.95,156.6,5,21.32,2
2021-11-19,30.45,-83.85,5.8,1,4.82,1
2021-11-19,30.5,-84.65,13.0,2,14.760000000000002,3
2021-11-19,30.55,-86.05,234.1,2,70.61,1
2021-11-19,30.55,-86.0,523.6,4,44.62,1
2021-11-19,30.55,-85.8,152.3,5,108.08,8
2021-11-19,30.55,-84.75,57.400000000000006,2,48.379999999999995,3
2021-11-19,30.55,-83.35,92.6,3,73.39,2
2021-11-19,30.6,-86.95,138.5,3,32.81,2
2021-11-19,30.75,-86.75,27.4,1,33.2,2
2021-11-19,30.95,-86.9,141.6,3,3.4,1
2021-11-20,30.35,-84.8,5.8,1,8.22,1
2021-11-20,30.35,-83.25,26.5,2,8.9,2
2021-11-20,30.4,-85.3,10.9,1,3.4,1
2021-11-20,30.4,-84.95,6.6,1,5.87,1
2021-11-20,30.5,-84.95,22.3,2,2.75,1
2021-11-20,30.6,-86.95,99.8,3,25.72,2
2021-11-21,30.35,-83.25,8.8,1,11.59,2
2021-11-21,30.4,-84.05,22.5,2,3.07,1
2021-11-21,30.45,-84.05,24.6,1,9.4,2
2021-11-21,30.6,-86.3,49.5,1,26.9,2
2021-11-23,29.9,-82.05,14.0,1,10.14,2
2021-11-23,29.9,-82.0,19.8,1,30.23,4
2021-11-23,30.25,-84.35,7.8,1,7.52,2
2021-11-23,30.55,-85.1,10.3,1,21.89,3
2021-11-23,30.65,-84.7,50.6,1,18.310000000000002,2
2021-11-23,30.65,-84.4,30.7,1,11.05,1
2021-11-24,28.8,-82.55,44.2,3,25.33,2
2021-11-24,30.0,-82.55,12.5,1,13.7,2
2021-11-24,30.0,-81.4,32.0,2,13.91,1
2021-11-24,30.25,-84.4,4.9,1,3.45,1
2021-11-24,30.25,-83.3,6.9,1,8.06,1
2021-11-24,30.35,-81.85,16.6,1,3.54,1
2021-11-24,30.45,-83.65,65.3,4,41.67,4
2021-11-24,30.55,-85.1,3.9,1,4.3,1
2021-11-24,30.75,-87.4,9.0,1,10.12,2
2021-11-24,30.85,-86.3,6.7,1,4.13,1
2021-11-25,30.7,-84.95,20.5,1,4.72,1
2021-11-26,30.1,-85.5,10.4,1,3.08,1
2021-11-26,30.4,-84.05,48.5,2,27.46,2
2021-11-26,30.45,-85.2,24.4,3,38.71,4
2021-11-27,30.4,-84.05,39.1,1,38.5,5
2021-11-27,30.8,-87.1,51.3,2,19.009999999999998,4
2021-11-28,26.85,-81.2,37.1,2,3.09,1
2021-11-29,26.75,-80.4,29.0,1,13.5,1
2021-11-29,27.6,-82.5,6.0,1,1.67,1
2021-11-29,27.7,-80.55,4.5,1,5.21,1
2021-11-29,28.05,-82.15,5.9,1,7.130000000000001,2
2021-11-29,28.1,-81.15,6.5,1,18.22,2
2021-11-29,28.35,-82.6,13.0,1,3.58,1
2021-11-29,28.4,-82.45,422.0,4,235.12,5
2021-11-29,28.6,-81.55,29.5,2,13.26,2
2021-11-29,28.7,-82.1,6.2,1,95.78,5
2021-11-29,28.7,-82.05,74.8,1,9.27,1
2021-11-29,29.0,-81.25,10.9,1,9.9,1
2021-11-29,29.1,-82.0,22.4,1,7.31,1
2021-11-29,29.15,-81.4,51.5,1,79.93,6
2021-11-29,29.65,-81.85,9.4,1,2.77,1
2021-11-29,29.9,-84.65,76.4,2,308.15000000000003,5
2021-11-29,29.9,-82.4,95.7,1,68.88,3
2021-11-29,29.9,-81.55,9.2,1,6.18,2
2021-11-29,30.05,-85.35,80.4,3,15.22,2
2021-11-29,30.15,-82.5,24.3,1,4.27,1
2021-11-29,30.2,-83.15,15.1,2,11.98,2
2021-11-29,30.25,-84.4,14.0,1,5.77,1
2021-11-29,30.35,-81.85,28.6,2,6.24,1
2021-11-29,30.45,-83.85,33.5,1,6.0,1
2021-11-29,30.5,-84.95,28.1,2,6.36,1
2021-11-29,30.55,-85.1,23.9,1,26.24,2
2021-11-29,30.6,-86.95,79.6,2,15.58,2
2021-11-30,27.15,-81.75,13.0,1,65.8,3
2021-11-30,27.25,-80.5,8.7,1,13.370000000000001,4
2021-11-30,27.45,-82.1,17.1,1,10.29,1
2021-11-30,28.1,-81.15,159.3,5,7.67,1
2021-11-30,28.2,-81.35,10.7,1,9.48,3
2021-11-30,29.0,-81.3,15.5,1,47.75,2
2021-11-30,29.0,-81.25,84.1,3,0.98,1
2021-11-30,29.15,-81.45,29.5,1,143.93,3
2021-11-30,29.3,-82.45,16.4,1,4.32,1
2021-11-30,29.75,-81.85,33.3,3,15.36,2
2021-11-30,30.05,-85.35,32.6,2,12.73,2
2021-11-30,30.15,-83.3,48.1,3,18.2,3
2021-11-30,30.45,-83.45,11.0,1,2.94,1
2021-11-30,30.6,-86.95,20.3,1,5.76,1
2021-11-30,30.7,-84.95,45.9,3,46.62,2
2021-11-30,30.75,-87.4,131.1,4,54.05,4
2021-11-30,30.75,-85.2,6.3,1,3.9,1
2021-12-01,26.75,-80.4,6.8,1,3.16,1
2021-12-01,26.9,-81.65,23.3,2,15.56,3
2021-12-01,28.6,-81.55,19.3,2,12.18,3
2021-12-01,28.7,-82.1,10.2,1,5.34,2
2021-12-01,28.7,-82.05,10.3,1,6.85,1
2021-12-01,29.05,-82.35,8.4,1,5.46,1
2021-12-01,29.45,-82.85,11.9,1,5.82,1
2021-12-01,29.75,-83.0,9.6,1,1.91,1
2021-12-01,30.05,-85.35,54.8,3,21.14,1
2021-12-01,30.25,-85.25,63.4,4,51.28,4
2021-12-01,30.3,-85.5,15.3,1,37.47,4
2021-12-01,30.35,-86.05,5.3,1,16.56,1
2021-12-01,30.4,-85.9,12.9,1,3.55,1
2021-12-01,30.4,-83.15,6.7,1,12.99,1
2021-12-01,30.5,-85.25,6.5,1,18.83,2
2021-12-01,30.6,-86.95,48.0,2,23.04,2
2021-12-01,30.6,-84.95,7.0,1,11.61,1
2021-12-01,30.6,-81.9,10.7,1,7.68,1
2021-12-01,30.65,-85.3,7.5,1,11.09,2
2021-12-01,30.75,-87.4,253.39999999999998,2,2.75,1
2021-12-01,30.8,-87.55,6.4,1,7.01,1
2021-12-01,30.9,-87.45,13.1,2,5.48,1
2021-12-02,26.1,-81.5,118.0,1,123.69999999999999,8
2021-12-02,26.9,-81.65,180.1,3,6.53,1
2021-12-02,27.5,-80.5,9.4,1,6.31,1
2021-12-02,27.7,-81.45,184.8,3,57.8,4
2021-12-02,27.8,-81.85,11.8,1,112.07999999999998,4
2021-12-02,28.35,-82.6,9.7,1,2.98,1
2021-12-02,28.7,-82.1,45.8,1,29.529999999999998,2
2021-12-02,28.9,-82.2,32.3,1,62.13,5
2021-12-02,29.05,-82.35,6.8,1,3.05,1
2021-12-02,29.3,-82.95,13.0,1,12.81,1
2021-12-02,29.3,-82.3,246.0,4,237.45,7
2021-12-02,29.95,-81.95,19.0,2,19.080000000000002,2
2021-12-02,30.05,-85.35,43.099999999999994,2,26.08,4
2021-12-02,30.15,-83.3,51.400000000000006,3,32.26,3
2021-12-02,30.3,-85.5,6.1,1,54.39,6
2021-12-02,30.6,-86.95,20.4,1,12.309999999999999,2
2021-12-02,30.6,-84.95,5.4,1,33.91,2
2021-12-02,30.65,-85.3,16.2,2,2.71,1
2021-12-02,30.7,-87.2,29.8,1,87.0,3
2021-12-02,30.7,-87.15,12.5,2,333.08,10
2021-12-02,30.95,-85.75,14.8,2,2.45,1
2021-12-03,28.65,-82.1,6.4,1,2.89,2
2021-12-03,28.7,-82.1,8.4,1,2.6,1
2021-12-03,30.05,-85.35,12.7,1,7.2,1
2021-12-03,30.25,-85.5,14.3,1,41.16,4
2021-12-03,30.6,-86.95,20.0,2,7.58,1
2021-12-04,30.6,-86.4,20.2,1,51.18,8
2021-12-05,25.6,-80.5,7.6,1,7.78,2
2021-12-05,30.5,-86.75,25.9,1,2.5,1
2021-12-05,30.5,-86.7,12.1,1,2.77,1
2021-12-05,30.5,-85.95,13.0,1,59.49000000000001,4
2021-12-05,30.6,-86.95,20.9,2,8.27,1
2021-12-06,26.7,-81.85,7.6,1,3.34,1
2021-12-06,27.0,-82.4,7.1,1,2.54,1
2021-12-06,28.05,-82.2,14.700000000000001,2,7.39,1
2021-12-06,28.05,-82.15,5.4,1,6.22,2
2021-12-06,29.3,-82.95,9.1,1,7.16,2
2021-12-06,29.3,-82.3,23.3,1,36.4,2
2021-12-07,26.2,-80.9,6.6,1,9.61,1
2021-12-07,27.6,-81.95,16.7,1,36.06,3
2021-12-08,26.75,-80.35,70.2,3,20.28,3
2021-12-08,26.85,-81.65,135.0,5,20.07,2
2021-12-08,26.85,-81.6,66.9,1,6.48,1
2021-12-08,27.6,-82.45,13.7,1,2.69,1
2021-12-08,27.85,-81.8,98.3,2,41.03,7
2021-12-08,27.95,-81.4,64.7,1,56.16,3
2021-12-08,28.05,-82.2,15.7,2,4.41,1
2021-12-08,28.2,-81.35,16.0,2,17.96,4
2021-12-08,28.7,-81.85,35.4,1,12.33,4
2021-12-08,28.9,-81.65,17.5,2,2.8,1
2021-12-08,29.55,-81.3,10.0,2,4.49,1
2021-12-09,28.45,-81.25,7.2,1,1.86,1
2021-12-09,28.7,-82.05,5.5,1,2.79,3
2021-12-10,26.7,-81.95,10.9,1,4.83,1
2021-12-10,29.65,-82.95,6.3,1,5.65,1
2021-12-10,29.65,-82.9,6.6,1,5.61,1
2021-12-11,29.55,-81.3,5.9,1,6.09,2
2021-12-11,30.05,-81.45,6.0,1,1.44,1
2021-12-13,28.05,-82.2,13.8,2,3.98,1
2021-12-13,28.35,-82.6,20.3,1,5.93,2
2021-12-13,28.7,-81.85,17.0,1,25.259999999999998,2
2021-12-13,28.85,-82.2,29.9,2,3.69,1
2021-12-14,25.9,-81.45,33.9,2,54.18,9
2021-12-14,25.9,-81.0,37.4,2,4.08,1
2021-12-14,28.6,-80.75,10.8,1,198.08999999999997,4
2021-12-14,28.75,-82.45,50.1,2,2.63,1
2021-12-14,28.85,-82.25,95.3,2,10.3,2
2021-12-14,28.9,-82.25,9.1,1,11.96,1
2021-12-14,30.05,-85.35,46.0,1,19.54,1
2021-12-14,30.45,-85.2,21.5,2,15.24,3
2021-12-14,30.45,-85.15,13.9,1,26.82,2
2021-12-14,30.45,-83.85,101.8,4,34.28,6
2021-12-14,30.7,-81.65,31.200000000000003,2,31.39,6
2021-12-15,26.85,-81.6,5.0,1,29.06,7
2021-12-15,29.0,-82.2,8.9,1,4.14,1
2021-12-15,29.1,-82.3,36.2,1,0.89,1
2021-12-15,29.1,-82.25,8.1,1,0.71,1
2021-12-15,29.95,-81.4,7.1,1,1.58,1
2021-12-15,30.0,-85.35,10.8,1,1.52,1
2021-12-15,30.0,-83.65,12.6,1,7.75,2
2021-12-15,30.45,-85.15,65.8,2,49.24,3
2021-12-15,30.5,-85.3,12.5,1,15.52,3
2021-12-15,30.6,-86.75,23.3,1,45.94,5
2021-12-16,26.65,-80.65,44.6,2,12.47,1
2021-12-16,26.85,-81.85,72.4,1,148.08999999999997,5
2021-12-17,27.1,-82.35,29.7,1,8.19,1
2021-12-17,27.15,-82.35,38.7,1,8.780000000000001,2
2021-12-17,27.5,-80.5,48.599999999999994,2,3.92,2
2021-12-17,28.1,-82.1,12.1,1,13.43,2
2021-12-17,28.6,-81.55,12.6,1,7.8,2
2021-12-17,28.65,-82.25,19.1,2,4.83,1
2021-12-17,29.1,-81.5,210.60000000000002,3,42.88,7
2021-12-17,29.15,-81.5,16.8,1,63.980000000000004,4
2021-12-22,26.25,-80.9,73.7,2,38.39,7
2021-12-22,26.4,-81.1,4.9,1,4.17,1
2021-12-22,26.75,-80.4,52.5,1,30.32,2
2021-12-22,27.8,-82.1,9.100000000000001,2,8.47,3
2021-12-22,28.7,-81.85,6.9,1,4.77,1
2021-12-22,30.45,-85.2,11.4,1,1.75,1
2021-12-23,26.8,-81.65,280.6,3,97.13,8
2021-12-23,26.85,-81.65,27.0,1,24.14,2
2021-12-23,27.65,-81.9,27.5,2,16.32,2
2021-12-23,28.05,-82.15,6.6,1,6.95,1
2021-12-23,28.9,-82.25,14.6,1,19.4,5
2021-12-23,30.35,-85.25,136.5,2,86.13999999999999,3
2021-12-23,30.45,-83.15,8.8,1,4.09,1
2021-12-23,30.85,-85.15,16.2,1,8.67,1
2021-12-24,26.7,-81.85,5.6,1,1.82,1
2021-12-24,30.8,-87.1,12.2,2,16.61,3
2021-12-25,26.45,-80.95,99.1,1,43.3,3
2021-12-26,26.55,-80.8,10.7,1,4.81,1
2021-12-26,27.5,-80.5,12.0,1,9.4,1
2021-12-26,30.35,-85.2,8.0,1,7.32,1
2021-12-26,30.45,-85.15,17.299999999999997,2,5.6899999999999995,2
2021-12-26,30.45,-83.35,38.5,2,66.6,4
2021-12-26,30.7,-84.8,10.3,1,7.81,1
2021-12-26,30.95,-86.15,5.5,1,3.73,1
2021-12-26,30.95,-86.1,7.9,1,3.52,1
2021-12-27,27.55,-81.9,10.8,1,55.16,1
2021-12-28,27.5,-82.05,30.9,1,8.52,1
2021-12-28,28.05,-82.15,5.2,1,12.260000000000002,4
2021-12-28,28.35,-82.6,6.6,1,4.52,1
2021-12-28,28.35,-82.45,17.799999999999997,2,33.86,2
2021-12-28,28.65,-82.05,29.0,1,52.519999999999996,2
2021-12-28,29.0,-81.3,6.9,1,8.96,2
2021-12-28,29.75,-83.0,5.2,1,6.88,1
2021-12-28,29.85,-82.9,11.8,2,6.59,1
2021-12-28,30.25,-85.75,4.6,1,13.69,1
2021-12-28,30.25,-82.75,5.8,1,4.29,1
2021-12-29,26.7,-81.95,7.8,1,3.13,1
2021-12-29,26.8,-81.7,230.2,2,5.48,1
2021-12-29,28.15,-81.1,6.9,1,26.689999999999998,3
2021-12-29,28.35,-82.45,14.0,1,7.54,1
2021-12-29,28.7,-82.05,22.2,1,12.84,1
2021-12-29,28.75,-82.35,11.0,2,4.06,1
2021-12-29,28.85,-82.45,21.7,2,0.24,1
2021-12-29,29.2,-81.45,10.1,1,24.490000000000002,2
2021-12-29,29.55,-81.3,12.7,2,6.53,2
2021-12-30,26.6,-81.0,5.7,1,39.45,5
2021-12-30,26.75,-81.7,19.2,1,12.68,2
2021-12-30,26.9,-81.65,161.5,4,56.55,5
2021-12-30,27.35,-81.05,6.9,1,32.47,5
2021-12-30,27.7,-81.85,12.2,1,93.22,2
2021-12-30,27.75,-81.85,135.3,2,142.89,8
2021-12-30,27.8,-81.1,19.1,2,129.14,5
2021-12-30,27.9,-81.7,6.0,1,12.850000000000001,2
2021-12-30,28.05,-82.15,5.8,1,8.35,2
2021-12-31,26.9,-81.65,18.2,1,35.709999999999994,3
